{
    "0": {
        "0": 0.40921464562416077,
        "1": 0.4036931097507477,
        "2": 0.38778987526893616,
        "3": 0.38503777980804443,
        "4": 0.3850329518318176,
        "5": 0.3842848539352417,
        "6": 0.38345009088516235,
        "7": 0.38257861137390137,
        "8": 0.3820229768753052,
        "9": 0.37709149718284607
    },
    "16": {
        "0": 0.39298486709594727,
        "1": 0.3868076205253601,
        "2": 0.3804177939891815,
        "3": 0.3767651915550232,
        "4": 0.3763560950756073,
        "5": 0.375796914100647,
        "6": 0.37185633182525635,
        "7": 0.3708435297012329,
        "8": 0.3697339594364166,
        "9": 0.36598140001296997
    },
    "32": {
        "0": 0.39482641220092773,
        "1": 0.3897816240787506,
        "2": 0.3801731467247009,
        "3": 0.3780563473701477,
        "4": 0.37721794843673706,
        "5": 0.3754052519798279,
        "6": 0.3748994767665863,
        "7": 0.37459033727645874,
        "8": 0.3710708022117615,
        "9": 0.36978617310523987
    },
    "48": {
        "0": 0.3921924829483032,
        "1": 0.3862822353839874,
        "2": 0.3755609095096588,
        "3": 0.3717627227306366,
        "4": 0.37167948484420776,
        "5": 0.3692890703678131,
        "6": 0.36915379762649536,
        "7": 0.36914172768592834,
        "8": 0.36637082695961,
        "9": 0.36521562933921814
    },
    "64": {
        "0": 0.3939826190471649,
        "1": 0.3877906799316406,
        "2": 0.37755292654037476,
        "3": 0.37638700008392334,
        "4": 0.3738519549369812,
        "5": 0.3722784221172333,
        "6": 0.3679788410663605,
        "7": 0.36674371361732483,
        "8": 0.3666960299015045,
        "9": 0.36266809701919556
    },
    "80": {
        "0": 0.39644673466682434,
        "1": 0.38966938853263855,
        "2": 0.38008788228034973,
        "3": 0.37880221009254456,
        "4": 0.3768494725227356,
        "5": 0.3755902647972107,
        "6": 0.369120329618454,
        "7": 0.3681824207305908,
        "8": 0.3666943907737732,
        "9": 0.36548319458961487
    },
    "96": {
        "0": 0.4022110104560852,
        "1": 0.39447805285453796,
        "2": 0.3811691701412201,
        "3": 0.38101667165756226,
        "4": 0.3803706765174866,
        "5": 0.3797156512737274,
        "6": 0.3732573091983795,
        "7": 0.37322503328323364,
        "8": 0.3725316524505615,
        "9": 0.37097442150115967
    },
    "112": {
        "0": 0.40309208631515503,
        "1": 0.39700156450271606,
        "2": 0.380514919757843,
        "3": 0.38005849719047546,
        "4": 0.37810006737709045,
        "5": 0.3757692873477936,
        "6": 0.374430775642395,
        "7": 0.3711344599723816,
        "8": 0.3707176148891449,
        "9": 0.37013065814971924
    },
    "128": {
        "0": 0.3864968419075012,
        "1": 0.3784022927284241,
        "2": 0.36771243810653687,
        "3": 0.3665023148059845,
        "4": 0.363045871257782,
        "5": 0.36121368408203125,
        "6": 0.36119046807289124,
        "7": 0.3568635582923889,
        "8": 0.3557813763618469,
        "9": 0.35481593012809753
    },
    "144": {
        "0": 0.40359970927238464,
        "1": 0.3988781273365021,
        "2": 0.38747933506965637,
        "3": 0.38309237360954285,
        "4": 0.38077232241630554,
        "5": 0.379694402217865,
        "6": 0.37352675199508667,
        "7": 0.3709229528903961,
        "8": 0.36931130290031433,
        "9": 0.36915236711502075
    },
    "160": {
        "0": 0.4041747748851776,
        "1": 0.4003980755805969,
        "2": 0.3834356665611267,
        "3": 0.3801873028278351,
        "4": 0.37851205468177795,
        "5": 0.3762872815132141,
        "6": 0.37195253372192383,
        "7": 0.37152040004730225,
        "8": 0.37047648429870605,
        "9": 0.36988526582717896
    },
    "176": {
        "0": 0.38501355051994324,
        "1": 0.38102656602859497,
        "2": 0.3700215220451355,
        "3": 0.3676912486553192,
        "4": 0.3672241270542145,
        "5": 0.3668368458747864,
        "6": 0.3616195321083069,
        "7": 0.3614910840988159,
        "8": 0.361035019159317,
        "9": 0.3596457839012146
    },
    "192": {
        "0": 0.3714630603790283,
        "1": 0.36441341042518616,
        "2": 0.3618372082710266,
        "3": 0.3610546290874481,
        "4": 0.3595849275588989,
        "5": 0.35925254225730896,
        "6": 0.3585987091064453,
        "7": 0.3585120141506195,
        "8": 0.3563271164894104,
        "9": 0.35425618290901184
    },
    "208": {
        "0": 0.3956475257873535,
        "1": 0.3932276964187622,
        "2": 0.3915570378303528,
        "3": 0.3886010944843292,
        "4": 0.3834913671016693,
        "5": 0.3834684491157532,
        "6": 0.3788659870624542,
        "7": 0.37868088483810425,
        "8": 0.37787410616874695,
        "9": 0.3773881793022156
    },
    "224": {
        "0": 0.4009825885295868,
        "1": 0.3957168161869049,
        "2": 0.37780269980430603,
        "3": 0.3776417374610901,
        "4": 0.3774421811103821,
        "5": 0.3771865963935852,
        "6": 0.37654560804367065,
        "7": 0.3732568323612213,
        "8": 0.3701574504375458,
        "9": 0.3690904676914215
    },
    "240": {
        "0": 0.3943272531032562,
        "1": 0.3882406949996948,
        "2": 0.3740689158439636,
        "3": 0.37219715118408203,
        "4": 0.37143710255622864,
        "5": 0.3703218996524811,
        "6": 0.37010908126831055,
        "7": 0.36643844842910767,
        "8": 0.3664339482784271,
        "9": 0.366364061832428
    },
    "256": {
        "0": 0.402849942445755,
        "1": 0.3971444070339203,
        "2": 0.37873634696006775,
        "3": 0.3781547248363495,
        "4": 0.37737032771110535,
        "5": 0.3769964277744293,
        "6": 0.37568187713623047,
        "7": 0.37224212288856506,
        "8": 0.37098824977874756,
        "9": 0.37003445625305176
    },
    "272": {
        "0": 0.41066381335258484,
        "1": 0.4067484736442566,
        "2": 0.38935157656669617,
        "3": 0.38627880811691284,
        "4": 0.3853650689125061,
        "5": 0.38517680764198303,
        "6": 0.3821223974227905,
        "7": 0.37892022728919983,
        "8": 0.3788595497608185,
        "9": 0.3779996931552887
    },
    "288": {
        "0": 0.4061369001865387,
        "1": 0.4002153277397156,
        "2": 0.3790874481201172,
        "3": 0.37814536690711975,
        "4": 0.37793007493019104,
        "5": 0.3775166869163513,
        "6": 0.375723272562027,
        "7": 0.37314140796661377,
        "8": 0.37162986397743225,
        "9": 0.369501531124115
    },
    "304": {
        "0": 0.4036267101764679,
        "1": 0.40072116255760193,
        "2": 0.3861756920814514,
        "3": 0.3858466148376465,
        "4": 0.3842798173427582,
        "5": 0.3832140862941742,
        "6": 0.38185614347457886,
        "7": 0.3813695013523102,
        "8": 0.37645021080970764,
        "9": 0.3756703734397888
    },
    "320": {
        "0": 0.39450663328170776,
        "1": 0.38994157314300537,
        "2": 0.37603452801704407,
        "3": 0.3745676577091217,
        "4": 0.37399640679359436,
        "5": 0.3724387586116791,
        "6": 0.37239310145378113,
        "7": 0.3719130754470825,
        "8": 0.37055081129074097,
        "9": 0.3662348985671997
    },
    "336": {
        "0": 0.38302522897720337,
        "1": 0.3793724775314331,
        "2": 0.3775205910205841,
        "3": 0.3713638484477997,
        "4": 0.3669646978378296,
        "5": 0.3653777241706848,
        "6": 0.365035742521286,
        "7": 0.362973690032959,
        "8": 0.36293092370033264,
        "9": 0.3619210720062256
    },
    "352": {
        "0": 0.3811481297016144,
        "1": 0.37518787384033203,
        "2": 0.37465569376945496,
        "3": 0.36993417143821716,
        "4": 0.36788618564605713,
        "5": 0.36454638838768005,
        "6": 0.3636588454246521,