{
    "0": {
        "0": 0.3651319742202759,
        "1": 0.3622981905937195,
        "2": 0.361023873090744,
        "3": 0.3598988354206085,
        "4": 0.35803481936454773,
        "5": 0.3555150628089905,
        "6": 0.35541340708732605,
        "7": 0.3552505373954773,
        "8": 0.35471150279045105,
        "9": 0.35426944494247437
    },
    "16": {
        "0": 0.36813145875930786,
        "1": 0.3671589195728302,
        "2": 0.3650703430175781,
        "3": 0.3635866045951843,
        "4": 0.36288097500801086,
        "5": 0.3628731071949005,
        "6": 0.36093074083328247,
        "7": 0.35984811186790466,
        "8": 0.35899555683135986,
        "9": 0.3583410680294037
    },
    "32": {
        "0": 0.3615121841430664,
        "1": 0.3614666759967804,
        "2": 0.36102554202079773,
        "3": 0.3599001467227936,
        "4": 0.3577979505062103,
        "5": 0.3566467761993408,
        "6": 0.356197714805603,
        "7": 0.3558630347251892,
        "8": 0.3550458550453186,
        "9": 0.35454708337783813
    },
    "48": {
        "0": 0.36428162455558777,
        "1": 0.3632032573223114,
        "2": 0.36232203245162964,
        "3": 0.3607070744037628,
        "4": 0.3584584593772888,
        "5": 0.35697612166404724,
        "6": 0.35677292943000793,
        "7": 0.3564286530017853,
        "8": 0.35624659061431885,
        "9": 0.3556610345840454
    },
    "64": {
        "0": 0.3669579029083252,
        "1": 0.36560922861099243,
        "2": 0.3639965355396271,
        "3": 0.36238911747932434,
        "4": 0.36226633191108704,
        "5": 0.36044949293136597,
        "6": 0.3601612150669098,
        "7": 0.3590293824672699,
        "8": 0.35860493779182434,
        "9": 0.35681214928627014
    },
    "80": {
        "0": 0.36568430066108704,
        "1": 0.36399221420288086,
        "2": 0.3639519512653351,
        "3": 0.3635503351688385,
        "4": 0.3618660271167755,
        "5": 0.3605499863624573,
        "6": 0.36030539870262146,
        "7": 0.35977140069007874,
        "8": 0.35809189081192017,
        "9": 0.35793158411979675
    },
    "96": {
        "0": 0.3616873621940613,
        "1": 0.361178457736969,
        "2": 0.3600504398345947,
        "3": 0.3595360219478607,
        "4": 0.3586992025375366,
        "5": 0.35719186067581177,
        "6": 0.3551998436450958,
        "7": 0.3550460636615753,
        "8": 0.3545463979244232,
        "9": 0.35329270362854004
    },
    "112": {
        "0": 0.3629576861858368,
        "1": 0.3620698153972626,
        "2": 0.3619970381259918,
        "3": 0.36189213395118713,
        "4": 0.361604779958725,
        "5": 0.3588089048862457,
        "6": 0.35757407546043396,
        "7": 0.3565559685230255,
        "8": 0.35638171434402466,
        "9": 0.35581403970718384
    },
    "128": {
        "0": 0.36118265986442566,
        "1": 0.3595287501811981,
        "2": 0.358693391084671,
        "3": 0.35779285430908203,
        "4": 0.3571552634239197,
        "5": 0.35645705461502075,
        "6": 0.35616010427474976,
        "7": 0.3549154996871948,
        "8": 0.35398250818252563,
        "9": 0.35137560963630676
    },
    "144": {
        "0": 0.36057916283607483,
        "1": 0.3602907955646515,
        "2": 0.36001119017601013,
        "3": 0.35832327604293823,
        "4": 0.35774901509284973,
        "5": 0.3552519679069519,
        "6": 0.35432660579681396,
        "7": 0.35408511757850647,
        "8": 0.3540097773075104,
        "9": 0.3531853258609772
    },
    "160": {
        "0": 0.3617919981479645,
        "1": 0.3615894317626953,
        "2": 0.3615177273750305,
        "3": 0.3614250123500824,
        "4": 0.3606058657169342,
        "5": 0.3567652702331543,
        "6": 0.3565375506877899,
        "7": 0.35593244433403015,
        "8": 0.35536131262779236,
        "9": 0.3525789976119995
    },
    "176": {
        "0": 0.3640926778316498,
        "1": 0.3622622787952423,
        "2": 0.3622021973133087,
        "3": 0.36142581701278687,
        "4": 0.3614227771759033,
        "5": 0.35959112644195557,
        "6": 0.35949406027793884,
        "7": 0.3570726811885834,
        "8": 0.35592079162597656,
        "9": 0.35434019565582275
    },
    "192": {
        "0": 0.36181867122650146,
        "1": 0.3525995910167694,
        "2": 0.3524893522262573,
        "3": 0.35242772102355957,
        "4": 0.35113412141799927,
        "5": 0.3499528169631958,
        "6": 0.34838956594467163,
        "7": 0.34733712673187256,
        "8": 0.34662356972694397,
        "9": 0.34550678730010986
    },
    "208": {
        "0": 0.36029312014579773,
        "1": 0.3508665859699249,
        "2": 0.35070377588272095,
        "3": 0.3487727642059326,
        "4": 0.3480295240879059,
        "5": 0.346101850271225,
        "6": 0.3451763689517975,
        "7": 0.34499672055244446,
        "8": 0.3443557918071747,
        "9": 0.3431588411331177
    },
    "224": {
        "0": 0.36448195576667786,
        "1": 0.3628210425376892,
        "2": 0.36253103613853455,
        "3": 0.360981285572052,
        "4": 0.3605283200740814,
        "5": 0.3598801791667938,
        "6": 0.35904061794281006,
        "7": 0.3589121997356415,
        "8": 0.3578758239746094,
        "9": 0.35567665100097656
    },
    "240": {
        "0": 0.36279401183128357,
        "1": 0.36073702573776245,
        "2": 0.36068281531333923,
        "3": 0.3594806492328644,
        "4": 0.35914844274520874,
        "5": 0.35757896304130554,
        "6": 0.3555057942867279,
        "7": 0.35511186718940735,
        "8": 0.35433492064476013,
        "9": 0.3514772355556488
    },
    "256": {
        "0": 0.36561715602874756,
        "1": 0.36460769176483154,
        "2": 0.3629390597343445,
        "3": 0.36291787028312683,
        "4": 0.36251717805862427,
        "5": 0.3607045114040375,
        "6": 0.3602500557899475,
        "7": 0.3597162067890167,
        "8": 0.3580968976020813,
        "9": 0.35361841320991516
    },
    "272": {
        "0": 0.3635343313217163,
        "1": 0.3626036047935486,
        "2": 0.36183926463127136,
        "3": 0.36100655794143677,
        "4": 0.35911718010902405,
        "5": 0.35829323530197144,
        "6": 0.35808801651000977,
        "7": 0.35706406831741333,
        "8": 0.3561401665210724,
        "9": 0.34990808367729187
    },
    "288": {
        "0": 0.36449190974235535,
        "1": 0.3634375035762787,
        "2": 0.36313700675964355,
        "3": 0.3616417646408081,
        "4": 0.3616032302379608,
        "5": 0.35947751998901367,
        "6": 0.35896939039230347,
        "7": 0.35816890001296997,
        "8": 0.3564263582229614,
        "9": 0.3524765968322754
    },
    "304": {
        "0": 0.3640238642692566,
        "1": 0.36397799849510193,
        "2": 0.36257028579711914,
        "3": 0.3619258403778076,
        "4": 0.360307902097702,
        "5": 0.3600592315196991,
        "6": 0.3587574064731598,
        "7": 0.3587103486061096,
        "8": 0.35744205117225647,
        "9": 0.3564501702785492
    },
    "320": {
        "0": 0.36262279748916626,
        "1": 0.35929372906684875,
        "2": 0.35884562134742737,
        "3": 0.3584824502468109,
        "4": 0.3584612011909485,
        "5": 0.35572370886802673,
        "6": 0.3555396497249603,
        "7": 0.354827344417572,
        "8": 0.35222193598747253,
        "9": 0.350755900144577
    },
    "336": {
        "0": 0.37342172861099243,
        "1": 0.3695831894874573,
        "2": 0.3691858649253845,
        "3": 0.36798927187919617,
        "4": 0.3664444386959076,
        "5": 0.36404624581336975,
        "6": 0.3618033528327942,
        "7": 0.36105284094810486,
        "8": 0.35818132758140564,
        "9": 0.3549400866031647
    },
    "352": {
        "0": 0.3517909646034241,
        "1": 0.35041168332099915,
        "2": 0.35037994384765625,
        "3": 0.3503391146659851,
        "4": 0.35011422634124756,
        "5": 0.34832963347435,