{
    "0": {
        "0": 0.3635748326778412,
        "1": 0.3624555170536041,
        "2": 0.35300442576408386,
        "3": 0.35187575221061707,
        "4": 0.34987470507621765,
        "5": 0.34968891739845276,
        "6": 0.3459213376045227,
        "7": 0.34325069189071655,
        "8": 0.34228068590164185,
        "9": 0.33849984407424927
    },
    "16": {
        "0": 0.3651070296764374,
        "1": 0.3649018406867981,
        "2": 0.35441166162490845,
        "3": 0.3537639081478119,
        "4": 0.35136696696281433,
        "5": 0.35110345482826233,
        "6": 0.3474704325199127,
        "7": 0.3452463746070862,
        "8": 0.34385427832603455,
        "9": 0.34000349044799805
    },
    "32": {
        "0": 0.36088719964027405,
        "1": 0.35921457409858704,
        "2": 0.3485155999660492,
        "3": 0.3472597897052765,
        "4": 0.3455179035663605,
        "5": 0.34458068013191223,
        "6": 0.34092575311660767,
        "7": 0.3384326696395874,
        "8": 0.3372713029384613,
        "9": 0.33324307203292847
    },
    "48": {
        "0": 0.358817458152771,
        "1": 0.3587096333503723,
        "2": 0.34902310371398926,
        "3": 0.34810444712638855,
        "4": 0.34625184535980225,
        "5": 0.345993310213089,
        "6": 0.3429364562034607,
        "7": 0.3391093611717224,
        "8": 0.3387684226036072,
        "9": 0.33363938331604004
    },
    "64": {
        "0": 0.3590939939022064,
        "1": 0.35687610507011414,
        "2": 0.34857743978500366,
        "3": 0.3477981686592102,
        "4": 0.34526708722114563,
        "5": 0.3446906507015228,
        "6": 0.3433799743652344,
        "7": 0.33822402358055115,
        "8": 0.3372010588645935,
        "9": 0.3321727216243744
    },
    "80": {
        "0": 0.36143720149993896,
        "1": 0.3571396768093109,
        "2": 0.35006165504455566,
        "3": 0.348031610250473,
        "4": 0.34597694873809814,
        "5": 0.34491950273513794,
        "6": 0.3405003845691681,
        "7": 0.3386935591697693,
        "8": 0.33741822838783264,
        "9": 0.3331722021102905
    },
    "96": {
        "0": 0.3659607172012329,
        "1": 0.36590978503227234,
        "2": 0.35765841603279114,
        "3": 0.3559021055698395,
        "4": 0.3551982343196869,
        "5": 0.35484614968299866,
        "6": 0.3533385992050171,
        "7": 0.35247620940208435,
        "8": 0.3512638807296753,
        "9": 0.34696319699287415
    },
    "112": {
        "0": 0.3662136197090149,
        "1": 0.3632069230079651,
        "2": 0.35708871483802795,
        "3": 0.35437828302383423,
        "4": 0.3518865406513214,
        "5": 0.35185521841049194,
        "6": 0.3495526611804962,
        "7": 0.3487212657928467,
        "8": 0.34584638476371765,
        "9": 0.3427065908908844
    },
    "128": {
        "0": 0.3706156611442566,
        "1": 0.36926335096359253,
        "2": 0.3609294891357422,
        "3": 0.3596612811088562,
        "4": 0.35703736543655396,
        "5": 0.3551935851573944,
        "6": 0.35479724407196045,
        "7": 0.35281091928482056,
        "8": 0.348029226064682,
        "9": 0.34711918234825134
    },
    "144": {
        "0": 0.3740631639957428,
        "1": 0.36768510937690735,
        "2": 0.36494654417037964,
        "3": 0.36162081360816956,
        "4": 0.3574252128601074,
        "5": 0.35604339838027954,
        "6": 0.3542419672012329,
        "7": 0.35267022252082825,
        "8": 0.3508623242378235,
        "9": 0.3476000130176544
    },
    "160": {
        "0": 0.3532786965370178,
        "1": 0.3459886312484741,
        "2": 0.34498727321624756,
        "3": 0.34101584553718567,
        "4": 0.3355448246002197,
        "5": 0.3346480131149292,
        "6": 0.33333665132522583,
        "7": 0.3306533992290497,
        "8": 0.33059224486351013,
        "9": 0.3278263509273529
    },
    "176": {
        "0": 0.3453556001186371,
        "1": 0.3399110734462738,
        "2": 0.33724966645240784,
        "3": 0.3338836431503296,
        "4": 0.3292039930820465,
        "5": 0.32805201411247253,
        "6": 0.32662689685821533,
        "7": 0.32443681359291077,
        "8": 0.32394254207611084,
        "9": 0.3204006552696228
    },
    "192": {
        "0": 0.35099828243255615,
        "1": 0.34634146094322205,
        "2": 0.34198078513145447,
        "3": 0.33995047211647034,
        "4": 0.33373934030532837,
        "5": 0.33373045921325684,
        "6": 0.3320883810520172,
        "7": 0.33005422353744507,
        "8": 0.32981643080711365,
        "9": 0.3279123604297638
    },
    "208": {
        "0": 0.3412697911262512,
        "1": 0.33766549825668335,
        "2": 0.33301350474357605,
        "3": 0.32982784509658813,
        "4": 0.3254116475582123,
        "5": 0.32519757747650146,
        "6": 0.3220551013946533,
        "7": 0.32121533155441284,
        "8": 0.32051268219947815,
        "9": 0.320309579372406
    },
    "224": {
        "0": 0.3586650490760803,
        "1": 0.35318493843078613,
        "2": 0.35038232803344727,
        "3": 0.3465205132961273,
        "4": 0.34332865476608276,
        "5": 0.34183555841445923,
        "6": 0.3395501375198364,
        "7": 0.33733439445495605,
        "8": 0.33589446544647217,
        "9": 0.3319777548313141
    },
    "240": {
        "0": 0.3711823523044586,
        "1": 0.36576467752456665,
        "2": 0.36422038078308105,
        "3": 0.3592979907989502,
        "4": 0.35640257596969604,
        "5": 0.3537878692150116,
        "6": 0.35163816809654236,
        "7": 0.350618839263916,
        "8": 0.3486552834510803,
        "9": 0.34407874941825867
    },
    "256": {
        "0": 0.3551948368549347,
        "1": 0.3526535928249359,
        "2": 0.3457590937614441,
        "3": 0.34471219778060913,
        "4": 0.34459611773490906,
        "5": 0.3432117998600006,
        "6": 0.34279105067253113,
        "7": 0.3324190378189087,
        "8": 0.3317156136035919,
        "9": 0.33105117082595825
    },
    "272": {
        "0": 0.352369487285614,
        "1": 0.3465046286582947,
        "2": 0.34189239144325256,
        "3": 0.3385360836982727,
        "4": 0.3348188102245331,
        "5": 0.3347763419151306,
        "6": 0.3302289545536041,
        "7": 0.3302040994167328,
        "8": 0.3281826972961426,
        "9": 0.32703232765197754
    },
    "288": {
        "0": 0.36660507321357727,
        "1": 0.3624289035797119,
        "2": 0.35405677556991577,
        "3": 0.35382282733917236,
        "4": 0.3505871891975403,
        "5": 0.34990763664245605,
        "6": 0.34514912962913513,
        "7": 0.34347835183143616,
        "8": 0.34106338024139404,
        "9": 0.3394257128238678
    },
    "304": {
        "0": 0.35820358991622925,
        "1": 0.3533935248851776,
        "2": 0.3476595878601074,
        "3": 0.3458528220653534,
        "4": 0.3457997441291809,
        "5": 0.34544456005096436,
        "6": 0.3398757576942444,
        "7": 0.33686280250549316,
        "8": 0.33539721369743347,
        "9": 0.3301175832748413
    },
    "320": {
        "0": 0.35558071732521057,
        "1": 0.35111719369888306,
        "2": 0.34516799449920654,
        "3": 0.3439972698688507,
        "4": 0.3431287109851837,
        "5": 0.34249651432037354,
        "6": 0.3386076092720032,
        "7": 0.3331490755081177,
        "8": 0.3327864110469818,
        "9": 0.32921430468559265
    },
    "336": {
        "0": 0.36101141571998596,
        "1": 0.35969242453575134,
        "2": 0.3526291847229004,
        "3": 0.3497178256511688,
        "4": 0.34781110286712646,
        "5": 0.34609490633010864,
        "6": 0.34271302819252014,
        "7": 0.3416415750980377,
        "8": 0.3410014808177948,
        "9": 0.33822518587112427
    },
    "352": {
        "0": 0.3597506582736969,
        "1": 0.3592437207698822,
        "2": 0.35096365213394165,
        "3": 0.34902316331863403,
        "4": 0.3454045057296753,
        "5": 0.3445245623588562,