{
    "0": {
        "0": 0.3859626054763794,
        "1": 0.3781870901584625,
        "2": 0.3733748495578766,
        "3": 0.3643478453159332,
        "4": 0.3539005517959595,
        "5": 0.352321982383728,
        "6": 0.3518868386745453,
        "7": 0.3482980728149414,
        "8": 0.3478810489177704,
        "9": 0.34560084342956543
    },
    "16": {
        "0": 0.3825967013835907,
        "1": 0.37344393134117126,
        "2": 0.3704943358898163,
        "3": 0.3607179522514343,
        "4": 0.3505368232727051,
        "5": 0.3490016460418701,
        "6": 0.3489791452884674,
        "7": 0.3452230393886566,
        "8": 0.34477582573890686,
        "9": 0.34253284335136414
    },
    "32": {
        "0": 0.38432183861732483,
        "1": 0.37524092197418213,
        "2": 0.3708064556121826,
        "3": 0.3618324398994446,
        "4": 0.35178306698799133,
        "5": 0.35083499550819397,
        "6": 0.35024067759513855,
        "7": 0.34666162729263306,
        "8": 0.3453303575515747,
        "9": 0.3431139290332794
    },
    "48": {
        "0": 0.3790890872478485,
        "1": 0.368338942527771,
        "2": 0.36588335037231445,
        "3": 0.3550206422805786,
        "4": 0.3461407423019409,
        "5": 0.3451681137084961,
        "6": 0.34489718079566956,
        "7": 0.3415909707546234,
        "8": 0.33957329392433167,
        "9": 0.3389294743537903
    },
    "64": {
        "0": 0.3768974244594574,
        "1": 0.36695244908332825,
        "2": 0.36580169200897217,
        "3": 0.3554600477218628,
        "4": 0.3467683792114258,
        "5": 0.3453529477119446,
        "6": 0.3451075851917267,
        "7": 0.3418533205986023,
        "8": 0.33900579810142517,
        "9": 0.3381813168525696
    },
    "80": {
        "0": 0.3813878297805786,
        "1": 0.3715299963951111,
        "2": 0.36878544092178345,
        "3": 0.35828131437301636,
        "4": 0.3487522304058075,
        "5": 0.34777384996414185,
        "6": 0.3474101722240448,
        "7": 0.3440709412097931,
        "8": 0.34299522638320923,
        "9": 0.3405434787273407
    },
    "96": {
        "0": 0.37695929408073425,
        "1": 0.3665618896484375,
        "2": 0.3637804388999939,
        "3": 0.35323140025138855,
        "4": 0.3435859978199005,
        "5": 0.34235626459121704,
        "6": 0.3421415388584137,
        "7": 0.3385842740535736,
        "8": 0.33838891983032227,
        "9": 0.33683645725250244
    },
    "112": {
        "0": 0.38572078943252563,
        "1": 0.3620120584964752,
        "2": 0.3598833978176117,
        "3": 0.3592741787433624,
        "4": 0.35844093561172485,
        "5": 0.35528257489204407,
        "6": 0.35491666197776794,
        "7": 0.348376989364624,
        "8": 0.3447116017341614,
        "9": 0.3438585698604584
    },
    "128": {
        "0": 0.3881491720676422,
        "1": 0.3487623631954193,
        "2": 0.3480829894542694,
        "3": 0.34408140182495117,
        "4": 0.34209296107292175,
        "5": 0.3420678675174713,
        "6": 0.3411528468132019,
        "7": 0.3381519317626953,
        "8": 0.3362608253955841,
        "9": 0.3305663466453552
    },
    "144": {
        "0": 0.41272249817848206,
        "1": 0.37901702523231506,
        "2": 0.3706194758415222,
        "3": 0.36591285467147827,
        "4": 0.36588016152381897,
        "5": 0.36293143033981323,
        "6": 0.36181843280792236,
        "7": 0.3582671880722046,
        "8": 0.3561738431453705,
        "9": 0.35074272751808167
    },
    "160": {
        "0": 0.3958110809326172,
        "1": 0.3653937876224518,
        "2": 0.35204437375068665,
        "3": 0.3467296361923218,
        "4": 0.3452211022377014,
        "5": 0.340045690536499,
        "6": 0.33578601479530334,
        "7": 0.3339673578739166,
        "8": 0.33151835203170776,
        "9": 0.3314540684223175
    },
    "176": {
        "0": 0.4146801233291626,
        "1": 0.39882710576057434,
        "2": 0.3786744773387909,
        "3": 0.3684707283973694,
        "4": 0.36775997281074524,
        "5": 0.36227038502693176,
        "6": 0.36168837547302246,
        "7": 0.3583182096481323,
        "8": 0.35550710558891296,
        "9": 0.3504403531551361
    },
    "192": {
        "0": 0.4019569754600525,
        "1": 0.3719528615474701,
        "2": 0.36796391010284424,
        "3": 0.3581446409225464,
        "4": 0.3576202392578125,
        "5": 0.3492717444896698,
        "6": 0.3483884632587433,
        "7": 0.3457512855529785,
        "8": 0.34498828649520874,
        "9": 0.34117934107780457
    },
    "208": {
        "0": 0.40971839427948,
        "1": 0.3781076669692993,
        "2": 0.36737146973609924,
        "3": 0.36573708057403564,
        "4": 0.3582369387149811,
        "5": 0.35072755813598633,
        "6": 0.3479636609554291,
        "7": 0.3476927578449249,
        "8": 0.34633901715278625,
        "9": 0.34470853209495544
    },
    "224": {
        "0": 0.4041881859302521,
        "1": 0.3661949932575226,
        "2": 0.36367499828338623,
        "3": 0.3562939763069153,
        "4": 0.35496047139167786,
        "5": 0.3489057421684265,
        "6": 0.3468618392944336,
        "7": 0.3464447855949402,
        "8": 0.3461419343948364,
        "9": 0.34290334582328796
    },
    "240": {
        "0": 0.371223509311676,
        "1": 0.3340379297733307,
        "2": 0.32716572284698486,
        "3": 0.3243637681007385,
        "4": 0.32403039932250977,
        "5": 0.3174365162849426,
        "6": 0.3119232654571533,
        "7": 0.31179139018058777,
        "8": 0.31168314814567566,
        "9": 0.31024181842803955
    },
    "256": {
        "0": 0.3807816803455353,
        "1": 0.3528057634830475,
        "2": 0.34740105271339417,
        "3": 0.34478574991226196,
        "4": 0.3428531289100647,
        "5": 0.3427523672580719,
        "6": 0.3427247703075409,
        "7": 0.3405872881412506,
        "8": 0.34023576974868774,
        "9": 0.33936986327171326
    },
    "272": {
        "0": 0.39748963713645935,
        "1": 0.3905088007450104,
        "2": 0.3812268376350403,
        "3": 0.3776324987411499,
        "4": 0.36194363236427307,
        "5": 0.3613146245479584,
        "6": 0.36116620898246765,
        "7": 0.361047625541687,
        "8": 0.35718077421188354,
        "9": 0.3537735939025879
    },
    "288": {
        "0": 0.40534141659736633,
        "1": 0.39381760358810425,
        "2": 0.3578715920448303,
        "3": 0.3576308786869049,
        "4": 0.35271692276000977,
        "5": 0.3505551517009735,
        "6": 0.34230467677116394,
        "7": 0.3418942093849182,
        "8": 0.3389860689640045,
        "9": 0.338934987783432
    },
    "304": {
        "0": 0.40670374035835266,
        "1": 0.39590921998023987,
        "2": 0.3615446388721466,
        "3": 0.3596850335597992,
        "4": 0.35563284158706665,
        "5": 0.35495543479919434,
        "6": 0.34580543637275696,
        "7": 0.3453618586063385,
        "8": 0.3425208628177643,
        "9": 0.3424624800682068
    },
    "320": {
        "0": 0.4059922695159912,
        "1": 0.3939780592918396,
        "2": 0.36152011156082153,
        "3": 0.35898271203041077,
        "4": 0.35627588629722595,
        "5": 0.3561747372150421,
        "6": 0.34563830494880676,
        "7": 0.34430572390556335,
        "8": 0.34245043992996216,
        "9": 0.3423474133014679
    },
    "336": {
        "0": 0.407518595457077,
        "1": 0.39640843868255615,
        "2": 0.3615848422050476,
        "3": 0.36014336347579956,
        "4": 0.3557233214378357,
        "5": 0.3554360270500183,
        "6": 0.3449009358882904,
        "7": 0.3433549106121063,
        "8": 0.34147536754608154,
        "9": 0.3408038318157196
    },
    "352": {
        "0": 0.4006381034851074,
        "1": 0.3884991407394409,
        "2": 0.35526329278945923,
        "3": 0.35451656579971313,
        "4": 0.3514239490032196,
        "5": 0.3512451648712158,
        "6": 0.3396652638912201,