{
    "0": {
        "0": 0.40997040271759033,
        "1": 0.39901965856552124,
        "2": 0.3931158781051636,
        "3": 0.3928341269493103,
        "4": 0.38904982805252075,
        "5": 0.3862646818161011,
        "6": 0.38316190242767334,
        "7": 0.3827592432498932,
        "8": 0.3795168399810791,
        "9": 0.3779919445514679
    },
    "16": {
        "0": 0.3113129436969757,
        "1": 0.3106369078159332,
        "2": 0.30122730135917664,
        "3": 0.2932182550430298,
        "4": 0.28953447937965393,
        "5": 0.2857990562915802,
        "6": 0.27920812368392944,
        "7": 0.2773326635360718,
        "8": 0.2701268792152405,
        "9": 0.26266491413116455
    },
    "32": {
        "0": 0.3378887176513672,
        "1": 0.3374430537223816,
        "2": 0.3371502757072449,
        "3": 0.33126381039619446,
        "4": 0.3304365873336792,
        "5": 0.32601240277290344,
        "6": 0.3247690498828888,
        "7": 0.32393157482147217,
        "8": 0.32184383273124695,
        "9": 0.3163765072822571
    },
    "48": {
        "0": 0.38249993324279785,
        "1": 0.3765767514705658,
        "2": 0.3757787048816681,
        "3": 0.3673582077026367,
        "4": 0.36583423614501953,
        "5": 0.3647228181362152,
        "6": 0.36465317010879517,
        "7": 0.3628596067428589,
        "8": 0.3605777323246002,
        "9": 0.35957953333854675
    },
    "64": {
        "0": 0.3956344425678253,
        "1": 0.38659417629241943,
        "2": 0.38271206617355347,
        "3": 0.381855309009552,
        "4": 0.3753267526626587,
        "5": 0.3707297146320343,
        "6": 0.3659769594669342,
        "7": 0.364327609539032,
        "8": 0.35862383246421814,
        "9": 0.35473740100860596
    },
    "80": {
        "0": 0.4201968014240265,
        "1": 0.4201820492744446,
        "2": 0.4192831814289093,
        "3": 0.409583181142807,
        "4": 0.3966098427772522,
        "5": 0.3903152644634247,
        "6": 0.3898000717163086,
        "7": 0.38584083318710327,
        "8": 0.3857179284095764,
        "9": 0.38444313406944275
    },
    "96": {
        "0": 0.418152391910553,
        "1": 0.41541606187820435,
        "2": 0.40992748737335205,
        "3": 0.3991980254650116,
        "4": 0.3950122594833374,
        "5": 0.38935449719429016,
        "6": 0.3872130513191223,
        "7": 0.3856161832809448,
        "8": 0.3834508955478668,
        "9": 0.38260388374328613
    },
    "112": {
        "0": 0.41590237617492676,
        "1": 0.4128187298774719,
        "2": 0.40427663922309875,
        "3": 0.3933088183403015,
        "4": 0.38925641775131226,
        "5": 0.38543111085891724,
        "6": 0.3837854862213135,
        "7": 0.37919414043426514,
        "8": 0.3781597912311554,
        "9": 0.37784305214881897
    },
    "128": {
        "0": 0.41558343172073364,
        "1": 0.4127984046936035,
        "2": 0.4107453227043152,
        "3": 0.39625316858291626,
        "4": 0.3950890600681305,
        "5": 0.3877740502357483,
        "6": 0.3827887773513794,
        "7": 0.3786547780036926,
        "8": 0.37686213850975037,
        "9": 0.3758191466331482
    },
    "144": {
        "0": 0.4193350672721863,
        "1": 0.4159613251686096,
        "2": 0.41254833340644836,
        "3": 0.39983418583869934,
        "4": 0.3946092426776886,
        "5": 0.3932998478412628,
        "6": 0.3880484104156494,
        "7": 0.3812069892883301,
        "8": 0.3794214129447937,
        "9": 0.3780157268047333
    },
    "160": {
        "0": 0.4878831207752228,
        "1": 0.4785880744457245,
        "2": 0.47572317719459534,
        "3": 0.469546914100647,
        "4": 0.4685541093349457,
        "5": 0.46001479029655457,
        "6": 0.4553866982460022,
        "7": 0.45512306690216064,
        "8": 0.45086193084716797,
        "9": 0.45050886273384094
    },
    "176": {
        "0": 0.4771663546562195,
        "1": 0.46536514163017273,
        "2": 0.46402859687805176,
        "3": 0.45760899782180786,
        "4": 0.4533964693546295,
        "5": 0.4485769271850586,
        "6": 0.44626304507255554,
        "7": 0.44533130526542664,
        "8": 0.4420662820339203,
        "9": 0.43800610303878784
    },
    "192": {
        "0": 0.47754591703414917,
        "1": 0.4638270437717438,
        "2": 0.46197307109832764,
        "3": 0.4592987596988678,
        "4": 0.45323652029037476,
        "5": 0.4503733515739441,
        "6": 0.44869905710220337,
        "7": 0.4475952684879303,
        "8": 0.44099825620651245,
        "9": 0.43317314982414246
    },
    "208": {
        "0": 0.44118788838386536,
        "1": 0.43588531017303467,
        "2": 0.4219617247581482,
        "3": 0.4205901622772217,
        "4": 0.41898223757743835,
        "5": 0.4172576069831848,
        "6": 0.4139433205127716,
        "7": 0.41283488273620605,
        "8": 0.4092431366443634,
        "9": 0.4075500965118408
    },
    "224": {
        "0": 0.4386175572872162,
        "1": 0.431607186794281,
        "2": 0.4233924448490143,
        "3": 0.4200392961502075,
        "4": 0.4145638644695282,
        "5": 0.4123789072036743,
        "6": 0.41129207611083984,
        "7": 0.4093121886253357,
        "8": 0.409163236618042,
        "9": 0.40402698516845703
    },
    "240": {
        "0": 0.44846397638320923,
        "1": 0.44410640001296997,
        "2": 0.43410971760749817,
        "3": 0.4291199743747711,
        "4": 0.4260496199131012,
        "5": 0.42152732610702515,
        "6": 0.4180111289024353,
        "7": 0.4177424907684326,
        "8": 0.416841983795166,
        "9": 0.4139077663421631
    },
    "256": {
        "0": 0.4511996805667877,
        "1": 0.4472317695617676,
        "2": 0.4371662139892578,
        "3": 0.4296070635318756,
        "4": 0.42937183380126953,
        "5": 0.4264931082725525,
        "6": 0.42440521717071533,
        "7": 0.4241076707839966,
        "8": 0.42278096079826355,
        "9": 0.41607528924942017
    },
    "272": {
        "0": 0.3778669834136963,
        "1": 0.373506098985672,
        "2": 0.369417667388916,
        "3": 0.36495867371559143,
        "4": 0.3607850968837738,
        "5": 0.3562690317630768,
        "6": 0.3538513481616974,
        "7": 0.3532659709453583,
        "8": 0.3521137833595276,
        "9": 0.3510901629924774
    },
    "288": {
        "0": 0.3908984661102295,
        "1": 0.3885687589645386,
        "2": 0.3879281282424927,
        "3": 0.37966498732566833,
        "4": 0.3795529007911682,
        "5": 0.37672796845436096,
        "6": 0.37132135033607483,
        "7": 0.3701200783252716,
        "8": 0.3647918105125427,
        "9": 0.36381205916404724
    },
    "304": {
        "0": 0.4064086675643921,
        "1": 0.40632933378219604,
        "2": 0.40301787853240967,
        "3": 0.4019593596458435,
        "4": 0.397512286901474,
        "5": 0.3956048786640167,
        "6": 0.3952102065086365,
        "7": 0.39469102025032043,
        "8": 0.3937697112560272,
        "9": 0.3861878514289856
    },
    "320": {
        "0": 0.35648173093795776,
        "1": 0.3545599579811096,
        "2": 0.3455710709095001,
        "3": 0.34358248114585876,
        "4": 0.3395412564277649,
        "5": 0.3293834924697876,
        "6": 0.3283529579639435,
        "7": 0.32297736406326294,
        "8": 0.3222941756248474,
        "9": 0.30967092514038086
    },
    "336": {
        "0": 0.37482723593711853,
        "1": 0.3724260926246643,
        "2": 0.3644764721393585,
        "3": 0.3605499565601349,
        "4": 0.3549734055995941,
        "5": 0.35439369082450867,
        "6": 0.3541647791862488,
        "7": 0.35266581177711487,
        "8": 0.3518502414226532,
        "9": 0.351298063993454
    },
    "352": {
        "0": 0.3766540586948395,
        "1": 0.36824482679367065,
        "2": 0.36623576283454895,
        "3": 0.35869279503822327,
        "4": 0.35772454738616943,
        "5": 0.3553416430950165,
        "6": 0.3543102443218231,