{
    "0": {
        "0": 0.4095907211303711,
        "1": 0.4040898084640503,
        "2": 0.3999384641647339,
        "3": 0.3999212980270386,
        "4": 0.3996846377849579,
        "5": 0.39610788226127625,
        "6": 0.3959418833255768,
        "7": 0.3959299325942993,
        "8": 0.39401718974113464,
        "9": 0.39377716183662415
    },
    "16": {
        "0": 0.3884386420249939,
        "1": 0.38584402203559875,
        "2": 0.3799727261066437,
        "3": 0.3788032531738281,
        "4": 0.37669992446899414,
        "5": 0.3763912618160248,
        "6": 0.37523648142814636,
        "7": 0.3752046823501587,
        "8": 0.3728841543197632,
        "9": 0.3728480935096741
    },
    "32": {
        "0": 0.3727763593196869,
        "1": 0.3666575849056244,
        "2": 0.36357998847961426,
        "3": 0.3604414463043213,
        "4": 0.35942918062210083,
        "5": 0.35919496417045593,
        "6": 0.35899120569229126,
        "7": 0.35859885811805725,
        "8": 0.3562137186527252,
        "9": 0.3555518686771393
    },
    "48": {
        "0": 0.395211786031723,
        "1": 0.39233720302581787,
        "2": 0.38806387782096863,
        "3": 0.38726168870925903,
        "4": 0.3854469656944275,
        "5": 0.38359251618385315,
        "6": 0.38310399651527405,
        "7": 0.38176602125167847,
        "8": 0.38022318482398987,
        "9": 0.37998300790786743
    },
    "64": {
        "0": 0.38963979482650757,
        "1": 0.3851146399974823,
        "2": 0.37883657217025757,
        "3": 0.3781525492668152,
        "4": 0.37808990478515625,
        "5": 0.3777032792568207,
        "6": 0.37709125876426697,
        "7": 0.374894917011261,
        "8": 0.3733919560909271,
        "9": 0.3733333945274353
    },
    "80": {
        "0": 0.3953530788421631,
        "1": 0.38881590962409973,
        "2": 0.38271909952163696,
        "3": 0.38241398334503174,
        "4": 0.3820156157016754,
        "5": 0.381952702999115,
        "6": 0.38040944933891296,
        "7": 0.38026103377342224,
        "8": 0.37887412309646606,
        "9": 0.3786921799182892
    },
    "96": {
        "0": 0.3884640038013458,
        "1": 0.3822094798088074,
        "2": 0.3778113126754761,
        "3": 0.3777884244918823,
        "4": 0.37646356225013733,
        "5": 0.374085932970047,
        "6": 0.37348029017448425,
        "7": 0.3725929856300354,
        "8": 0.37103036046028137,
        "9": 0.3707576096057892
    },
    "112": {
        "0": 0.38033896684646606,
        "1": 0.37724852561950684,
        "2": 0.3747134208679199,
        "3": 0.3720538020133972,
        "4": 0.37181127071380615,
        "5": 0.3689819276332855,
        "6": 0.36750170588493347,
        "7": 0.3665393888950348,
        "8": 0.3661789000034332,
        "9": 0.3658256530761719
    },
    "128": {
        "0": 0.3831499516963959,
        "1": 0.37621617317199707,
        "2": 0.37194857001304626,
        "3": 0.3700108230113983,
        "4": 0.36957430839538574,
        "5": 0.3687756359577179,
        "6": 0.36743077635765076,
        "7": 0.3674248456954956,
        "8": 0.36420968174934387,
        "9": 0.3641822040081024
    },
    "144": {
        "0": 0.37610524892807007,
        "1": 0.3744548261165619,
        "2": 0.37342166900634766,
        "3": 0.37075838446617126,
        "4": 0.36964333057403564,
        "5": 0.3654039800167084,
        "6": 0.3646647334098816,
        "7": 0.3633541464805603,
        "8": 0.36219337582588196,
        "9": 0.36125531792640686
    },
    "160": {
        "0": 0.38636401295661926,
        "1": 0.38613054156303406,
        "2": 0.3827660083770752,
        "3": 0.38178756833076477,
        "4": 0.37884917855262756,
        "5": 0.3781188428401947,
        "6": 0.3781168758869171,
        "7": 0.37712574005126953,
        "8": 0.37485796213150024,
        "9": 0.37344953417778015
    },
    "176": {
        "0": 0.3883154094219208,
        "1": 0.3878253698348999,
        "2": 0.3830801844596863,
        "3": 0.382035493850708,
        "4": 0.3789011240005493,
        "5": 0.37839028239250183,
        "6": 0.37777242064476013,
        "7": 0.3760448098182678,
        "8": 0.375430703163147,
        "9": 0.37386006116867065
    },
    "192": {
        "0": 0.38980990648269653,
        "1": 0.3876439332962036,
        "2": 0.3872924745082855,
        "3": 0.3870774209499359,
        "4": 0.3848719894886017,
        "5": 0.3828768730163574,
        "6": 0.38082537055015564,
        "7": 0.37725281715393066,
        "8": 0.3749711513519287,
        "9": 0.37458717823028564
    },
    "208": {
        "0": 0.40596163272857666,
        "1": 0.40508076548576355,
        "2": 0.4040565490722656,
        "3": 0.4019177556037903,
        "4": 0.4011114537715912,
        "5": 0.4004214107990265,
        "6": 0.39734116196632385,
        "7": 0.3917880654335022,
        "8": 0.3914121687412262,
        "9": 0.39040112495422363
    },
    "224": {
        "0": 0.3979123830795288,
        "1": 0.39672616124153137,
        "2": 0.3960616886615753,
        "3": 0.3960559666156769,
        "4": 0.39410266280174255,
        "5": 0.3908049464225769,
        "6": 0.39021608233451843,
        "7": 0.38485050201416016,
        "8": 0.38450315594673157,
        "9": 0.3839087188243866
    },
    "240": {
        "0": 0.40492451190948486,
        "1": 0.40360015630722046,
        "2": 0.40266478061676025,
        "3": 0.39934420585632324,
        "4": 0.3992982804775238,
        "5": 0.3962560296058655,
        "6": 0.3950704336166382,
        "7": 0.3941171169281006,
        "8": 0.39343687891960144,
        "9": 0.38920214772224426
    },
    "256": {
        "0": 0.4167996644973755,
        "1": 0.41407477855682373,
        "2": 0.41222119331359863,
        "3": 0.40662652254104614,
        "4": 0.40583255887031555,
        "5": 0.40567928552627563,
        "6": 0.404498428106308,
        "7": 0.40400460362434387,
        "8": 0.40291813015937805,
        "9": 0.4016408622264862
    },
    "272": {
        "0": 0.4241800904273987,
        "1": 0.42087098956108093,
        "2": 0.41980287432670593,
        "3": 0.4134824872016907,
        "4": 0.4128270447254181,
        "5": 0.4116501808166504,
        "6": 0.41150006651878357,
        "7": 0.41084998846054077,
        "8": 0.4106285274028778,
        "9": 0.4081023931503296
    },
    "288": {
        "0": 0.41275322437286377,
        "1": 0.40787273645401,
        "2": 0.40654709935188293,
        "3": 0.4038776457309723,
        "4": 0.40364915132522583,
        "5": 0.4035075306892395,
        "6": 0.4004548490047455,
        "7": 0.4004283547401428,
        "8": 0.3996165990829468,
        "9": 0.3964273929595947
    },
    "304": {
        "0": 0.4076992869377136,
        "1": 0.3984972834587097,
        "2": 0.39806437492370605,
        "3": 0.3962644934654236,
        "4": 0.3934166729450226,
        "5": 0.3933058977127075,
        "6": 0.39320483803749084,
        "7": 0.3912613093852997,
        "8": 0.3908383846282959,
        "9": 0.3906497657299042
    },
    "320": {
        "0": 0.39106878638267517,
        "1": 0.3874814808368683,
        "2": 0.37973469495773315,
        "3": 0.37872806191444397,
        "4": 0.3784327805042267,
        "5": 0.3771449327468872,
        "6": 0.3768594264984131,
        "7": 0.3752119243144989,
        "8": 0.375040739774704,
        "9": 0.37472403049468994
    },
    "336": {
        "0": 0.39057308435440063,
        "1": 0.38414695858955383,
        "2": 0.3791678845882416,
        "3": 0.3776317536830902,
        "4": 0.37566739320755005,
        "5": 0.37489619851112366,
        "6": 0.3745133876800537,
        "7": 0.374051958322525,
        "8": 0.37338072061538696,
        "9": 0.3733592927455902
    },
    "352": {
        "0": 0.39884132146835327,
        "1": 0.3956834673881531,
        "2": 0.39010798931121826,
        "3": 0.38956648111343384,
        "4": 0.3881622850894928,
        "5": 0.3877352774143219,