{
    "0": {
        "0": 0.3971582055091858,
        "1": 0.3901516795158386,
        "2": 0.38729214668273926,
        "3": 0.38646385073661804,
        "4": 0.38392964005470276,
        "5": 0.38342180848121643,
        "6": 0.37956738471984863,
        "7": 0.3780882954597473,
        "8": 0.37310051918029785,
        "9": 0.3714815676212311
    },
    "16": {
        "0": 0.39873170852661133,
        "1": 0.39079734683036804,
        "2": 0.38919517397880554,
        "3": 0.38831084966659546,
        "4": 0.3860989511013031,
        "5": 0.38374829292297363,
        "6": 0.38187843561172485,
        "7": 0.379657119512558,
        "8": 0.37508562207221985,
        "9": 0.3732611835002899
    },
    "32": {
        "0": 0.393612802028656,
        "1": 0.3849770426750183,
        "2": 0.38478127121925354,
        "3": 0.38372281193733215,
        "4": 0.3831097483634949,
        "5": 0.3787778317928314,
        "6": 0.37795397639274597,
        "7": 0.37567663192749023,
        "8": 0.37098222970962524,
        "9": 0.3694865107536316
    },
    "48": {
        "0": 0.3948339819908142,
        "1": 0.38537466526031494,
        "2": 0.38517117500305176,
        "3": 0.3845692276954651,
        "4": 0.3838571608066559,
        "5": 0.3806193768978119,
        "6": 0.37884700298309326,
        "7": 0.37597787380218506,
        "8": 0.3724589943885803,
        "9": 0.3694293797016144
    },
    "64": {
        "0": 0.396391898393631,
        "1": 0.3875802159309387,
        "2": 0.3862401843070984,
        "3": 0.38503995537757874,
        "4": 0.3842816948890686,
        "5": 0.3802662491798401,
        "6": 0.37931695580482483,
        "7": 0.3784005641937256,
        "8": 0.3734253942966461,
        "9": 0.3719922602176666
    },
    "80": {
        "0": 0.39494502544403076,
        "1": 0.38974782824516296,
        "2": 0.38784265518188477,
        "3": 0.3872106671333313,
        "4": 0.38614752888679504,
        "5": 0.38168907165527344,
        "6": 0.37819838523864746,
        "7": 0.3773944079875946,
        "8": 0.37411460280418396,
        "9": 0.3736687898635864
    },
    "96": {
        "0": 0.3910490572452545,
        "1": 0.3869834840297699,
        "2": 0.38601288199424744,
        "3": 0.3832046687602997,
        "4": 0.3829229176044464,
        "5": 0.37863776087760925,
        "6": 0.37814170122146606,
        "7": 0.3757026791572571,
        "8": 0.3716137707233429,
        "9": 0.37113112211227417
    },
    "112": {
        "0": 0.386829674243927,
        "1": 0.3864220380783081,
        "2": 0.38466230034828186,
        "3": 0.38292208313941956,
        "4": 0.3793085515499115,
        "5": 0.37691032886505127,
        "6": 0.3738599717617035,
        "7": 0.3731955289840698,
        "8": 0.36928224563598633,
        "9": 0.36873000860214233
    },
    "128": {
        "0": 0.38912996649742126,
        "1": 0.3879299461841583,
        "2": 0.38790637254714966,
        "3": 0.3848085403442383,
        "4": 0.38055282831192017,
        "5": 0.37894734740257263,
        "6": 0.37873411178588867,
        "7": 0.37527263164520264,
        "8": 0.37256038188934326,
        "9": 0.3717462420463562
    },
    "144": {
        "0": 0.38870829343795776,
        "1": 0.3863934576511383,
        "2": 0.3862473964691162,
        "3": 0.3828325867652893,
        "4": 0.38060617446899414,
        "5": 0.379024863243103,
        "6": 0.37623873353004456,
        "7": 0.37414291501045227,
        "8": 0.37327972054481506,
        "9": 0.3702907860279083
    },
    "160": {
        "0": 0.38993147015571594,
        "1": 0.38984620571136475,
        "2": 0.3898423910140991,
        "3": 0.3857051730155945,
        "4": 0.3823496103286743,
        "5": 0.38062331080436707,
        "6": 0.38015949726104736,
        "7": 0.3761608898639679,
        "8": 0.37480488419532776,
        "9": 0.3740295171737671
    },
    "176": {
        "0": 0.3986307382583618,
        "1": 0.3940085470676422,
        "2": 0.3933785557746887,
        "3": 0.38930317759513855,
        "4": 0.3891899287700653,
        "5": 0.3889389932155609,
        "6": 0.38402706384658813,
        "7": 0.3828622102737427,
        "8": 0.38095325231552124,
        "9": 0.3775659203529358
    },
    "192": {
        "0": 0.4037463963031769,
        "1": 0.39730823040008545,
        "2": 0.39599448442459106,
        "3": 0.3934341371059418,
        "4": 0.39333847165107727,
        "5": 0.3917403519153595,
        "6": 0.387535959482193,
        "7": 0.387081116437912,
        "8": 0.38435572385787964,
        "9": 0.38069191575050354
    },
    "208": {
        "0": 0.3980974853038788,
        "1": 0.3934215009212494,
        "2": 0.39273327589035034,
        "3": 0.3893018662929535,
        "4": 0.388534277677536,
        "5": 0.3861726224422455,
        "6": 0.3852921426296234,
        "7": 0.3828297257423401,
        "8": 0.3790096342563629,
        "9": 0.3786464333534241
    },
    "224": {
        "0": 0.39710503816604614,
        "1": 0.39289119839668274,
        "2": 0.391899973154068,
        "3": 0.38824746012687683,
        "4": 0.3878442049026489,
        "5": 0.3870561718940735,
        "6": 0.3844424784183502,
        "7": 0.38092732429504395,
        "8": 0.37998902797698975,
        "9": 0.3765465319156647
    },
    "240": {
        "0": 0.3986862301826477,
        "1": 0.39433753490448,
        "2": 0.39254477620124817,
        "3": 0.38991236686706543,
        "4": 0.3882148265838623,
        "5": 0.38806837797164917,
        "6": 0.38364532589912415,
        "7": 0.3816233277320862,
        "8": 0.3785635232925415,
        "9": 0.3773564100265503
    },
    "256": {
        "0": 0.39898136258125305,
        "1": 0.39418861269950867,
        "2": 0.39329129457473755,
        "3": 0.3922388553619385,
        "4": 0.38923829793930054,
        "5": 0.38901329040527344,
        "6": 0.385500967502594,
        "7": 0.38482221961021423,
        "8": 0.3814443051815033,
        "9": 0.37829911708831787
    },
    "272": {
        "0": 0.39988332986831665,
        "1": 0.39453864097595215,
        "2": 0.39377522468566895,
        "3": 0.3916209638118744,
        "4": 0.3902474343776703,
        "5": 0.3896569311618805,
        "6": 0.38517677783966064,
        "7": 0.38493019342422485,
        "8": 0.3821967840194702,
        "9": 0.3783623278141022
    },
    "288": {
        "0": 0.3999094069004059,
        "1": 0.39512842893600464,
        "2": 0.3948901295661926,
        "3": 0.39184433221817017,
        "4": 0.3909747004508972,
        "5": 0.3904211223125458,
        "6": 0.38578537106513977,
        "7": 0.3855850100517273,
        "8": 0.3824120759963989,
        "9": 0.37999457120895386
    },
    "304": {
        "0": 0.39835649728775024,
        "1": 0.39362865686416626,
        "2": 0.3925873935222626,
        "3": 0.39020615816116333,
        "4": 0.3887644410133362,
        "5": 0.388190895318985,
        "6": 0.3842829763889313,
        "7": 0.3842273950576782,
        "8": 0.3808823823928833,
        "9": 0.37772661447525024
    },
    "320": {
        "0": 0.4015847146511078,
        "1": 0.39673373103141785,
        "2": 0.39635249972343445,
        "3": 0.3920518159866333,
        "4": 0.39182907342910767,
        "5": 0.39065682888031006,
        "6": 0.38655027747154236,
        "7": 0.38590744137763977,
        "8": 0.3836984634399414,
        "9": 0.3815673589706421
    },
    "336": {
        "0": 0.40308278799057007,
        "1": 0.3958823084831238,
        "2": 0.3950185775756836,
        "3": 0.3929474651813507,
        "4": 0.3924366533756256,
        "5": 0.39057454466819763,
        "6": 0.387893408536911,
        "7": 0.385198712348938,
        "8": 0.3822682797908783,
        "9": 0.37995272874832153
    },
    "352": {
        "0": 0.3992832899093628,
        "1": 0.3946671783924103,
        "2": 0.3938623070716858,
        "3": 0.39100125432014465,
        "4": 0.3906559646129608,
        "5": 0.3865184187889099,