{
    "0": {
        "0": 0.3365700840950012,
        "1": 0.33444517850875854,
        "2": 0.33230042457580566,
        "3": 0.3292936086654663,
        "4": 0.3280802071094513,
        "5": 0.32649269700050354,
        "6": 0.3256796896457672,
        "7": 0.32536205649375916,
        "8": 0.3250129520893097,
        "9": 0.32139474153518677
    },
    "16": {
        "0": 0.3278403878211975,
        "1": 0.327426552772522,
        "2": 0.3212345838546753,
        "3": 0.320966511964798,
        "4": 0.3194979131221771,
        "5": 0.3177717328071594,
        "6": 0.3169136941432953,
        "7": 0.316060334444046,
        "8": 0.31457778811454773,
        "9": 0.31358712911605835
    },
    "32": {
        "0": 0.33746758103370667,
        "1": 0.33548903465270996,
        "2": 0.33163148164749146,
        "3": 0.3238764703273773,
        "4": 0.32357603311538696,
        "5": 0.32198020815849304,
        "6": 0.321501761674881,
        "7": 0.3180754780769348,
        "8": 0.31583747267723083,
        "9": 0.31462618708610535
    },
    "48": {
        "0": 0.33764004707336426,
        "1": 0.33547884225845337,
        "2": 0.33113545179367065,
        "3": 0.3246530592441559,
        "4": 0.3234403133392334,
        "5": 0.32211390137672424,
        "6": 0.3208235204219818,
        "7": 0.32071664929389954,
        "8": 0.32055073976516724,
        "9": 0.3158707022666931
    },
    "64": {
        "0": 0.3326452672481537,
        "1": 0.3281450569629669,
        "2": 0.32195061445236206,
        "3": 0.3178665339946747,
        "4": 0.3169184923171997,
        "5": 0.3138554096221924,
        "6": 0.313850998878479,
        "7": 0.31373131275177,
        "8": 0.3133736550807953,
        "9": 0.31183093786239624
    },
    "80": {
        "0": 0.34246087074279785,
        "1": 0.33667027950286865,
        "2": 0.3332252502441406,
        "3": 0.3268541395664215,
        "4": 0.3267097473144531,
        "5": 0.32554399967193604,
        "6": 0.32300642132759094,
        "7": 0.3216027319431305,
        "8": 0.3210226893424988,
        "9": 0.32052040100097656
    },
    "96": {
        "0": 0.3367800712585449,
        "1": 0.33394330739974976,
        "2": 0.328726202249527,
        "3": 0.3236953318119049,
        "4": 0.32044702768325806,
        "5": 0.3196024000644684,
        "6": 0.31917160749435425,
        "7": 0.318412184715271,
        "8": 0.3173096477985382,
        "9": 0.3154325485229492
    },
    "112": {
        "0": 0.3350783884525299,
        "1": 0.33030855655670166,
        "2": 0.3281272351741791,
        "3": 0.32067373394966125,
        "4": 0.32063525915145874,
        "5": 0.3193189203739166,
        "6": 0.3158671259880066,
        "7": 0.3157772421836853,
        "8": 0.3153943121433258,
        "9": 0.3151390850543976
    },
    "128": {
        "0": 0.3341916799545288,
        "1": 0.3307530879974365,
        "2": 0.32750192284584045,
        "3": 0.31819581985473633,
        "4": 0.3175327181816101,
        "5": 0.3174971640110016,
        "6": 0.3152843415737152,
        "7": 0.31493937969207764,
        "8": 0.31395694613456726,
        "9": 0.31156614422798157
    },
    "144": {
        "0": 0.33157894015312195,
        "1": 0.3260274827480316,
        "2": 0.3236667215824127,
        "3": 0.3212524950504303,
        "4": 0.32120850682258606,
        "5": 0.3210793137550354,
        "6": 0.3201887011528015,
        "7": 0.3176068365573883,
        "8": 0.3165779411792755,
        "9": 0.31581467390060425
    },
    "160": {
        "0": 0.3821309804916382,
        "1": 0.3728550672531128,
        "2": 0.3694741129875183,
        "3": 0.3694078028202057,
        "4": 0.36898720264434814,
        "5": 0.36762940883636475,
        "6": 0.3662835359573364,
        "7": 0.36324214935302734,
        "8": 0.36218830943107605,
        "9": 0.36136946082115173
    },
    "176": {
        "0": 0.3789624571800232,
        "1": 0.37057915329933167,
        "2": 0.36936497688293457,
        "3": 0.36902326345443726,
        "4": 0.3679693341255188,
        "5": 0.3675559163093567,
        "6": 0.36671873927116394,
        "7": 0.3633209466934204,
        "8": 0.3623833656311035,
        "9": 0.35851335525512695
    },
    "192": {
        "0": 0.38107481598854065,
        "1": 0.3737494647502899,
        "2": 0.3710697889328003,
        "3": 0.3705351650714874,
        "4": 0.3705343008041382,
        "5": 0.37051182985305786,
        "6": 0.37007588148117065,
        "7": 0.3652656674385071,
        "8": 0.3634374737739563,
        "9": 0.3596675395965576
    },
    "208": {
        "0": 0.3822762966156006,
        "1": 0.374748557806015,
        "2": 0.37354913353919983,
        "3": 0.37149885296821594,
        "4": 0.37074631452560425,
        "5": 0.3695141673088074,
        "6": 0.3687140643596649,
        "7": 0.3670824468135834,
        "8": 0.36536338925361633,
        "9": 0.36462196707725525
    },
    "224": {
        "0": 0.3767044246196747,
        "1": 0.3680649995803833,
        "2": 0.36665797233581543,
        "3": 0.36657392978668213,
        "4": 0.36627519130706787,
        "5": 0.3645133674144745,
        "6": 0.36376821994781494,
        "7": 0.36018216609954834,
        "8": 0.3555595278739929,
        "9": 0.3554653525352478
    },
    "240": {
        "0": 0.382355660200119,
        "1": 0.3738076090812683,
        "2": 0.37259918451309204,
        "3": 0.3724464476108551,
        "4": 0.37144824862480164,
        "5": 0.37090474367141724,
        "6": 0.3697086572647095,
        "7": 0.36552006006240845,
        "8": 0.36199751496315,
        "9": 0.3599027991294861
    },
    "256": {
        "0": 0.37325483560562134,
        "1": 0.3651750087738037,
        "2": 0.36297622323036194,
        "3": 0.3628111183643341,
        "4": 0.36217454075813293,
        "5": 0.36158183217048645,
        "6": 0.35929596424102783,
        "7": 0.35590916872024536,
        "8": 0.35467663407325745,
        "9": 0.3514255881309509
    },
    "272": {
        "0": 0.37043267488479614,
        "1": 0.36471664905548096,
        "2": 0.36069056391716003,
        "3": 0.3593223989009857,
        "4": 0.35898932814598083,
        "5": 0.35823315382003784,
        "6": 0.3555182218551636,
        "7": 0.3543463349342346,
        "8": 0.35237640142440796,
        "9": 0.35213056206703186
    },
    "288": {
        "0": 0.37366724014282227,
        "1": 0.36783406138420105,
        "2": 0.36475670337677,
        "3": 0.3641839325428009,
        "4": 0.36253225803375244,
        "5": 0.3616063594818115,
        "6": 0.36007240414619446,
        "7": 0.3574184775352478,
        "8": 0.357204407453537,
        "9": 0.35386618971824646
    },
    "304": {
        "0": 0.3723543584346771,
        "1": 0.3643062114715576,
        "2": 0.3621564507484436,
        "3": 0.36192572116851807,
        "4": 0.3612951338291168,
        "5": 0.36097976565361023,
        "6": 0.3609510660171509,
        "7": 0.35667046904563904,
        "8": 0.35416266322135925,
        "9": 0.3514300286769867
    },
    "320": {
        "0": 0.3683566451072693,
        "1": 0.36185333132743835,
        "2": 0.35923224687576294,
        "3": 0.3588652014732361,
        "4": 0.3588641583919525,
        "5": 0.3584210276603699,
        "6": 0.35615861415863037,
        "7": 0.3535217046737671,
        "8": 0.35246798396110535,
        "9": 0.35118094086647034
    },
    "336": {
        "0": 0.35444310307502747,
        "1": 0.34855756163597107,
        "2": 0.3481144607067108,
        "3": 0.343406081199646,
        "4": 0.3432671129703522,
        "5": 0.34167200326919556,
        "6": 0.3413005471229553,
        "7": 0.33886680006980896,
        "8": 0.334439218044281,
        "9": 0.3325500190258026
    },
    "352": {
        "0": 0.3541434705257416,
        "1": 0.34946006536483765,
        "2": 0.34907808899879456,
        "3": 0.3432410657405853,
        "4": 0.3423861265182495,
        "5": 0.34123513102531433,
        "6": 0.3395414650440216,