{
    "0": {
        "0": 0.39108067750930786,
        "1": 0.3727073669433594,
        "2": 0.3698662519454956,
        "3": 0.3676055371761322,
        "4": 0.36471113562583923,
        "5": 0.3625634014606476,
        "6": 0.3623226583003998,
        "7": 0.36100149154663086,
        "8": 0.35946252942085266,
        "9": 0.35894304513931274
    },
    "16": {
        "0": 0.3974767327308655,
        "1": 0.3780147433280945,
        "2": 0.3765159845352173,
        "3": 0.37201496958732605,
        "4": 0.36506643891334534,
        "5": 0.3614722490310669,
        "6": 0.36088523268699646,
        "7": 0.3606247901916504,
        "8": 0.3586716949939728,
        "9": 0.35343924164772034
    },
    "32": {
        "0": 0.40182480216026306,
        "1": 0.3788740932941437,
        "2": 0.37706512212753296,
        "3": 0.37215298414230347,
        "4": 0.3717799186706543,
        "5": 0.3668583035469055,
        "6": 0.3667186498641968,
        "7": 0.36317557096481323,
        "8": 0.3599853217601776,
        "9": 0.35881495475769043
    },
    "48": {
        "0": 0.38867855072021484,
        "1": 0.37066173553466797,
        "2": 0.36804628372192383,
        "3": 0.3655540347099304,
        "4": 0.3643961250782013,
        "5": 0.3621613085269928,
        "6": 0.3620043992996216,
        "7": 0.3539844751358032,
        "8": 0.35337868332862854,
        "9": 0.35020068287849426
    },
    "64": {
        "0": 0.38634470105171204,
        "1": 0.3712572753429413,
        "2": 0.3704414963722229,
        "3": 0.36753934621810913,
        "4": 0.36288511753082275,
        "5": 0.3606263995170593,
        "6": 0.35892415046691895,
        "7": 0.35443198680877686,
        "8": 0.35339993238449097,
        "9": 0.3520599603652954
    },
    "80": {
        "0": 0.39570385217666626,
        "1": 0.37425559759140015,
        "2": 0.3731696605682373,
        "3": 0.3719160556793213,
        "4": 0.369099497795105,
        "5": 0.3673626780509949,
        "6": 0.3667597472667694,
        "7": 0.36400115489959717,
        "8": 0.36038488149642944,
        "9": 0.35914692282676697
    },
    "96": {
        "0": 0.39909520745277405,
        "1": 0.3768834173679352,
        "2": 0.37552550435066223,
        "3": 0.37199822068214417,
        "4": 0.37163078784942627,
        "5": 0.37161585688591003,
        "6": 0.3694932460784912,
        "7": 0.3684985041618347,
        "8": 0.36275938153266907,
        "9": 0.36262109875679016
    },
    "112": {
        "0": 0.40513497591018677,
        "1": 0.3832363486289978,
        "2": 0.3823224604129791,
        "3": 0.37780940532684326,
        "4": 0.3773409426212311,
        "5": 0.3736889362335205,
        "6": 0.3733140826225281,
        "7": 0.3696139454841614,
        "8": 0.36563992500305176,
        "9": 0.3656015694141388
    },
    "128": {
        "0": 0.4094927906990051,
        "1": 0.3859318792819977,
        "2": 0.3846704959869385,
        "3": 0.382527619600296,
        "4": 0.3795557916164398,
        "5": 0.37949275970458984,
        "6": 0.37892410159111023,
        "7": 0.37610292434692383,
        "8": 0.37060222029685974,
        "9": 0.3701522946357727
    },
    "144": {
        "0": 0.40663546323776245,
        "1": 0.38047146797180176,
        "2": 0.37966635823249817,
        "3": 0.37675732374191284,
        "4": 0.3765459656715393,
        "5": 0.3756537139415741,
        "6": 0.3752140700817108,
        "7": 0.37256932258605957,
        "8": 0.3687087595462799,
        "9": 0.3667354881763458
    },
    "160": {
        "0": 0.3997645974159241,
        "1": 0.3748440146446228,
        "2": 0.3735786974430084,
        "3": 0.3711881935596466,
        "4": 0.37010177969932556,
        "5": 0.36994630098342896,
        "6": 0.36904287338256836,
        "7": 0.36771851778030396,
        "8": 0.36139988899230957,
        "9": 0.3613947629928589
    },
    "176": {
        "0": 0.4122123122215271,
        "1": 0.38779982924461365,
        "2": 0.38719427585601807,
        "3": 0.38624703884124756,
        "4": 0.38468196988105774,
        "5": 0.38280293345451355,
        "6": 0.3815959393978119,
        "7": 0.38135626912117004,
        "8": 0.37975364923477173,
        "9": 0.37798088788986206
    },
    "192": {
        "0": 0.4086490273475647,
        "1": 0.3788684010505676,
        "2": 0.37539437413215637,
        "3": 0.3735717833042145,
        "4": 0.3732796907424927,
        "5": 0.3729899525642395,
        "6": 0.3715962767601013,
        "7": 0.3678411841392517,
        "8": 0.36746644973754883,
        "9": 0.3655623197555542
    },
    "208": {
        "0": 0.41569462418556213,
        "1": 0.3871300518512726,
        "2": 0.3838084936141968,
        "3": 0.3830951452255249,
        "4": 0.3800985515117645,
        "5": 0.3797299563884735,
        "6": 0.3785537779331207,
        "7": 0.3742615878582001,
        "8": 0.37307217717170715,
        "9": 0.3723714351654053
    },
    "224": {
        "0": 0.4101491868495941,
        "1": 0.3862784504890442,
        "2": 0.381255567073822,
        "3": 0.3807787299156189,
        "4": 0.3803454339504242,
        "5": 0.37824302911758423,
        "6": 0.37791991233825684,
        "7": 0.37489384412765503,
        "8": 0.37358784675598145,
        "9": 0.36981600522994995
    },
    "240": {
        "0": 0.4171936511993408,
        "1": 0.3904449939727783,
        "2": 0.39009466767311096,
        "3": 0.3899824619293213,
        "4": 0.3862510025501251,
        "5": 0.3841809034347534,
        "6": 0.3837829828262329,
        "7": 0.3822324573993683,
        "8": 0.374980628490448,
        "9": 0.37474632263183594
    },
    "256": {
        "0": 0.4180940091609955,
        "1": 0.39300617575645447,
        "2": 0.39149507880210876,
        "3": 0.3901529312133789,
        "4": 0.3865324854850769,
        "5": 0.3836507797241211,
        "6": 0.3833092153072357,
        "7": 0.3827548623085022,
        "8": 0.37562501430511475,
        "9": 0.3739021420478821
    },
    "272": {
        "0": 0.39376044273376465,
        "1": 0.3664231598377228,
        "2": 0.3649923801422119,
        "3": 0.36427992582321167,
        "4": 0.36267223954200745,
        "5": 0.3624405562877655,
        "6": 0.3601573705673218,
        "7": 0.35639747977256775,
        "8": 0.35574236512184143,
        "9": 0.3554643392562866
    },
    "288": {
        "0": 0.4183521568775177,
        "1": 0.398625910282135,
        "2": 0.39750486612319946,
        "3": 0.39649075269699097,
        "4": 0.39308828115463257,
        "5": 0.38542458415031433,
        "6": 0.3852045238018036,
        "7": 0.3839942216873169,
        "8": 0.382770299911499,
        "9": 0.3765089213848114
    },
    "304": {
        "0": 0.3953436613082886,
        "1": 0.37875229120254517,
        "2": 0.3771364688873291,
        "3": 0.3748423457145691,
        "4": 0.36850982904434204,
        "5": 0.3680618703365326,
        "6": 0.36805763840675354,
        "7": 0.35959598422050476,
        "8": 0.3576391041278839,
        "9": 0.35758063197135925
    },
    "320": {
        "0": 0.3998223841190338,
        "1": 0.3828375041484833,
        "2": 0.3778996765613556,
        "3": 0.3771950900554657,
        "4": 0.369037389755249,
        "5": 0.36882105469703674,
        "6": 0.3678082227706909,
        "7": 0.3670797348022461,
        "8": 0.3649187684059143,
        "9": 0.3631838858127594
    },
    "336": {
        "0": 0.39131414890289307,
        "1": 0.37814265489578247,
        "2": 0.3724731504917145,
        "3": 0.370855450630188,
        "4": 0.3635473847389221,
        "5": 0.362348347902298,
        "6": 0.36232680082321167,
        "7": 0.36072713136672974,
        "8": 0.3599906265735626,
        "9": 0.35912585258483887
    },
    "352": {
        "0": 0.3823254108428955,
        "1": 0.3703562021255493,
        "2": 0.3662477731704712,
        "3": 0.36622750759124756,
        "4": 0.35814955830574036,
        "5": 0.35799160599708557,