{
    "0": {
        "0": 0.37467995285987854,
        "1": 0.3744351863861084,
        "2": 0.37404078245162964,
        "3": 0.3738926351070404,
        "4": 0.3697430491447449,
        "5": 0.36847615242004395,
        "6": 0.36651572585105896,
        "7": 0.3636764585971832,
        "8": 0.35975363850593567,
        "9": 0.35886916518211365
    },
    "16": {
        "0": 0.37671738862991333,
        "1": 0.37650981545448303,
        "2": 0.37630176544189453,
        "3": 0.3753224313259125,
        "4": 0.37189003825187683,
        "5": 0.37015241384506226,
        "6": 0.36926230788230896,
        "7": 0.36589235067367554,
        "8": 0.3616447448730469,
        "9": 0.3608802258968353
    },
    "32": {
        "0": 0.376785010099411,
        "1": 0.37650778889656067,
        "2": 0.37609410285949707,
        "3": 0.3758286237716675,
        "4": 0.37220093607902527,
        "5": 0.37054362893104553,
        "6": 0.3677671253681183,
        "7": 0.3650144338607788,
        "8": 0.3621557652950287,
        "9": 0.3612012565135956
    },
    "48": {
        "0": 0.3774743676185608,
        "1": 0.3772464990615845,
        "2": 0.37696993350982666,
        "3": 0.375529944896698,
        "4": 0.37288564443588257,
        "5": 0.37083208560943604,
        "6": 0.3679124712944031,
        "7": 0.36513352394104004,
        "8": 0.36292240023612976,
        "9": 0.3620728552341461
    },
    "64": {
        "0": 0.37699612975120544,
        "1": 0.3766534924507141,
        "2": 0.3762744963169098,
        "3": 0.37626153230667114,
        "4": 0.37233805656433105,
        "5": 0.37043288350105286,
        "6": 0.368436723947525,
        "7": 0.3659425377845764,
        "8": 0.36229339241981506,
        "9": 0.36089569330215454
    },
    "80": {
        "0": 0.3776131272315979,
        "1": 0.37701478600502014,
        "2": 0.37698501348495483,
        "3": 0.3769061863422394,
        "4": 0.3732575476169586,
        "5": 0.3712088465690613,
        "6": 0.369415819644928,
        "7": 0.3665344715118408,
        "8": 0.36266836524009705,
        "9": 0.36167222261428833
    },
    "96": {
        "0": 0.3749101161956787,
        "1": 0.3743518888950348,
        "2": 0.3741099536418915,
        "3": 0.3739855885505676,
        "4": 0.37068888545036316,
        "5": 0.36777302622795105,
        "6": 0.3653838038444519,
        "7": 0.362760990858078,
        "8": 0.36006802320480347,
        "9": 0.35949891805648804
    },
    "112": {
        "0": 0.37999656796455383,
        "1": 0.37956130504608154,
        "2": 0.3788561224937439,
        "3": 0.37871313095092773,
        "4": 0.37549224495887756,
        "5": 0.37269893288612366,
        "6": 0.37251347303390503,
        "7": 0.36963140964508057,
        "8": 0.3640097677707672,
        "9": 0.36360037326812744
    },
    "128": {
        "0": 0.37586379051208496,
        "1": 0.3752283751964569,
        "2": 0.37484899163246155,
        "3": 0.3744415044784546,
        "4": 0.37083882093429565,
        "5": 0.36975744366645813,
        "6": 0.36829254031181335,
        "7": 0.36521899700164795,
        "8": 0.36101657152175903,
        "9": 0.3597147762775421
    },
    "144": {
        "0": 0.3769655227661133,
        "1": 0.3766968250274658,
        "2": 0.37624260783195496,
        "3": 0.37572094798088074,
        "4": 0.372822642326355,
        "5": 0.3707660436630249,
        "6": 0.3702937662601471,
        "7": 0.36727771162986755,
        "8": 0.3619215190410614,
        "9": 0.36190012097358704
    },
    "160": {
        "0": 0.3779396712779999,
        "1": 0.37743961811065674,
        "2": 0.3767058849334717,
        "3": 0.37405523657798767,
        "4": 0.3720957934856415,
        "5": 0.3720831274986267,
        "6": 0.3706873655319214,
        "7": 0.3692644238471985,
        "8": 0.3625046908855438,
        "9": 0.36225658655166626
    },
    "176": {
        "0": 0.3812095820903778,
        "1": 0.38118478655815125,
        "2": 0.3779374957084656,
        "3": 0.3777126967906952,
        "4": 0.3763052821159363,
        "5": 0.37605899572372437,
        "6": 0.3730047643184662,
        "7": 0.37196028232574463,
        "8": 0.3701523542404175,
        "9": 0.36641478538513184
    },
    "192": {
        "0": 0.3488709032535553,
        "1": 0.34686940908432007,
        "2": 0.3452569246292114,
        "3": 0.34468886256217957,
        "4": 0.34438830614089966,
        "5": 0.3429795503616333,
        "6": 0.34120264649391174,
        "7": 0.33881664276123047,
        "8": 0.33388620615005493,
        "9": 0.3335317373275757
    },
    "208": {
        "0": 0.3805517554283142,
        "1": 0.38002026081085205,
        "2": 0.3786613345146179,
        "3": 0.3765118420124054,
        "4": 0.3763437569141388,
        "5": 0.375242680311203,
        "6": 0.3748658299446106,
        "7": 0.3728101849555969,
        "8": 0.36990222334861755,
        "9": 0.36537274718284607
    },
    "224": {
        "0": 0.37776029109954834,
        "1": 0.37738144397735596,
        "2": 0.377206414937973,
        "3": 0.37222468852996826,
        "4": 0.37164875864982605,
        "5": 0.37016361951828003,
        "6": 0.36956480145454407,
        "7": 0.36944904923439026,
        "8": 0.36461004614830017,
        "9": 0.3606020212173462
    },
    "240": {
        "0": 0.38312408328056335,
        "1": 0.3828079104423523,
        "2": 0.38182416558265686,
        "3": 0.3787743151187897,
        "4": 0.3786625862121582,
        "5": 0.375116229057312,
        "6": 0.37355273962020874,
        "7": 0.37206754088401794,
        "8": 0.37042006850242615,
        "9": 0.36578500270843506
    },
    "256": {
        "0": 0.38456836342811584,
        "1": 0.3844949007034302,
        "2": 0.38312962651252747,
        "3": 0.38106095790863037,
        "4": 0.38011884689331055,
        "5": 0.37952524423599243,
        "6": 0.37494468688964844,
        "7": 0.3737110495567322,
        "8": 0.37017741799354553,
        "9": 0.3691295087337494
    },
    "272": {
        "0": 0.3846896290779114,
        "1": 0.3844875693321228,
        "2": 0.3835044801235199,
        "3": 0.37954437732696533,
        "4": 0.37913909554481506,
        "5": 0.3769338130950928,
        "6": 0.3736809194087982,
        "7": 0.3727329969406128,
        "8": 0.3694922924041748,
        "9": 0.3667714595794678
    },
    "288": {
        "0": 0.39366596937179565,
        "1": 0.39349740743637085,
        "2": 0.3905232548713684,
        "3": 0.3882736265659332,
        "4": 0.3875621557235718,
        "5": 0.38702595233917236,
        "6": 0.38666197657585144,
        "7": 0.3860017955303192,
        "8": 0.38392698764801025,
        "9": 0.37888115644454956
    },
    "304": {
        "0": 0.3828931748867035,
        "1": 0.38286083936691284,
        "2": 0.38240519165992737,
        "3": 0.38149672746658325,
        "4": 0.37907710671424866,
        "5": 0.37743982672691345,
        "6": 0.377098023891449,
        "7": 0.3762100040912628,
        "8": 0.3702750504016876,
        "9": 0.36824771761894226
    },
    "320": {
        "0": 0.3866381049156189,
        "1": 0.3859999179840088,
        "2": 0.38567912578582764,
        "3": 0.3853347897529602,
        "4": 0.384992778301239,
        "5": 0.3817499876022339,
        "6": 0.3802977502346039,
        "7": 0.3786557912826538,
        "8": 0.37246429920196533,
        "9": 0.37171316146850586
    },
    "336": {
        "0": 0.38639169931411743,
        "1": 0.3859061300754547,
        "2": 0.38578060269355774,
        "3": 0.3845391571521759,
        "4": 0.38344791531562805,
        "5": 0.3815785348415375,
        "6": 0.37849998474121094,
        "7": 0.37666332721710205,
        "8": 0.37106552720069885,
        "9": 0.3707926571369171
    },
    "352": {
        "0": 0.3829435110092163,
        "1": 0.38294124603271484,
        "2": 0.3814311623573303,
        "3": 0.3804788291454315,
        "4": 0.37877896428108215,
        "5": 0.3786744773387909,