{
    "0": {
        "0": 0.3747512102127075,
        "1": 0.37291574478149414,
        "2": 0.36722713708877563,
        "3": 0.3623253107070923,
        "4": 0.3620224893093109,
        "5": 0.3616468906402588,
        "6": 0.3615315556526184,
        "7": 0.3604094982147217,
        "8": 0.3602481484413147,
        "9": 0.35782718658447266
    },
    "16": {
        "0": 0.37375694513320923,
        "1": 0.37134426832199097,
        "2": 0.3660041093826294,
        "3": 0.36442506313323975,
        "4": 0.36154380440711975,
        "5": 0.3610747456550598,
        "6": 0.3610212802886963,
        "7": 0.3603837192058563,
        "8": 0.36018994450569153,
        "9": 0.3561345338821411
    },
    "32": {
        "0": 0.3786123991012573,
        "1": 0.37475329637527466,
        "2": 0.3689718246459961,
        "3": 0.36580991744995117,
        "4": 0.3653600811958313,
        "5": 0.3652600944042206,
        "6": 0.36449530720710754,
        "7": 0.36440372467041016,
        "8": 0.3619115352630615,
        "9": 0.3591405749320984
    },
    "48": {
        "0": 0.37657874822616577,
        "1": 0.37431657314300537,
        "2": 0.3694838285446167,
        "3": 0.36482569575309753,
        "4": 0.3643384575843811,
        "5": 0.3643157482147217,
        "6": 0.3634810149669647,
        "7": 0.36331361532211304,
        "8": 0.3605405390262604,
        "9": 0.3579446077346802
    },
    "64": {
        "0": 0.3771092891693115,
        "1": 0.3756319582462311,
        "2": 0.37072113156318665,
        "3": 0.36671626567840576,
        "4": 0.36622440814971924,
        "5": 0.3656987249851227,
        "6": 0.3651423752307892,
        "7": 0.3616117238998413,
        "8": 0.3612668216228485,
        "9": 0.3592485189437866
    },
    "80": {
        "0": 0.37000373005867004,
        "1": 0.3699559271335602,
        "2": 0.3636060655117035,
        "3": 0.3623991906642914,
        "4": 0.3623216450214386,
        "5": 0.361164927482605,
        "6": 0.36061692237854004,
        "7": 0.3557278513908386,
        "8": 0.3551503121852875,
        "9": 0.35466232895851135
    },
    "96": {
        "0": 0.37166932225227356,
        "1": 0.3619585931301117,
        "2": 0.35848432779312134,
        "3": 0.3583396077156067,
        "4": 0.35623228549957275,
        "5": 0.3559514880180359,
        "6": 0.35553109645843506,
        "7": 0.3526725769042969,
        "8": 0.351581871509552,
        "9": 0.3481113016605377
    },
    "112": {
        "0": 0.3717968165874481,
        "1": 0.3710445761680603,
        "2": 0.3656098246574402,
        "3": 0.36235007643699646,
        "4": 0.3623059093952179,
        "5": 0.3621334731578827,
        "6": 0.3619149327278137,
        "7": 0.36102941632270813,
        "8": 0.3584139049053192,
        "9": 0.35531777143478394
    },
    "128": {
        "0": 0.3702490031719208,
        "1": 0.36831429600715637,
        "2": 0.3643379807472229,
        "3": 0.3605329096317291,
        "4": 0.36036521196365356,
        "5": 0.359468549489975,
        "6": 0.35897359251976013,
        "7": 0.3584030866622925,
        "8": 0.35613492131233215,
        "9": 0.35395416617393494
    },
    "144": {
        "0": 0.36848706007003784,
        "1": 0.36843350529670715,
        "2": 0.3626638352870941,
        "3": 0.3590267598628998,
        "4": 0.35863766074180603,
        "5": 0.3586072623729706,
        "6": 0.35834285616874695,
        "7": 0.3581934869289398,
        "8": 0.35533371567726135,
        "9": 0.352113276720047
    },
    "160": {
        "0": 0.3783256709575653,
        "1": 0.3754158020019531,
        "2": 0.3708019256591797,
        "3": 0.36972254514694214,
        "4": 0.36640065908432007,
        "5": 0.3662617802619934,
        "6": 0.3653625249862671,
        "7": 0.3648098111152649,
        "8": 0.36199110746383667,
        "9": 0.36085590720176697
    },
    "176": {
        "0": 0.3579123616218567,
        "1": 0.35730046033859253,
        "2": 0.3514462113380432,
        "3": 0.3491416871547699,
        "4": 0.3485133647918701,
        "5": 0.3474244773387909,
        "6": 0.34736698865890503,
        "7": 0.34684520959854126,
        "8": 0.34314000606536865,
        "9": 0.34233444929122925
    },
    "192": {
        "0": 0.36754077672958374,
        "1": 0.36368685960769653,
        "2": 0.3618251085281372,
        "3": 0.35734492540359497,
        "4": 0.356702595949173,
        "5": 0.35649633407592773,
        "6": 0.3564513623714447,
        "7": 0.3561778664588928,
        "8": 0.3541848659515381,
        "9": 0.350365549325943
    },
    "208": {
        "0": 0.36721351742744446,
        "1": 0.3633522093296051,
        "2": 0.3621014952659607,
        "3": 0.3568843603134155,
        "4": 0.3565062880516052,
        "5": 0.35634857416152954,
        "6": 0.3561243414878845,
        "7": 0.3544352054595947,
        "8": 0.3538912832736969,
        "9": 0.34911325573921204
    },
    "224": {
        "0": 0.3771688938140869,
        "1": 0.375292032957077,
        "2": 0.37097451090812683,
        "3": 0.3665935695171356,
        "4": 0.36657634377479553,
        "5": 0.3661733865737915,
        "6": 0.3653838634490967,
        "7": 0.3636866807937622,
        "8": 0.36037614941596985,
        "9": 0.3595012426376343
    },
    "240": {
        "0": 0.3696605861186981,
        "1": 0.36940616369247437,
        "2": 0.36508873105049133,
        "3": 0.3599024713039398,
        "4": 0.3579123616218567,
        "5": 0.35779425501823425,
        "6": 0.357718288898468,
        "7": 0.35771462321281433,
        "8": 0.3571016490459442,
        "9": 0.3530161678791046
    },
    "256": {
        "0": 0.373076468706131,
        "1": 0.37113791704177856,
        "2": 0.3668816387653351,
        "3": 0.36211660504341125,
        "4": 0.3618701100349426,
        "5": 0.36182600259780884,
        "6": 0.361758828163147,
        "7": 0.36119943857192993,
        "8": 0.3590402603149414,
        "9": 0.3551967442035675
    },
    "272": {
        "0": 0.36896997690200806,
        "1": 0.36451417207717896,
        "2": 0.36249861121177673,
        "3": 0.35869690775871277,
        "4": 0.35837170481681824,
        "5": 0.35836178064346313,
        "6": 0.35794636607170105,
        "7": 0.3579130470752716,
        "8": 0.35590410232543945,
        "9": 0.3519080877304077
    },
    "288": {
        "0": 0.3773486912250519,
        "1": 0.37556129693984985,
        "2": 0.36942195892333984,
        "3": 0.36579206585884094,
        "4": 0.3656361699104309,
        "5": 0.36494600772857666,
        "6": 0.364468514919281,
        "7": 0.3638859987258911,
        "8": 0.3633720874786377,
        "9": 0.36048367619514465
    },
    "304": {
        "0": 0.3714607059955597,
        "1": 0.36940237879753113,
        "2": 0.36244067549705505,
        "3": 0.36137405037879944,
        "4": 0.3612425625324249,
        "5": 0.3599165976047516,
        "6": 0.359773725271225,
        "7": 0.3570825755596161,
        "8": 0.3568008542060852,
        "9": 0.35489317774772644
    },
    "320": {
        "0": 0.3781087100505829,
        "1": 0.37376049160957336,
        "2": 0.36790958046913147,
        "3": 0.36468517780303955,
        "4": 0.3642367124557495,
        "5": 0.36380571126937866,
        "6": 0.36373627185821533,
        "7": 0.36166617274284363,
        "8": 0.3614767789840698,
        "9": 0.3594711124897003
    },
    "336": {
        "0": 0.37577030062675476,
        "1": 0.3735283315181732,
        "2": 0.3682407736778259,
        "3": 0.3645889461040497,
        "4": 0.364567369222641,
        "5": 0.3640022575855255,
        "6": 0.36387696862220764,
        "7": 0.36039021611213684,
        "8": 0.3600805997848511,
        "9": 0.35674595832824707
    },
    "352": {
        "0": 0.37956759333610535,
        "1": 0.3771558403968811,
        "2": 0.37207406759262085,
        "3": 0.36895453929901123,
        "4": 0.36868801712989807,
        "5": 0.36803704500198364,
        "6": 0.3678351640701294,