{
    "0": {
        "0": 0.34055769443511963,
        "1": 0.3374793231487274,
        "2": 0.33626893162727356,
        "3": 0.3350808620452881,
        "4": 0.33427807688713074,
        "5": 0.33372896909713745,
        "6": 0.32842135429382324,
        "7": 0.3261244297027588,
        "8": 0.3238706886768341,
        "9": 0.3229316771030426
    },
    "16": {
        "0": 0.33530083298683167,
        "1": 0.33073070645332336,
        "2": 0.3290614187717438,
        "3": 0.32883623242378235,
        "4": 0.328623503446579,
        "5": 0.32721811532974243,
        "6": 0.3229759633541107,
        "7": 0.31973493099212646,
        "8": 0.3170244097709656,
        "9": 0.31595224142074585
    },
    "32": {
        "0": 0.33824628591537476,
        "1": 0.3349357545375824,
        "2": 0.3344387710094452,
        "3": 0.33309245109558105,
        "4": 0.3320924639701843,
        "5": 0.3306029438972473,
        "6": 0.328738272190094,
        "7": 0.3235008716583252,
        "8": 0.3228210210800171,
        "9": 0.32143634557724
    },
    "48": {
        "0": 0.3337322771549225,
        "1": 0.33139243721961975,
        "2": 0.3303791582584381,
        "3": 0.3299562633037567,
        "4": 0.3295697569847107,
        "5": 0.3280104994773865,
        "6": 0.32323718070983887,
        "7": 0.320618212223053,
        "8": 0.31808310747146606,
        "9": 0.31718870997428894
    },
    "64": {
        "0": 0.3292176425457001,
        "1": 0.3268865644931793,
        "2": 0.32621142268180847,
        "3": 0.32609039545059204,
        "4": 0.32558903098106384,
        "5": 0.3235422670841217,
        "6": 0.3175233006477356,
        "7": 0.316567987203598,
        "8": 0.3132566511631012,
        "9": 0.312649130821228
    },
    "80": {
        "0": 0.3326750695705414,
        "1": 0.32906901836395264,
        "2": 0.3284866511821747,
        "3": 0.3284732401371002,
        "4": 0.32773542404174805,
        "5": 0.3259030282497406,
        "6": 0.32194003462791443,
        "7": 0.3180237412452698,
        "8": 0.3158566951751709,
        "9": 0.3149780333042145
    },
    "96": {
        "0": 0.3343784809112549,
        "1": 0.3301883637905121,
        "2": 0.32995808124542236,
        "3": 0.32957538962364197,
        "4": 0.328285813331604,
        "5": 0.3268970251083374,
        "6": 0.32168102264404297,
        "7": 0.3190945088863373,
        "8": 0.315981924533844,
        "9": 0.3155280351638794
    },
    "112": {
        "0": 0.33440449833869934,
        "1": 0.3304854929447174,
        "2": 0.329614520072937,
        "3": 0.32957541942596436,
        "4": 0.3279692828655243,
        "5": 0.3271521031856537,
        "6": 0.3215513527393341,
        "7": 0.31847286224365234,
        "8": 0.31603947281837463,
        "9": 0.3157012462615967
    },
    "128": {
        "0": 0.33500736951828003,
        "1": 0.3315981328487396,
        "2": 0.33119499683380127,
        "3": 0.3298649191856384,
        "4": 0.32873019576072693,
        "5": 0.32765132188796997,
        "6": 0.32104116678237915,
        "7": 0.32018280029296875,
        "8": 0.31780627369880676,
        "9": 0.31709134578704834
    },
    "144": {
        "0": 0.33745118975639343,
        "1": 0.33641424775123596,
        "2": 0.3353864848613739,
        "3": 0.33450859785079956,
        "4": 0.33397576212882996,
        "5": 0.3326914608478546,
        "6": 0.32498934864997864,
        "7": 0.3242489993572235,
        "8": 0.32302799820899963,
        "9": 0.3204284906387329
    },
    "160": {
        "0": 0.33853623270988464,
        "1": 0.3349262773990631,
        "2": 0.3345508873462677,
        "3": 0.3339546024799347,
        "4": 0.33270540833473206,
        "5": 0.331545352935791,
        "6": 0.3272451162338257,
        "7": 0.32315492630004883,
        "8": 0.32184910774230957,
        "9": 0.3210689425468445
    },
    "176": {
        "0": 0.3381271958351135,
        "1": 0.3365217447280884,
        "2": 0.33607813715934753,
        "3": 0.3353325128555298,
        "4": 0.3346920311450958,
        "5": 0.3340698182582855,
        "6": 0.32580554485321045,
        "7": 0.3253454267978668,
        "8": 0.322439968585968,
        "9": 0.3218368887901306
    },
    "192": {
        "0": 0.33907172083854675,
        "1": 0.337520956993103,
        "2": 0.33636441826820374,
        "3": 0.3356820046901703,
        "4": 0.3354934751987457,
        "5": 0.33487462997436523,
        "6": 0.326295405626297,
        "7": 0.3257785141468048,
        "8": 0.3235445022583008,
        "9": 0.3218148946762085
    },
    "208": {
        "0": 0.34050530195236206,
        "1": 0.338301420211792,
        "2": 0.3369857966899872,
        "3": 0.33598217368125916,
        "4": 0.33589014410972595,
        "5": 0.3352908194065094,
        "6": 0.3270222246646881,
        "7": 0.32684311270713806,
        "8": 0.3246834874153137,
        "9": 0.3239172697067261
    },
    "224": {
        "0": 0.34463661909103394,
        "1": 0.34339696168899536,
        "2": 0.34170570969581604,
        "3": 0.34100475907325745,
        "4": 0.3408486545085907,
        "5": 0.3406400978565216,
        "6": 0.33227717876434326,
        "7": 0.3308927118778229,
        "8": 0.33061426877975464,
        "9": 0.3288500905036926
    },
    "240": {
        "0": 0.3438105285167694,
        "1": 0.3426617383956909,
        "2": 0.3399561643600464,
        "3": 0.33992308378219604,
        "4": 0.3399147689342499,
        "5": 0.3390973210334778,
        "6": 0.33233150839805603,
        "7": 0.33080241084098816,
        "8": 0.329241544008255,
        "9": 0.32842615246772766
    },
    "256": {
        "0": 0.3428570628166199,
        "1": 0.34246817231178284,
        "2": 0.33999714255332947,
        "3": 0.3396385908126831,
        "4": 0.3391048312187195,
        "5": 0.33839377760887146,
        "6": 0.3317771255970001,
        "7": 0.33151453733444214,
        "8": 0.33010298013687134,
        "9": 0.3293946385383606
    },
    "272": {
        "0": 0.34572213888168335,
        "1": 0.3446364402770996,
        "2": 0.34289252758026123,
        "3": 0.3426932692527771,
        "4": 0.3420886993408203,
        "5": 0.3414975106716156,
        "6": 0.33342480659484863,
        "7": 0.3327200412750244,
        "8": 0.3322605490684509,
        "9": 0.33080580830574036
    },
    "288": {
        "0": 0.3423691391944885,
        "1": 0.3422218859195709,
        "2": 0.34097057580947876,
        "3": 0.3390328288078308,
        "4": 0.33876463770866394,
        "5": 0.33769872784614563,
        "6": 0.3311429023742676,
        "7": 0.3303203284740448,
        "8": 0.3291012644767761,
        "9": 0.3287699818611145
    },
    "304": {
        "0": 0.3433488607406616,
        "1": 0.34139129519462585,
        "2": 0.3408360183238983,
        "3": 0.3387430012226105,
        "4": 0.33799782395362854,
        "5": 0.33708351850509644,
        "6": 0.33246293663978577,
        "7": 0.3309648931026459,
        "8": 0.32934749126434326,
        "9": 0.32902124524116516
    },
    "320": {
        "0": 0.3400126099586487,
        "1": 0.3383029103279114,
        "2": 0.33792293071746826,
        "3": 0.33625391125679016,
        "4": 0.33598265051841736,
        "5": 0.3344886898994446,
        "6": 0.331392765045166,
        "7": 0.328557550907135,
        "8": 0.32795250415802,
        "9": 0.32649192214012146
    },
    "336": {
        "0": 0.3418925404548645,
        "1": 0.34071627259254456,
        "2": 0.3400919437408447,
        "3": 0.33767953515052795,
        "4": 0.3375457227230072,
        "5": 0.33577024936676025,
        "6": 0.33283689618110657,
        "7": 0.3294598162174225,
        "8": 0.3275468647480011,
        "9": 0.3268682062625885
    },
    "352": {
        "0": 0.33661776781082153,
        "1": 0.3345159888267517,
        "2": 0.33428293466567993,
        "3": 0.3318593502044678,
        "4": 0.3316059410572052,
        "5": 0.3297828733921051,
        "6": 0.32690712809562683,