{
    "0": {
        "0": 0.38390955328941345,
        "1": 0.3830960988998413,
        "2": 0.3828650712966919,
        "3": 0.3809008002281189,
        "4": 0.37831252813339233,
        "5": 0.37795156240463257,
        "6": 0.3712935745716095,
        "7": 0.3694540560245514,
        "8": 0.3681500554084778,
        "9": 0.3661077618598938
    },
    "16": {
        "0": 0.36735713481903076,
        "1": 0.3636429011821747,
        "2": 0.36126893758773804,
        "3": 0.3570097088813782,
        "4": 0.35579007863998413,
        "5": 0.35427090525627136,
        "6": 0.3518375754356384,
        "7": 0.34913697838783264,
        "8": 0.34849172830581665,
        "9": 0.34538882970809937
    },
    "32": {
        "0": 0.3641088604927063,
        "1": 0.3601876199245453,
        "2": 0.35243821144104004,
        "3": 0.3507903814315796,
        "4": 0.34900549054145813,
        "5": 0.347598671913147,
        "6": 0.3458038568496704,
        "7": 0.34472113847732544,
        "8": 0.34456342458724976,
        "9": 0.34295040369033813
    },
    "48": {
        "0": 0.3536643087863922,
        "1": 0.3524027466773987,
        "2": 0.3490823805332184,
        "3": 0.34419599175453186,
        "4": 0.343951553106308,
        "5": 0.339478999376297,
        "6": 0.3380609452724457,
        "7": 0.33403414487838745,
        "8": 0.3339478373527527,
        "9": 0.3335826098918915
    },
    "64": {
        "0": 0.3860417306423187,
        "1": 0.37766584753990173,
        "2": 0.37047863006591797,
        "3": 0.3680874705314636,
        "4": 0.3659101128578186,
        "5": 0.36122262477874756,
        "6": 0.36112263798713684,
        "7": 0.3592815697193146,
        "8": 0.3592415750026703,
        "9": 0.35725492238998413
    },
    "80": {
        "0": 0.390252947807312,
        "1": 0.386807382106781,
        "2": 0.37670156359672546,
        "3": 0.36977359652519226,
        "4": 0.36536040902137756,
        "5": 0.364785373210907,
        "6": 0.36457687616348267,
        "7": 0.36249497532844543,
        "8": 0.36188480257987976,
        "9": 0.3616076111793518
    },
    "96": {
        "0": 0.362144410610199,
        "1": 0.35783907771110535,
        "2": 0.34970295429229736,
        "3": 0.3445323705673218,
        "4": 0.3408023715019226,
        "5": 0.3379448354244232,
        "6": 0.3364121615886688,
        "7": 0.33606281876564026,
        "8": 0.3343217074871063,
        "9": 0.33410972356796265
    },
    "112": {
        "0": 0.3625065088272095,
        "1": 0.3550100028514862,
        "2": 0.34754079580307007,
        "3": 0.347140371799469,
        "4": 0.34002232551574707,
        "5": 0.339977502822876,
        "6": 0.33933478593826294,
        "7": 0.33927297592163086,
        "8": 0.33898407220840454,
        "9": 0.3386439383029938
    },
    "128": {
        "0": 0.37340620160102844,
        "1": 0.36677318811416626,
        "2": 0.3590863049030304,
        "3": 0.3589639961719513,
        "4": 0.3563803434371948,
        "5": 0.35598036646842957,
        "6": 0.35319143533706665,
        "7": 0.3520878553390503,
        "8": 0.3510127663612366,
        "9": 0.3504239022731781
    },
    "144": {
        "0": 0.38343387842178345,
        "1": 0.3778392970561981,
        "2": 0.37034013867378235,
        "3": 0.3689952790737152,
        "4": 0.36658748984336853,
        "5": 0.36465707421302795,
        "6": 0.36382874846458435,
        "7": 0.36303281784057617,
        "8": 0.3627530038356781,
        "9": 0.35932600498199463
    },
    "160": {
        "0": 0.37368109822273254,
        "1": 0.3694416880607605,
        "2": 0.3628600835800171,
        "3": 0.3587886095046997,
        "4": 0.3552476465702057,
        "5": 0.3550407290458679,
        "6": 0.3539838492870331,
        "7": 0.3528333306312561,
        "8": 0.35082030296325684,
        "9": 0.34609463810920715
    },
    "176": {
        "0": 0.3818933665752411,
        "1": 0.3783453106880188,
        "2": 0.3711554706096649,
        "3": 0.36697545647621155,
        "4": 0.36285340785980225,
        "5": 0.36175599694252014,
        "6": 0.36120447516441345,
        "7": 0.3604736328125,
        "8": 0.35942500829696655,
        "9": 0.35585305094718933
    },
    "192": {
        "0": 0.3759721517562866,
        "1": 0.3725454807281494,
        "2": 0.3657507002353668,
        "3": 0.36259955167770386,
        "4": 0.36006173491477966,
        "5": 0.35892555117607117,
        "6": 0.35878658294677734,
        "7": 0.35581469535827637,
        "8": 0.35276976227760315,
        "9": 0.35186415910720825
    },
    "208": {
        "0": 0.37983235716819763,
        "1": 0.37553319334983826,
        "2": 0.3690378665924072,
        "3": 0.3644903004169464,
        "4": 0.361794650554657,
        "5": 0.3610875606536865,
        "6": 0.36023950576782227,
        "7": 0.35776686668395996,
        "8": 0.3574097454547882,
        "9": 0.35324952006340027
    },
    "224": {
        "0": 0.37518468499183655,
        "1": 0.37086164951324463,
        "2": 0.3638477623462677,
        "3": 0.35902824997901917,
        "4": 0.3573063611984253,
        "5": 0.3567539155483246,
        "6": 0.35671043395996094,
        "7": 0.355120986700058,
        "8": 0.3537715673446655,
        "9": 0.3499230444431305
    },
    "240": {
        "0": 0.3747923672199249,
        "1": 0.3694085478782654,
        "2": 0.3617566227912903,
        "3": 0.3590782880783081,
        "4": 0.3570515215396881,
        "5": 0.35636821389198303,
        "6": 0.3552370071411133,
        "7": 0.353726327419281,
        "8": 0.3528800308704376,
        "9": 0.3502200245857239
    },
    "256": {
        "0": 0.3803575932979584,
        "1": 0.37787333130836487,
        "2": 0.37033313512802124,
        "3": 0.3632841110229492,
        "4": 0.36220359802246094,
        "5": 0.3620779514312744,
        "6": 0.36143335700035095,
        "7": 0.35958001017570496,
        "8": 0.35941120982170105,
        "9": 0.3558022081851959
    },
    "272": {
        "0": 0.37585127353668213,
        "1": 0.3713718354701996,
        "2": 0.36475494503974915,
        "3": 0.360718309879303,
        "4": 0.358360230922699,
        "5": 0.3566078543663025,
        "6": 0.3561957776546478,
        "7": 0.3537965416908264,
        "8": 0.35344845056533813,
        "9": 0.3488251566886902
    },
    "288": {
        "0": 0.37317103147506714,
        "1": 0.36728107929229736,
        "2": 0.36126959323883057,
        "3": 0.3585950434207916,
        "4": 0.3565986752510071,
        "5": 0.3553260862827301,
        "6": 0.3544858694076538,
        "7": 0.3520659804344177,
        "8": 0.35179874300956726,
        "9": 0.3480868339538574
    },
    "304": {
        "0": 0.3740288019180298,
        "1": 0.367829293012619,
        "2": 0.3674040138721466,
        "3": 0.36635422706604004,
        "4": 0.364140123128891,
        "5": 0.36326029896736145,
        "6": 0.36242884397506714,
        "7": 0.3624190390110016,
        "8": 0.3605695962905884,
        "9": 0.3601013720035553
    },
    "320": {
        "0": 0.3757224678993225,
        "1": 0.37566497921943665,
        "2": 0.3715929090976715,
        "3": 0.36965784430503845,
        "4": 0.36692893505096436,
        "5": 0.3667478859424591,
        "6": 0.36460161209106445,
        "7": 0.3645881414413452,
        "8": 0.3645212650299072,
        "9": 0.3643419146537781
    },
    "336": {
        "0": 0.3577055037021637,
        "1": 0.354955792427063,
        "2": 0.35417625308036804,
        "3": 0.3539610505104065,
        "4": 0.3524039387702942,
        "5": 0.3514319658279419,
        "6": 0.35087117552757263,
        "7": 0.3501087427139282,
        "8": 0.3499799370765686,
        "9": 0.3472995460033417
    },
    "352": {
        "0": 0.37942078709602356,
        "1": 0.3784973919391632,
        "2": 0.3778631389141083,
        "3": 0.3777795433998108,
        "4": 0.37485000491142273,
        "5": 0.3743358254432678,
        "6": 0.3706872761249542,