{
    "0": {
        "0": 0.3662084639072418,
        "1": 0.35126641392707825,
        "2": 0.3488425612449646,
        "3": 0.34865802526474,
        "4": 0.3471033275127411,
        "5": 0.3465996980667114,
        "6": 0.34511610865592957,
        "7": 0.34128743410110474,
        "8": 0.34096625447273254,
        "9": 0.33797964453697205
    },
    "16": {
        "0": 0.3600066602230072,
        "1": 0.34910377860069275,
        "2": 0.3465324640274048,
        "3": 0.3450547456741333,
        "4": 0.3430521786212921,
        "5": 0.3415289521217346,
        "6": 0.3397888243198395,
        "7": 0.33896970748901367,
        "8": 0.3386150300502777,
        "9": 0.33562228083610535
    },
    "32": {
        "0": 0.35189923644065857,
        "1": 0.3409194350242615,
        "2": 0.33982914686203003,
        "3": 0.3328477144241333,
        "4": 0.3323116600513458,
        "5": 0.33216381072998047,
        "6": 0.3315857946872711,
        "7": 0.3306451141834259,
        "8": 0.3289616107940674,
        "9": 0.3271714746952057
    },
    "48": {
        "0": 0.35485583543777466,
        "1": 0.34779131412506104,
        "2": 0.3458791673183441,
        "3": 0.3413112163543701,
        "4": 0.3376704752445221,
        "5": 0.33503538370132446,
        "6": 0.3339349627494812,
        "7": 0.3330269455909729,
        "8": 0.3310873508453369,
        "9": 0.3293943703174591
    },
    "64": {
        "0": 0.35297057032585144,
        "1": 0.3459150493144989,
        "2": 0.33935093879699707,
        "3": 0.3383846580982208,
        "4": 0.33588945865631104,
        "5": 0.335245281457901,
        "6": 0.3317514657974243,
        "7": 0.3298191726207733,
        "8": 0.3283109962940216,
        "9": 0.3279052674770355
    },
    "80": {
        "0": 0.3449144661426544,
        "1": 0.3367639482021332,
        "2": 0.33387356996536255,
        "3": 0.3330002427101135,
        "4": 0.33093661069869995,
        "5": 0.3291654586791992,
        "6": 0.3267710506916046,
        "7": 0.3245312571525574,
        "8": 0.32004791498184204,
        "9": 0.31871962547302246
    },
    "96": {
        "0": 0.3566824793815613,
        "1": 0.35133349895477295,
        "2": 0.3475099802017212,
        "3": 0.3471723794937134,
        "4": 0.34626272320747375,
        "5": 0.3461645245552063,
        "6": 0.33880409598350525,
        "7": 0.338496595621109,
        "8": 0.33575788140296936,
        "9": 0.3349396586418152
    },
    "112": {
        "0": 0.35193896293640137,
        "1": 0.3432478904724121,
        "2": 0.34083420038223267,
        "3": 0.3403010070323944,
        "4": 0.33985811471939087,
        "5": 0.33647239208221436,
        "6": 0.334053099155426,
        "7": 0.33376210927963257,
        "8": 0.33241429924964905,
        "9": 0.32977262139320374
    },
    "128": {
        "0": 0.34876009821891785,
        "1": 0.34040430188179016,
        "2": 0.33897286653518677,
        "3": 0.3352472484111786,
        "4": 0.3352234959602356,
        "5": 0.3324792683124542,
        "6": 0.3323192298412323,
        "7": 0.3319190442562103,
        "8": 0.3316364586353302,
        "9": 0.3298603594303131
    },
    "144": {
        "0": 0.34715795516967773,
        "1": 0.34209513664245605,
        "2": 0.33874815702438354,
        "3": 0.3366745114326477,
        "4": 0.33651697635650635,
        "5": 0.33501291275024414,
        "6": 0.32858210802078247,
        "7": 0.3267461955547333,
        "8": 0.3249051570892334,
        "9": 0.32211363315582275
    },
    "160": {
        "0": 0.3543674349784851,
        "1": 0.34907129406929016,
        "2": 0.3465379774570465,
        "3": 0.34231820702552795,
        "4": 0.3422175943851471,
        "5": 0.33983829617500305,
        "6": 0.3368661403656006,
        "7": 0.3337875008583069,
        "8": 0.33362406492233276,
        "9": 0.3307547867298126
    },
    "176": {
        "0": 0.3393087387084961,
        "1": 0.33263275027275085,
        "2": 0.3290746808052063,
        "3": 0.32691219449043274,
        "4": 0.32586216926574707,
        "5": 0.32345718145370483,
        "6": 0.32271644473075867,
        "7": 0.3225540518760681,
        "8": 0.31820589303970337,
        "9": 0.3150794208049774
    },
    "192": {
        "0": 0.3556901514530182,
        "1": 0.3465381860733032,
        "2": 0.34431910514831543,
        "3": 0.3393072187900543,
        "4": 0.3386412262916565,
        "5": 0.3379329442977905,
        "6": 0.3374054729938507,
        "7": 0.3373398780822754,
        "8": 0.3369735777378082,
        "9": 0.33225682377815247
    },
    "208": {
        "0": 0.35518813133239746,
        "1": 0.34880053997039795,
        "2": 0.3439283072948456,
        "3": 0.3428063988685608,
        "4": 0.3394777178764343,
        "5": 0.33811819553375244,
        "6": 0.3376738429069519,
        "7": 0.33753570914268494,
        "8": 0.3354406952857971,
        "9": 0.3333054780960083
    },
    "224": {
        "0": 0.35180655121803284,
        "1": 0.34869545698165894,
        "2": 0.3464931845664978,
        "3": 0.3420943319797516,
        "4": 0.34059959650039673,
        "5": 0.33977222442626953,
        "6": 0.33704063296318054,
        "7": 0.335256427526474,
        "8": 0.33324259519577026,
        "9": 0.33282843232154846
    },
    "240": {
        "0": 0.3545188009738922,
        "1": 0.3501337766647339,
        "2": 0.34706181287765503,
        "3": 0.34696701169013977,
        "4": 0.34316739439964294,
        "5": 0.34208256006240845,
        "6": 0.33821630477905273,
        "7": 0.33809465169906616,
        "8": 0.33466944098472595,
        "9": 0.3346197307109833
    },
    "256": {
        "0": 0.3603087365627289,
        "1": 0.3513443171977997,
        "2": 0.35038766264915466,
        "3": 0.3481375277042389,
        "4": 0.3481360077857971,
        "5": 0.34540390968322754,
        "6": 0.3451478183269501,
        "7": 0.34221506118774414,
        "8": 0.33896946907043457,
        "9": 0.33637216687202454
    },
    "272": {
        "0": 0.35352838039398193,
        "1": 0.3473377525806427,
        "2": 0.34367674589157104,
        "3": 0.34060171246528625,
        "4": 0.33927005529403687,
        "5": 0.33737364411354065,
        "6": 0.3363025486469269,
        "7": 0.3319215774536133,
        "8": 0.3303191363811493,
        "9": 0.32955697178840637
    },
    "288": {
        "0": 0.34928590059280396,
        "1": 0.344770222902298,
        "2": 0.3405537009239197,
        "3": 0.33995044231414795,
        "4": 0.33754661679267883,
        "5": 0.33700135350227356,
        "6": 0.3326011002063751,
        "7": 0.3319230079650879,
        "8": 0.3299561142921448,
        "9": 0.32579419016838074
    },
    "304": {
        "0": 0.35592809319496155,
        "1": 0.3499361276626587,
        "2": 0.34823644161224365,
        "3": 0.34820520877838135,
        "4": 0.3477732241153717,
        "5": 0.343776136636734,
        "6": 0.34255877137184143,
        "7": 0.33887314796447754,
        "8": 0.33809328079223633,
        "9": 0.33448731899261475
    },
    "320": {
        "0": 0.347398042678833,
        "1": 0.3418689966201782,
        "2": 0.3396361172199249,
        "3": 0.33653485774993896,
        "4": 0.3357343077659607,
        "5": 0.3344353139400482,
        "6": 0.3318304121494293,
        "7": 0.33148959279060364,
        "8": 0.3310436010360718,
        "9": 0.32998135685920715
    },
    "336": {
        "0": 0.3546832501888275,
        "1": 0.3424852788448334,
        "2": 0.3408174514770508,
        "3": 0.3403163552284241,
        "4": 0.33711642026901245,
        "5": 0.3367950916290283,
        "6": 0.33511659502983093,
        "7": 0.3350549340248108,
        "8": 0.3343813717365265,
        "9": 0.33013400435447693
    },
    "352": {
        "0": 0.3606400489807129,
        "1": 0.3517354428768158,
        "2": 0.34672051668167114,
        "3": 0.34433290362358093,
        "4": 0.34178099036216736,
        "5": 0.3405627906322479,