{
    "0": {
        "0": 0.3617309033870697,
        "1": 0.3589446544647217,
        "2": 0.35802969336509705,
        "3": 0.355466365814209,
        "4": 0.3500666320323944,
        "5": 0.34442052245140076,
        "6": 0.3432368040084839,
        "7": 0.34228387475013733,
        "8": 0.339302122592926,
        "9": 0.3392302989959717
    },
    "16": {
        "0": 0.3588455319404602,
        "1": 0.3582165837287903,
        "2": 0.3541733920574188,
        "3": 0.35334479808807373,
        "4": 0.345906138420105,
        "5": 0.3454079329967499,
        "6": 0.3436853885650635,
        "7": 0.3427194058895111,
        "8": 0.3376060426235199,
        "9": 0.3373037874698639
    },
    "32": {
        "0": 0.35955196619033813,
        "1": 0.35695362091064453,
        "2": 0.3543258011341095,
        "3": 0.3516521155834198,
        "4": 0.3514878749847412,
        "5": 0.34371352195739746,
        "6": 0.343635618686676,
        "7": 0.34077614545822144,
        "8": 0.34062159061431885,
        "9": 0.3358588218688965
    },
    "48": {
        "0": 0.3628171980381012,
        "1": 0.3613593876361847,
        "2": 0.35855376720428467,
        "3": 0.3552221655845642,
        "4": 0.3524753451347351,
        "5": 0.3501530587673187,
        "6": 0.3475443124771118,
        "7": 0.3433423936367035,
        "8": 0.34244227409362793,
        "9": 0.34230899810791016
    },
    "64": {
        "0": 0.3681386411190033,
        "1": 0.366597443819046,
        "2": 0.35783281922340393,
        "3": 0.35621944069862366,
        "4": 0.3521420657634735,
        "5": 0.35200560092926025,
        "6": 0.3484422564506531,
        "7": 0.34771960973739624,
        "8": 0.34239327907562256,
        "9": 0.3418465256690979
    },
    "80": {
        "0": 0.3695193827152252,
        "1": 0.36767736077308655,
        "2": 0.36053353548049927,
        "3": 0.35869455337524414,
        "4": 0.3546370565891266,
        "5": 0.3538524806499481,
        "6": 0.35064074397087097,
        "7": 0.34969741106033325,
        "8": 0.34607088565826416,
        "9": 0.34482327103614807
    },
    "96": {
        "0": 0.3678511381149292,
        "1": 0.3662760555744171,
        "2": 0.35912302136421204,
        "3": 0.35633227229118347,
        "4": 0.3532122075557709,
        "5": 0.35233286023139954,
        "6": 0.34855273365974426,
        "7": 0.34852010011672974,
        "8": 0.3445259630680084,
        "9": 0.34239745140075684
    },
    "112": {
        "0": 0.3698037564754486,
        "1": 0.36763179302215576,
        "2": 0.3632093071937561,
        "3": 0.35942044854164124,
        "4": 0.35585933923721313,
        "5": 0.35447126626968384,
        "6": 0.3515908122062683,
        "7": 0.34921711683273315,
        "8": 0.3446301817893982,
        "9": 0.34437933564186096
    },
    "128": {
        "0": 0.36614134907722473,
        "1": 0.3661000430583954,
        "2": 0.3614674210548401,
        "3": 0.3606524169445038,
        "4": 0.3535689115524292,
        "5": 0.3516944348812103,
        "6": 0.3513975143432617,
        "7": 0.34963637590408325,
        "8": 0.3464144468307495,
        "9": 0.3459816575050354
    },
    "144": {
        "0": 0.3740154504776001,
        "1": 0.36750566959381104,
        "2": 0.36345210671424866,
        "3": 0.3621582090854645,
        "4": 0.35941705107688904,
        "5": 0.35855159163475037,
        "6": 0.35500025749206543,
        "7": 0.3534579873085022,
        "8": 0.3531535267829895,
        "9": 0.35035446286201477
    },
    "160": {
        "0": 0.3732469379901886,
        "1": 0.3725444972515106,
        "2": 0.37240973114967346,
        "3": 0.3706966042518616,
        "4": 0.3667072355747223,
        "5": 0.3583560883998871,
        "6": 0.3560389280319214,
        "7": 0.3554489016532898,
        "8": 0.35506290197372437,
        "9": 0.35326439142227173
    },
    "176": {
        "0": 0.37385445833206177,
        "1": 0.3643771708011627,
        "2": 0.36349910497665405,
        "3": 0.36145099997520447,
        "4": 0.36000633239746094,
        "5": 0.3547194302082062,
        "6": 0.35073068737983704,
        "7": 0.34969133138656616,
        "8": 0.34915927052497864,
        "9": 0.3442980945110321
    },
    "192": {
        "0": 0.37794622778892517,
        "1": 0.368502140045166,
        "2": 0.3674030303955078,
        "3": 0.3644102215766907,
        "4": 0.361764132976532,
        "5": 0.35861071944236755,
        "6": 0.3573916256427765,
        "7": 0.35737985372543335,
        "8": 0.3544658124446869,
        "9": 0.35379037261009216
    },
    "208": {
        "0": 0.37845590710639954,
        "1": 0.3665609061717987,
        "2": 0.36578938364982605,
        "3": 0.3635256588459015,
        "4": 0.3626554012298584,
        "5": 0.3587782382965088,
        "6": 0.35718879103660583,
        "7": 0.35686230659484863,
        "8": 0.3560919165611267,
        "9": 0.35111963748931885
    },
    "224": {
        "0": 0.3790641725063324,
        "1": 0.3703746497631073,
        "2": 0.3675943613052368,
        "3": 0.36660879850387573,
        "4": 0.3618289828300476,
        "5": 0.36156922578811646,
        "6": 0.35916101932525635,
        "7": 0.35715222358703613,
        "8": 0.35640963912010193,
        "9": 0.35492321848869324
    },
    "240": {
        "0": 0.38428327441215515,
        "1": 0.37859833240509033,
        "2": 0.3752134442329407,
        "3": 0.3718182444572449,
        "4": 0.37062156200408936,
        "5": 0.3693377673625946,
        "6": 0.36806434392929077,
        "7": 0.3642449378967285,
        "8": 0.36379143595695496,
        "9": 0.3615872859954834
    },
    "256": {
        "0": 0.37504449486732483,
        "1": 0.37113016843795776,
        "2": 0.3674854636192322,
        "3": 0.365142285823822,
        "4": 0.3611668348312378,
        "5": 0.3610515594482422,
        "6": 0.35838189721107483,
        "7": 0.355618417263031,
        "8": 0.35544878244400024,
        "9": 0.3540186583995819
    },
    "272": {
        "0": 0.3775956928730011,
        "1": 0.3726595640182495,
        "2": 0.3698912262916565,
        "3": 0.36511653661727905,
        "4": 0.3638177812099457,
        "5": 0.36335423588752747,
        "6": 0.36208486557006836,
        "7": 0.3554837107658386,
        "8": 0.35385119915008545,
        "9": 0.35350289940834045
    },
    "288": {
        "0": 0.3764360249042511,
        "1": 0.3741992712020874,
        "2": 0.372810959815979,
        "3": 0.36708080768585205,
        "4": 0.3660277724266052,
        "5": 0.3615659475326538,
        "6": 0.36137181520462036,
        "7": 0.3580780625343323,
        "8": 0.3578431308269501,
        "9": 0.3577168881893158
    },
    "304": {
        "0": 0.3786933124065399,
        "1": 0.3781866133213043,
        "2": 0.37095022201538086,
        "3": 0.37055283784866333,
        "4": 0.36732518672943115,
        "5": 0.36530590057373047,
        "6": 0.36288270354270935,
        "7": 0.3614163100719452,
        "8": 0.35850775241851807,
        "9": 0.357816219329834
    },
    "320": {
        "0": 0.3601783215999603,
        "1": 0.34837859869003296,
        "2": 0.34797924757003784,
        "3": 0.3466184139251709,
        "4": 0.3394550085067749,
        "5": 0.3390033543109894,
        "6": 0.33768847584724426,
        "7": 0.3343759775161743,
        "8": 0.33172810077667236,
        "9": 0.33142101764678955
    },
    "336": {
        "0": 0.3855191171169281,
        "1": 0.3838099539279938,
        "2": 0.3782871663570404,
        "3": 0.3771333396434784,
        "4": 0.36938655376434326,
        "5": 0.3688545227050781,
        "6": 0.36709314584732056,
        "7": 0.36689168214797974,
        "8": 0.36672481894493103,
        "9": 0.36300310492515564
    },
    "352": {
        "0": 0.37740209698677063,
        "1": 0.373127818107605,
        "2": 0.3722805380821228,
        "3": 0.3666093945503235,
        "4": 0.36510220170021057,
        "5": 0.36245232820510864,