{
    "0": {
        "0": 0.419862300157547,
        "1": 0.41741377115249634,
        "2": 0.4130792021751404,
        "3": 0.41021019220352173,
        "4": 0.4088992476463318,
        "5": 0.4088154435157776,
        "6": 0.4083281457424164,
        "7": 0.40703248977661133,
        "8": 0.4052261412143707,
        "9": 0.4046885371208191
    },
    "16": {
        "0": 0.41999757289886475,
        "1": 0.4196961224079132,
        "2": 0.41511040925979614,
        "3": 0.41299283504486084,
        "4": 0.40969327092170715,
        "5": 0.40913158655166626,
        "6": 0.4088904559612274,
        "7": 0.40856483578681946,
        "8": 0.40821999311447144,
        "9": 0.4064157009124756
    },
    "32": {
        "0": 0.4239616394042969,
        "1": 0.4226163923740387,
        "2": 0.41827210783958435,
        "3": 0.4161180853843689,
        "4": 0.4133659303188324,
        "5": 0.41248196363449097,
        "6": 0.41243889927864075,
        "7": 0.41208070516586304,
        "8": 0.4112683832645416,
        "9": 0.41062131524086
    },
    "48": {
        "0": 0.4208246171474457,
        "1": 0.417913556098938,
        "2": 0.4139553904533386,
        "3": 0.4116443693637848,
        "4": 0.40933144092559814,
        "5": 0.4086514115333557,
        "6": 0.4079815745353699,
        "7": 0.4074578881263733,
        "8": 0.40688201785087585,
        "9": 0.40565425157546997
    },
    "64": {
        "0": 0.42079615592956543,
        "1": 0.4187636375427246,
        "2": 0.414695680141449,
        "3": 0.41221609711647034,
        "4": 0.4090135991573334,
        "5": 0.4089382588863373,
        "6": 0.4081103205680847,
        "7": 0.40786629915237427,
        "8": 0.40766096115112305,
        "9": 0.40573734045028687
    },
    "80": {
        "0": 0.4212776720523834,
        "1": 0.4178389310836792,
        "2": 0.41386526823043823,
        "3": 0.4114745557308197,
        "4": 0.40817132592201233,
        "5": 0.40782609581947327,
        "6": 0.40769222378730774,
        "7": 0.40733325481414795,
        "8": 0.4069722294807434,
        "9": 0.40502336621284485
    },
    "96": {
        "0": 0.42102882266044617,
        "1": 0.41941872239112854,
        "2": 0.41524451971054077,
        "3": 0.4130808115005493,
        "4": 0.41072359681129456,
        "5": 0.40978461503982544,
        "6": 0.40964147448539734,
        "7": 0.40860334038734436,
        "8": 0.40807709097862244,
        "9": 0.40789809823036194
    },
    "112": {
        "0": 0.4197573959827423,
        "1": 0.41842788457870483,
        "2": 0.413754403591156,
        "3": 0.4119570255279541,
        "4": 0.4089159667491913,
        "5": 0.4085872769355774,
        "6": 0.4079391658306122,
        "7": 0.40653911232948303,
        "8": 0.4063621461391449,
        "9": 0.4059790074825287
    },
    "128": {
        "0": 0.42043259739875793,
        "1": 0.4187288284301758,
        "2": 0.41408079862594604,
        "3": 0.41177505254745483,
        "4": 0.41008564829826355,
        "5": 0.40879014134407043,
        "6": 0.40878021717071533,
        "7": 0.40824753046035767,
        "8": 0.4075220227241516,
        "9": 0.4064558446407318
    },
    "144": {
        "0": 0.4225155711174011,
        "1": 0.42070379853248596,
        "2": 0.41623055934906006,
        "3": 0.4139247238636017,
        "4": 0.41189074516296387,
        "5": 0.41178348660469055,
        "6": 0.4114658236503601,
        "7": 0.4112725555896759,
        "8": 0.4089016616344452,
        "9": 0.4084741473197937
    },
    "160": {
        "0": 0.42220011353492737,
        "1": 0.4200146794319153,
        "2": 0.4158954322338104,
        "3": 0.41331392526626587,
        "4": 0.41169753670692444,
        "5": 0.4106997549533844,
        "6": 0.4102320075035095,
        "7": 0.4101945757865906,
        "8": 0.40993598103523254,
        "9": 0.40911245346069336
    },
    "176": {
        "0": 0.42441409826278687,
        "1": 0.421099454164505,
        "2": 0.4172889292240143,
        "3": 0.4144786596298218,
        "4": 0.41371992230415344,
        "5": 0.4132377505302429,
        "6": 0.4130629599094391,
        "7": 0.4121887981891632,
        "8": 0.4106411933898926,
        "9": 0.41008737683296204
    },
    "192": {
        "0": 0.419636607170105,
        "1": 0.41898655891418457,
        "2": 0.4148765802383423,
        "3": 0.41272616386413574,
        "4": 0.41092297434806824,
        "5": 0.4095180332660675,
        "6": 0.4087687134742737,
        "7": 0.4084310829639435,
        "8": 0.40768006443977356,
        "9": 0.4066070020198822
    },
    "208": {
        "0": 0.42052552103996277,
        "1": 0.41950660943984985,
        "2": 0.41644492745399475,
        "3": 0.41409897804260254,
        "4": 0.41227737069129944,
        "5": 0.4121811091899872,
        "6": 0.41156721115112305,
        "7": 0.4107997715473175,
        "8": 0.4102838635444641,
        "9": 0.408253014087677
    },
    "224": {
        "0": 0.4235922396183014,
        "1": 0.4234163165092468,
        "2": 0.4194878935813904,
        "3": 0.4171196222305298,
        "4": 0.4147178828716278,
        "5": 0.41429194808006287,
        "6": 0.4137193262577057,
        "7": 0.4136204421520233,
        "8": 0.4125251770019531,
        "9": 0.4119340479373932
    },
    "240": {
        "0": 0.4193798303604126,
        "1": 0.41855481266975403,
        "2": 0.41454175114631653,
        "3": 0.4119217097759247,
        "4": 0.4083079397678375,
        "5": 0.40828755497932434,
        "6": 0.4080374240875244,
        "7": 0.4079369306564331,
        "8": 0.40752020478248596,
        "9": 0.40693560242652893
    },
    "256": {
        "0": 0.4200810492038727,
        "1": 0.4198201298713684,
        "2": 0.41570112109184265,
        "3": 0.413580983877182,
        "4": 0.4112298786640167,
        "5": 0.4110383093357086,
        "6": 0.40964046120643616,
        "7": 0.4084988534450531,
        "8": 0.4075157940387726,
        "9": 0.4073368012905121
    },
    "272": {
        "0": 0.4219571053981781,
        "1": 0.42041176557540894,
        "2": 0.4161786437034607,
        "3": 0.4137354791164398,
        "4": 0.4126049280166626,
        "5": 0.4109557867050171,
        "6": 0.41078266501426697,
        "7": 0.4104514718055725,
        "8": 0.4094843566417694,
        "9": 0.4081418812274933
    },
    "288": {
        "0": 0.42098209261894226,
        "1": 0.4186757504940033,
        "2": 0.41457921266555786,
        "3": 0.4120863080024719,
        "4": 0.4101577401161194,
        "5": 0.4087889790534973,
        "6": 0.40860486030578613,
        "7": 0.4079384207725525,
        "8": 0.40744394063949585,
        "9": 0.40606987476348877
    },
    "304": {
        "0": 0.4230658710002899,
        "1": 0.4227539002895355,
        "2": 0.4185436964035034,
        "3": 0.4164375960826874,
        "4": 0.4129685163497925,
        "5": 0.4125416576862335,
        "6": 0.41241252422332764,
        "7": 0.4115161597728729,
        "8": 0.41048213839530945,
        "9": 0.41045814752578735
    },
    "320": {
        "0": 0.4215525686740875,
        "1": 0.4208846092224121,
        "2": 0.4167780876159668,
        "3": 0.41471537947654724,
        "4": 0.4114913046360016,
        "5": 0.41088059544563293,
        "6": 0.41030895709991455,
        "7": 0.40899837017059326,
        "8": 0.40815117955207825,
        "9": 0.40788304805755615
    },
    "336": {
        "0": 0.4230020046234131,
        "1": 0.42052575945854187,
        "2": 0.41669970750808716,
        "3": 0.4139019250869751,
        "4": 0.41239967942237854,
        "5": 0.41191336512565613,
        "6": 0.41165077686309814,
        "7": 0.4114733040332794,
        "8": 0.4100345969200134,
        "9": 0.4084218144416809
    },
    "352": {
        "0": 0.4239060580730438,
        "1": 0.4220222234725952,
        "2": 0.4179871678352356,
        "3": 0.4158310890197754,
        "4": 0.413290411233902,
        "5": 0.41189485788345337,