{
    "0": {
        "0": 0.3803432881832123,
        "1": 0.3683024048805237,
        "2": 0.36727771162986755,
        "3": 0.3631243407726288,
        "4": 0.3627907931804657,
        "5": 0.3573452830314636,
        "6": 0.35582685470581055,
        "7": 0.3544022738933563,
        "8": 0.3531353175640106,
        "9": 0.3517340421676636
    },
    "16": {
        "0": 0.3827388882637024,
        "1": 0.38101983070373535,
        "2": 0.3781747817993164,
        "3": 0.37586697936058044,
        "4": 0.37301817536354065,
        "5": 0.3704100549221039,
        "6": 0.36914998292922974,
        "7": 0.36874279379844666,
        "8": 0.3666992485523224,
        "9": 0.3638300895690918
    },
    "32": {
        "0": 0.36765962839126587,
        "1": 0.3611654043197632,
        "2": 0.3553561568260193,
        "3": 0.3549499809741974,
        "4": 0.35229599475860596,
        "5": 0.35143059492111206,
        "6": 0.35088199377059937,
        "7": 0.34869202971458435,
        "8": 0.3470880389213562,
        "9": 0.3442648947238922
    },
    "48": {
        "0": 0.350810706615448,
        "1": 0.3456370532512665,
        "2": 0.3436528742313385,
        "3": 0.3370721638202667,
        "4": 0.33677858114242554,
        "5": 0.3358921408653259,
        "6": 0.3335699737071991,
        "7": 0.32794737815856934,
        "8": 0.3277781307697296,
        "9": 0.327485591173172
    },
    "64": {
        "0": 0.3559441864490509,
        "1": 0.35527166724205017,
        "2": 0.34733229875564575,
        "3": 0.3444116413593292,
        "4": 0.3420511484146118,
        "5": 0.3391035199165344,
        "6": 0.33890196681022644,
        "7": 0.3388357162475586,
        "8": 0.33501291275024414,
        "9": 0.3338032364845276
    },
    "80": {
        "0": 0.35480526089668274,
        "1": 0.35117605328559875,
        "2": 0.34676697850227356,
        "3": 0.34161484241485596,
        "4": 0.3392159044742584,
        "5": 0.337735116481781,
        "6": 0.337605744600296,
        "7": 0.3364928364753723,
        "8": 0.33302196860313416,
        "9": 0.3324037790298462
    },
    "96": {
        "0": 0.3628484308719635,
        "1": 0.361863374710083,
        "2": 0.3574807345867157,
        "3": 0.352934330701828,
        "4": 0.34984785318374634,
        "5": 0.3478791415691376,
        "6": 0.34764546155929565,
        "7": 0.34678080677986145,
        "8": 0.3445204794406891,
        "9": 0.3438419997692108
    },
    "112": {
        "0": 0.3711857497692108,
        "1": 0.37103691697120667,
        "2": 0.3669557571411133,
        "3": 0.3615003228187561,
        "4": 0.3578142821788788,
        "5": 0.3576176166534424,
        "6": 0.35416102409362793,
        "7": 0.3533526360988617,
        "8": 0.3531155288219452,
        "9": 0.3525118827819824
    },
    "128": {
        "0": 0.36381667852401733,
        "1": 0.3600407540798187,
        "2": 0.3547760844230652,
        "3": 0.34909987449645996,
        "4": 0.34600841999053955,
        "5": 0.3449377715587616,
        "6": 0.34219154715538025,
        "7": 0.34180399775505066,
        "8": 0.3409978449344635,
        "9": 0.34087204933166504
    },
    "144": {
        "0": 0.39088791608810425,
        "1": 0.36831799149513245,
        "2": 0.3670652508735657,
        "3": 0.3659505844116211,
        "4": 0.3641294240951538,
        "5": 0.3606280982494354,
        "6": 0.3550639748573303,
        "7": 0.35425829887390137,
        "8": 0.35008373856544495,
        "9": 0.3496883511543274
    },
    "160": {
        "0": 0.3551097512245178,
        "1": 0.3490997552871704,
        "2": 0.34805750846862793,
        "3": 0.3465982973575592,
        "4": 0.3455509543418884,
        "5": 0.3413647711277008,
        "6": 0.3357424736022949,
        "7": 0.3357185125350952,
        "8": 0.33443841338157654,
        "9": 0.33098721504211426
    },
    "176": {
        "0": 0.3487294316291809,
        "1": 0.3393377661705017,
        "2": 0.3380664587020874,
        "3": 0.3369136154651642,
        "4": 0.33301904797554016,
        "5": 0.3321017622947693,
        "6": 0.3278068006038666,
        "7": 0.320702463388443,
        "8": 0.320150762796402,
        "9": 0.31923168897628784
    },
    "192": {
        "0": 0.3631531596183777,
        "1": 0.3473026156425476,
        "2": 0.34355443716049194,
        "3": 0.3429274559020996,
        "4": 0.3416622281074524,
        "5": 0.33345580101013184,
        "6": 0.3316843509674072,
        "7": 0.3301521837711334,
        "8": 0.3299665153026581,
        "9": 0.3294881582260132
    },
    "208": {
        "0": 0.32823851704597473,
        "1": 0.3271068036556244,
        "2": 0.3199044466018677,
        "3": 0.31762009859085083,
        "4": 0.31201958656311035,
        "5": 0.31197723746299744,
        "6": 0.3078196346759796,
        "7": 0.3066176772117615,
        "8": 0.3024371266365051,
        "9": 0.3019760549068451
    },
    "224": {
        "0": 0.36278676986694336,
        "1": 0.3516581952571869,
        "2": 0.35019394755363464,
        "3": 0.3481273949146271,
        "4": 0.3469955325126648,
        "5": 0.34260621666908264,
        "6": 0.33931422233581543,
        "7": 0.33536630868911743,
        "8": 0.33286789059638977,
        "9": 0.3321473300457001
    },
    "240": {
        "0": 0.37870118021965027,
        "1": 0.3655180037021637,
        "2": 0.36323022842407227,
        "3": 0.3606550693511963,
        "4": 0.3597075641155243,
        "5": 0.35669654607772827,
        "6": 0.353206604719162,
        "7": 0.35244059562683105,
        "8": 0.3490394353866577,
        "9": 0.34878218173980713
    },
    "256": {
        "0": 0.3911129832267761,
        "1": 0.3694414496421814,
        "2": 0.3658408522605896,
        "3": 0.3656712472438812,
        "4": 0.36366719007492065,
        "5": 0.3602539598941803,
        "6": 0.35726138949394226,
        "7": 0.3558783531188965,
        "8": 0.3519938588142395,
        "9": 0.3517916798591614
    },
    "272": {
        "0": 0.3777031898498535,
        "1": 0.35872575640678406,
        "2": 0.3559984862804413,
        "3": 0.35446473956108093,
        "4": 0.35190558433532715,
        "5": 0.3479269742965698,
        "6": 0.34315863251686096,
        "7": 0.34167689085006714,
        "8": 0.34107068181037903,
        "9": 0.3395046293735504
    },
    "288": {
        "0": 0.37941038608551025,
        "1": 0.35992956161499023,
        "2": 0.35942646861076355,
        "3": 0.35595571994781494,
        "4": 0.3550249934196472,
        "5": 0.34981968998908997,
        "6": 0.3495069444179535,
        "7": 0.34921401739120483,
        "8": 0.34802886843681335,
        "9": 0.34642690420150757
    },
    "304": {
        "0": 0.4051399827003479,
        "1": 0.39878687262535095,
        "2": 0.3969878554344177,
        "3": 0.3947347402572632,
        "4": 0.3914758861064911,
        "5": 0.39109450578689575,
        "6": 0.3908047080039978,
        "7": 0.3886983394622803,
        "8": 0.3876205384731293,
        "9": 0.38705575466156006
    },
    "320": {
        "0": 0.3784279525279999,
        "1": 0.3752821981906891,
        "2": 0.36914756894111633,
        "3": 0.3664396405220032,
        "4": 0.3634462356567383,
        "5": 0.36157113313674927,
        "6": 0.3602190911769867,
        "7": 0.3580302894115448,
        "8": 0.35799095034599304,
        "9": 0.3534936308860779
    },
    "336": {
        "0": 0.37525510787963867,
        "1": 0.3724174499511719,
        "2": 0.3690241575241089,
        "3": 0.3631397485733032,
        "4": 0.3612106442451477,
        "5": 0.35890814661979675,
        "6": 0.35778141021728516,
        "7": 0.3568698465824127,
        "8": 0.3515351414680481,
        "9": 0.3491370677947998
    },
    "352": {
        "0": 0.3465617895126343,
        "1": 0.3423463702201843,
        "2": 0.3418879508972168,
        "3": 0.334210604429245,
        "4": 0.3332413136959076,
        "5": 0.3313112258911133,
        "6": 0.33120617270469666,