{
    "0": {
        "0": 0.33208248019218445,
        "1": 0.3305421471595764,
        "2": 0.3180585503578186,
        "3": 0.315059632062912,
        "4": 0.3100838363170624,
        "5": 0.30774083733558655,
        "6": 0.30754518508911133,
        "7": 0.30603885650634766,
        "8": 0.30501696467399597,
        "9": 0.3043321371078491
    },
    "16": {
        "0": 0.3326812982559204,
        "1": 0.33060646057128906,
        "2": 0.31959518790245056,
        "3": 0.3147628903388977,
        "4": 0.3100539445877075,
        "5": 0.30843162536621094,
        "6": 0.3082733750343323,
        "7": 0.3042503297328949,
        "8": 0.30379000306129456,
        "9": 0.30330556631088257
    },
    "32": {
        "0": 0.3344113230705261,
        "1": 0.33031630516052246,
        "2": 0.3176867365837097,
        "3": 0.3144546449184418,
        "4": 0.3102254867553711,
        "5": 0.30916357040405273,
        "6": 0.30910760164260864,
        "7": 0.3058758080005646,
        "8": 0.30243390798568726,
        "9": 0.3022996485233307
    },
    "48": {
        "0": 0.3326781988143921,
        "1": 0.3285534679889679,
        "2": 0.31730103492736816,
        "3": 0.3121143877506256,
        "4": 0.30811989307403564,
        "5": 0.30794423818588257,
        "6": 0.3066140413284302,
        "7": 0.30498579144477844,
        "8": 0.3026728332042694,
        "9": 0.3024490475654602
    },
    "64": {
        "0": 0.32507336139678955,
        "1": 0.32256633043289185,
        "2": 0.31079861521720886,
        "3": 0.30603116750717163,
        "4": 0.3016113042831421,
        "5": 0.3011731505393982,
        "6": 0.299910306930542,
        "7": 0.2976076602935791,
        "8": 0.2971334755420685,
        "9": 0.29673251509666443
    },
    "80": {
        "0": 0.33014580607414246,
        "1": 0.3260688781738281,
        "2": 0.31282758712768555,
        "3": 0.3094834089279175,
        "4": 0.306203156709671,
        "5": 0.3057638704776764,
        "6": 0.30400875210762024,
        "7": 0.3010445833206177,
        "8": 0.2993578314781189,
        "9": 0.2987542152404785
    },
    "96": {
        "0": 0.3341246545314789,
        "1": 0.33060526847839355,
        "2": 0.31635013222694397,
        "3": 0.3140508830547333,
        "4": 0.3108314573764801,
        "5": 0.3098432719707489,
        "6": 0.3082004189491272,
        "7": 0.3056877553462982,
        "8": 0.30497291684150696,
        "9": 0.30451130867004395
    },
    "112": {
        "0": 0.33239397406578064,
        "1": 0.32787826657295227,
        "2": 0.3137238323688507,
        "3": 0.3109905421733856,
        "4": 0.30854421854019165,
        "5": 0.3067547678947449,
        "6": 0.3053172528743744,
        "7": 0.3019038736820221,
        "8": 0.30165767669677734,
        "9": 0.3010491132736206
    },
    "128": {
        "0": 0.32861244678497314,
        "1": 0.3254449963569641,
        "2": 0.31165412068367004,
        "3": 0.30820539593696594,
        "4": 0.3057509958744049,
        "5": 0.3042338788509369,
        "6": 0.30249595642089844,
        "7": 0.3008105456829071,
        "8": 0.2999574542045593,
        "9": 0.2992832660675049
    },
    "144": {
        "0": 0.3280017673969269,
        "1": 0.32397422194480896,
        "2": 0.3102264106273651,
        "3": 0.3066321313381195,
        "4": 0.30474019050598145,
        "5": 0.3025393486022949,
        "6": 0.30141496658325195,
        "7": 0.2997119426727295,
        "8": 0.2973465919494629,
        "9": 0.29672306776046753
    },
    "160": {
        "0": 0.32999187707901,
        "1": 0.32650431990623474,
        "2": 0.31488296389579773,
        "3": 0.30800482630729675,
        "4": 0.3075140118598938,
        "5": 0.304852157831192,
        "6": 0.3035690188407898,
        "7": 0.30072924494743347,
        "8": 0.3005356788635254,
        "9": 0.2996464967727661
    },
    "176": {
        "0": 0.32070404291152954,
        "1": 0.31691792607307434,
        "2": 0.3056570589542389,
        "3": 0.2989233434200287,
        "4": 0.29884716868400574,
        "5": 0.2956676483154297,
        "6": 0.2938641607761383,
        "7": 0.2926047444343567,
        "8": 0.29259228706359863,
        "9": 0.2913273870944977
    },
    "192": {
        "0": 0.3204430639743805,
        "1": 0.3172867000102997,
        "2": 0.3064592480659485,
        "3": 0.29955318570137024,
        "4": 0.299329936504364,
        "5": 0.2958018481731415,
        "6": 0.2945980131626129,
        "7": 0.2915445864200592,
        "8": 0.29067420959472656,
        "9": 0.2894373834133148
    },
    "208": {
        "0": 0.36581388115882874,
        "1": 0.3625396490097046,
        "2": 0.3569530248641968,
        "3": 0.35332435369491577,
        "4": 0.35168614983558655,
        "5": 0.3464553654193878,
        "6": 0.34456396102905273,
        "7": 0.34448930621147156,
        "8": 0.3443149924278259,
        "9": 0.3418896198272705
    },
    "224": {
        "0": 0.36736175417900085,
        "1": 0.3633895814418793,
        "2": 0.36266520619392395,
        "3": 0.35191330313682556,
        "4": 0.3483700156211853,
        "5": 0.346384733915329,
        "6": 0.3462490141391754,
        "7": 0.3462058901786804,
        "8": 0.3445087671279907,
        "9": 0.3441787660121918
    },
    "240": {
        "0": 0.3647483289241791,
        "1": 0.3624899685382843,
        "2": 0.3582046627998352,
        "3": 0.3497541844844818,
        "4": 0.3494364619255066,
        "5": 0.34781795740127563,
        "6": 0.34649550914764404,
        "7": 0.34619003534317017,
        "8": 0.3452301621437073,
        "9": 0.34507229924201965
    },
    "256": {
        "0": 0.37840592861175537,
        "1": 0.37520530819892883,
        "2": 0.37062323093414307,
        "3": 0.3698073923587799,
        "4": 0.3692619204521179,
        "5": 0.36188989877700806,
        "6": 0.3616870045661926,
        "7": 0.36104848980903625,
        "8": 0.3598214089870453,
        "9": 0.35921183228492737
    },
    "272": {
        "0": 0.3733561635017395,
        "1": 0.3706333637237549,
        "2": 0.3652518391609192,
        "3": 0.36501210927963257,
        "4": 0.3645387589931488,
        "5": 0.36286795139312744,
        "6": 0.35676896572113037,
        "7": 0.3561367094516754,
        "8": 0.35573482513427734,
        "9": 0.3544747829437256
    },
    "288": {
        "0": 0.36698466539382935,
        "1": 0.3668338358402252,
        "2": 0.3657294511795044,
        "3": 0.3641638457775116,
        "4": 0.36350777745246887,
        "5": 0.36338284611701965,
        "6": 0.3622695207595825,
        "7": 0.36202478408813477,
        "8": 0.362020343542099,
        "9": 0.3611867129802704
    },
    "304": {
        "0": 0.32119566202163696,
        "1": 0.32002460956573486,
        "2": 0.31571975350379944,
        "3": 0.31472572684288025,
        "4": 0.3141249120235443,
        "5": 0.30986350774765015,
        "6": 0.30834054946899414,
        "7": 0.3078483045101166,
        "8": 0.3077513575553894,
        "9": 0.3073267340660095
    },
    "320": {
        "0": 0.3696215748786926,
        "1": 0.36851367354393005,
        "2": 0.3679642081260681,
        "3": 0.3668302297592163,
        "4": 0.3640824556350708,
        "5": 0.3632069230079651,
        "6": 0.362955242395401,
        "7": 0.36291056871414185,
        "8": 0.36263507604599,
        "9": 0.36256536841392517
    },
    "336": {
        "0": 0.36315304040908813,
        "1": 0.35405439138412476,
        "2": 0.3533594608306885,
        "3": 0.3533291518688202,
        "4": 0.352936714887619,
        "5": 0.35140955448150635,
        "6": 0.350725919008255,
        "7": 0.3497565686702728,
        "8": 0.3495510220527649,
        "9": 0.348981648683548
    },
    "352": {
        "0": 0.37423551082611084,
        "1": 0.3736255168914795,
        "2": 0.37067243456840515,
        "3": 0.36621084809303284,
        "4": 0.36353248357772827,
        "5": 0.3604176342487335,
        "6": 0.3589443564414978,