{
    "0": {
        "0": 0.3273111581802368,
        "1": 0.32117897272109985,
        "2": 0.3152981698513031,
        "3": 0.31384164094924927,
        "4": 0.29717233777046204,
        "5": -3.4028234663852886e+38,
        "6": -3.4028234663852886e+38,
        "7": -3.4028234663852886e+38,
        "8": -3.4028234663852886e+38,
        "9": -3.4028234663852886e+38
    },
    "16": {
        "0": 0.3232556879520416,
        "1": 0.31789669394493103,
        "2": 0.3106197714805603,
        "3": 0.30994558334350586,
        "4": 0.2903911769390106,
        "5": -3.4028234663852886e+38,
        "6": -3.4028234663852886e+38,
        "7": -3.4028234663852886e+38,
        "8": -3.4028234663852886e+38,
        "9": -3.4028234663852886e+38
    },
    "32": {
        "0": 0.31860485672950745,
        "1": 0.3143935799598694,
        "2": 0.30754387378692627,
        "3": 0.30642712116241455,
        "4": 0.2892693877220154,
        "5": -3.4028234663852886e+38,
        "6": -3.4028234663852886e+38,
        "7": -3.4028234663852886e+38,
        "8": -3.4028234663852886e+38,
        "9": -3.4028234663852886e+38
    },
    "48": {
        "0": 0.3179057240486145,
        "1": 0.31272757053375244,
        "2": 0.30643630027770996,
        "3": 0.3056953549385071,
        "4": 0.28923454880714417,
        "5": -3.4028234663852886e+38,
        "6": -3.4028234663852886e+38,
        "7": -3.4028234663852886e+38,
        "8": -3.4028234663852886e+38,
        "9": -3.4028234663852886e+38
    },
    "64": {
        "0": 0.3169303834438324,
        "1": 0.3116796612739563,
        "2": 0.3050186038017273,
        "3": 0.3046486973762512,
        "4": 0.2875732183456421,
        "5": -3.4028234663852886e+38,
        "6": -3.4028234663852886e+38,
        "7": -3.4028234663852886e+38,
        "8": -3.4028234663852886e+38,
        "9": -3.4028234663852886e+38
    },
    "80": {
        "0": 0.3169303834438324,
        "1": 0.3116796612739563,
        "2": 0.3050186038017273,
        "3": 0.3046486973762512,
        "4": 0.2875732183456421,
        "5": -3.4028234663852886e+38,
        "6": -3.4028234663852886e+38,
        "7": -3.4028234663852886e+38,
        "8": -3.4028234663852886e+38,
        "9": -3.4028234663852886e+38
    },
    "96": {
        "0": 0.3169303834438324,
        "1": 0.3116796612739563,
        "2": 0.3050186038017273,
        "3": 0.3046486973762512,
        "4": 0.2875732183456421,
        "5": -3.4028234663852886e+38,
        "6": -3.4028234663852886e+38,
        "7": -3.4028234663852886e+38,
        "8": -3.4028234663852886e+38,
        "9": -3.4028234663852886e+38
    },
    "112": {
        "0": 0.3169303834438324,
        "1": 0.3116796612739563,
        "2": 0.3050186038017273,
        "3": 0.3046486973762512,
        "4": 0.2875732183456421,
        "5": -3.4028234663852886e+38,
        "6": -3.4028234663852886e+38,
        "7": -3.4028234663852886e+38,
        "8": -3.4028234663852886e+38,
        "9": -3.4028234663852886e+38
    },
    "128": {
        "0": 0.3169303834438324,
        "1": 0.3116796612739563,
        "2": 0.3050186038017273,
        "3": 0.3046486973762512,
        "4": 0.2875732183456421,
        "5": -3.4028234663852886e+38,
        "6": -3.4028234663852886e+38,
        "7": -3.4028234663852886e+38,
        "8": -3.4028234663852886e+38,
        "9": -3.4028234663852886e+38
    },
    "144": {
        "0": 0.3169303834438324,
        "1": 0.3116796612739563,
        "2": 0.3050186038017273,
        "3": 0.3046486973762512,
        "4": 0.2875732183456421,
        "5": -3.4028234663852886e+38,
        "6": -3.4028234663852886e+38,
        "7": -3.4028234663852886e+38,
        "8": -3.4028234663852886e+38,
        "9": -3.4028234663852886e+38
    },
    "160": {
        "0": 0.3152099847793579,
        "1": 0.30960506200790405,
        "2": 0.30330702662467957,
        "3": 0.3032345473766327,
        "4": 0.2864590883255005,
        "5": -3.4028234663852886e+38,
        "6": -3.4028234663852886e+38,
        "7": -3.4028234663852886e+38,
        "8": -3.4028234663852886e+38,
        "9": -3.4028234663852886e+38
    },
    "176": {
        "0": 0.31579023599624634,
        "1": 0.3102057874202728,
        "2": 0.3045652508735657,
        "3": 0.3031155467033386,
        "4": 0.2876264154911041,
        "5": -3.4028234663852886e+38,
        "6": -3.4028234663852886e+38,
        "7": -3.4028234663852886e+38,
        "8": -3.4028234663852886e+38,
        "9": -3.4028234663852886e+38
    },
    "192": {
        "0": 0.31585532426834106,
        "1": 0.3088575601577759,
        "2": 0.30286428332328796,
        "3": 0.30278557538986206,
        "4": 0.2850494980812073,
        "5": -3.4028234663852886e+38,
        "6": -3.4028234663852886e+38,
        "7": -3.4028234663852886e+38,
        "8": -3.4028234663852886e+38,
        "9": -3.4028234663852886e+38
    },
    "208": {
        "0": 0.31597185134887695,
        "1": 0.30984553694725037,
        "2": 0.30324849486351013,
        "3": 0.3025980591773987,
        "4": 0.2849351465702057,
        "5": -3.4028234663852886e+38,
        "6": -3.4028234663852886e+38,
        "7": -3.4028234663852886e+38,
        "8": -3.4028234663852886e+38,
        "9": -3.4028234663852886e+38
    }
}