{
    "0": {
        "0": 0.3482474982738495,
        "1": 0.33443865180015564,
        "2": 0.33090704679489136,
        "3": 0.3297216594219208,
        "4": 0.32696279883384705,
        "5": 0.32658278942108154,
        "6": 0.32311758399009705,
        "7": 0.3230305314064026,
        "8": 0.3217238187789917,
        "9": 0.3210788667201996
    },
    "16": {
        "0": 0.34642747044563293,
        "1": 0.332287460565567,
        "2": 0.32784292101860046,
        "3": 0.32708632946014404,
        "4": 0.3249678313732147,
        "5": 0.3245508670806885,
        "6": 0.32121410965919495,
        "7": 0.32115593552589417,
        "8": 0.31932103633880615,
        "9": 0.31731611490249634
    },
    "32": {
        "0": 0.34703850746154785,
        "1": 0.32891327142715454,
        "2": 0.32695573568344116,
        "3": 0.3234851062297821,
        "4": 0.3228406310081482,
        "5": 0.3188493251800537,
        "6": 0.3166252374649048,
        "7": 0.316432923078537,
        "8": 0.3154187798500061,
        "9": 0.31255966424942017
    },
    "48": {
        "0": 0.34672653675079346,
        "1": 0.3294357359409332,
        "2": 0.32545799016952515,
        "3": 0.3253442645072937,
        "4": 0.3247009217739105,
        "5": 0.3211841285228729,
        "6": 0.3184765875339508,
        "7": 0.3168073296546936,
        "8": 0.3161529302597046,
        "9": 0.31411653757095337
    },
    "64": {
        "0": 0.3556181490421295,
        "1": 0.33937203884124756,
        "2": 0.33399757742881775,
        "3": 0.333286851644516,
        "4": 0.3292424976825714,
        "5": 0.328105628490448,
        "6": 0.32618436217308044,
        "7": 0.3257903456687927,
        "8": 0.32448795437812805,
        "9": 0.3228814899921417
    },
    "80": {
        "0": 0.3496710956096649,
        "1": 0.3326096832752228,
        "2": 0.3306281268596649,
        "3": 0.33045679330825806,
        "4": 0.32964444160461426,
        "5": 0.324099063873291,
        "6": 0.32372263073921204,
        "7": 0.321353554725647,
        "8": 0.3196014165878296,
        "9": 0.31936216354370117
    },
    "96": {
        "0": 0.3504316806793213,
        "1": 0.3353615999221802,
        "2": 0.3352939784526825,
        "3": 0.33423173427581787,
        "4": 0.3337157368659973,
        "5": 0.3295317590236664,
        "6": 0.326342910528183,
        "7": 0.3257262408733368,
        "8": 0.3246512711048126,
        "9": 0.32351553440093994
    },
    "112": {
        "0": 0.35660016536712646,
        "1": 0.33986201882362366,
        "2": 0.3395446240901947,
        "3": 0.3366643488407135,
        "4": 0.33570554852485657,
        "5": 0.3318317234516144,
        "6": 0.3298618197441101,
        "7": 0.32811984419822693,
        "8": 0.3274097144603729,
        "9": 0.32626694440841675
    },
    "128": {
        "0": 0.358793169260025,
        "1": 0.34639501571655273,
        "2": 0.3450344502925873,
        "3": 0.34344592690467834,
        "4": 0.3424798548221588,
        "5": 0.3398473262786865,
        "6": 0.33738553524017334,
        "7": 0.3369346559047699,
        "8": 0.33533790707588196,
        "9": 0.3342832326889038
    },
    "144": {
        "0": 0.35454195737838745,
        "1": 0.34530118107795715,
        "2": 0.343312531709671,
        "3": 0.343092679977417,
        "4": 0.33837589621543884,
        "5": 0.3379972279071808,
        "6": 0.33429405093193054,
        "7": 0.3341097831726074,
        "8": 0.33314380049705505,
        "9": 0.3322848379611969
    },
    "160": {
        "0": 0.3548178970813751,
        "1": 0.33720406889915466,
        "2": 0.33633047342300415,
        "3": 0.3332993984222412,
        "4": 0.33191755414009094,
        "5": 0.32565972208976746,
        "6": 0.3256318271160126,
        "7": 0.32550057768821716,
        "8": 0.3246023654937744,
        "9": 0.3238429129123688
    },
    "176": {
        "0": 0.3621472120285034,
        "1": 0.34353798627853394,
        "2": 0.3381549119949341,
        "3": 0.33060702681541443,
        "4": 0.3296520411968231,
        "5": 0.3293648958206177,
        "6": 0.32892337441444397,
        "7": 0.32716333866119385,
        "8": 0.32521480321884155,
        "9": 0.3249948024749756
    },
    "192": {
        "0": 0.359840989112854,
        "1": 0.3428196907043457,
        "2": 0.3310391902923584,
        "3": 0.33028697967529297,
        "4": 0.3273017108440399,
        "5": 0.3255324065685272,
        "6": 0.3217301070690155,
        "7": 0.321492463350296,
        "8": 0.318581223487854,
        "9": 0.3170008361339569
    },
    "208": {
        "0": 0.3612087368965149,
        "1": 0.3446093499660492,
        "2": 0.32972508668899536,
        "3": 0.3296169936656952,
        "4": 0.32887375354766846,
        "5": 0.3269065022468567,
        "6": 0.32143735885620117,
        "7": 0.32104820013046265,
        "8": 0.3169466257095337,
        "9": 0.3164221942424774
    },
    "224": {
        "0": 0.3656834065914154,
        "1": 0.3440361022949219,
        "2": 0.3425712287425995,
        "3": 0.33372753858566284,
        "4": 0.3329143822193146,
        "5": 0.3325037956237793,
        "6": 0.33132630586624146,
        "7": 0.3295426070690155,
        "8": 0.3272106945514679,
        "9": 0.32691848278045654
    },
    "240": {
        "0": 0.3552640974521637,
        "1": 0.3397185206413269,
        "2": 0.32684558629989624,
        "3": 0.32679852843284607,
        "4": 0.3249669075012207,
        "5": 0.3220784664154053,
        "6": 0.3180983364582062,
        "7": 0.3172706067562103,
        "8": 0.31496500968933105,
        "9": 0.31334877014160156
    },
    "256": {
        "0": 0.3592119812965393,
        "1": 0.3415868282318115,
        "2": 0.3281376361846924,
        "3": 0.32812368869781494,
        "4": 0.3268813192844391,
        "5": 0.3237897455692291,
        "6": 0.31839653849601746,
        "7": 0.3174310624599457,
        "8": 0.31576409935951233,
        "9": 0.31557634472846985
    },
    "272": {
        "0": 0.35560086369514465,
        "1": 0.33589980006217957,
        "2": 0.3350401818752289,
        "3": 0.3324148952960968,
        "4": 0.33100876212120056,
        "5": 0.32682615518569946,
        "6": 0.32407712936401367,
        "7": 0.3234933316707611,
        "8": 0.32300493121147156,
        "9": 0.32274505496025085
    },
    "288": {
        "0": 0.346984326839447,
        "1": 0.3360060155391693,
        "2": 0.33303821086883545,
        "3": 0.33122706413269043,
        "4": 0.327923446893692,
        "5": 0.327104777097702,
        "6": 0.32641929388046265,
        "7": 0.32365524768829346,
        "8": 0.32238075137138367,
        "9": 0.32222896814346313
    },
    "304": {
        "0": 0.3539312183856964,
        "1": 0.34234145283699036,
        "2": 0.33903029561042786,
        "3": 0.33749186992645264,
        "4": 0.333063542842865,
        "5": 0.33235257863998413,
        "6": 0.331808477640152,
        "7": 0.3299981951713562,
        "8": 0.32814154028892517,
        "9": 0.3278542757034302
    },
    "320": {
        "0": 0.34653303027153015,
        "1": 0.33408841490745544,
        "2": 0.3271229863166809,
        "3": 0.3256623446941376,
        "4": 0.32478633522987366,
        "5": 0.32105275988578796,
        "6": 0.32099395990371704,
        "7": 0.32090577483177185,
        "8": 0.3204507529735565,
        "9": 0.31842684745788574
    },
    "336": {
        "0": 0.3459746837615967,
        "1": 0.33031320571899414,
        "2": 0.3260560631752014,
        "3": 0.324609637260437,
        "4": 0.3231140971183777,
        "5": 0.3189496099948883,
        "6": 0.3173595666885376,
        "7": 0.31641685962677,
        "8": 0.3162701725959778,
        "9": 0.31500959396362305
    },
    "352": {
        "0": 0.35218241810798645,
        "1": 0.3378870189189911,
        "2": 0.33135557174682617,
        "3": 0.3307980000972748,
        "4": 0.3282138705253601,
        "5": 0.32671797275543213,
        "6": 0.3253410756587982,