{
    "0": {
        "0": 0.3761036992073059,
        "1": 0.37522920966148376,
        "2": 0.36582106351852417,
        "3": 0.35984477400779724,
        "4": 0.35977065563201904,
        "5": 0.3596806526184082,
        "6": 0.3589606285095215,
        "7": 0.357557475566864,
        "8": 0.3560917377471924,
        "9": 0.3546826243400574
    },
    "16": {
        "0": 0.36610090732574463,
        "1": 0.360404908657074,
        "2": 0.35768213868141174,
        "3": 0.3489222228527069,
        "4": 0.3484475612640381,
        "5": 0.34834229946136475,
        "6": 0.3481253981590271,
        "7": 0.3475970923900604,
        "8": 0.34441131353378296,
        "9": 0.3420117199420929
    },
    "32": {
        "0": 0.3714559078216553,
        "1": 0.36863619089126587,
        "2": 0.36394593119621277,
        "3": 0.3571409583091736,
        "4": 0.35538583993911743,
        "5": 0.3546673059463501,
        "6": 0.35399192571640015,
        "7": 0.35381853580474854,
        "8": 0.3536396920681,
        "9": 0.3490707278251648
    },
    "48": {
        "0": 0.38989460468292236,
        "1": 0.3887932598590851,
        "2": 0.3846879005432129,
        "3": 0.38235747814178467,
        "4": 0.3801349997520447,
        "5": 0.3799063563346863,
        "6": 0.37954017519950867,
        "7": 0.3771253824234009,
        "8": 0.37457844614982605,
        "9": 0.37398138642311096
    },
    "64": {
        "0": 0.39014625549316406,
        "1": 0.3887057900428772,
        "2": 0.3855651021003723,
        "3": 0.38395586609840393,
        "4": 0.3818490207195282,
        "5": 0.3817273676395416,
        "6": 0.381163626909256,
        "7": 0.37893185019493103,
        "8": 0.3758236765861511,
        "9": 0.3754984736442566
    },
    "80": {
        "0": 0.3907759189605713,
        "1": 0.38803309202194214,
        "2": 0.385168194770813,
        "3": 0.3837158977985382,
        "4": 0.3813636600971222,
        "5": 0.3813399076461792,
        "6": 0.3806686997413635,
        "7": 0.3774492144584656,
        "8": 0.3752664029598236,
        "9": 0.3742828369140625
    },
    "96": {
        "0": 0.3897682726383209,
        "1": 0.3878643810749054,
        "2": 0.38512951135635376,
        "3": 0.38366061449050903,
        "4": 0.3811207711696625,
        "5": 0.3809170424938202,
        "6": 0.3806755244731903,
        "7": 0.37755286693573,
        "8": 0.3755420446395874,
        "9": 0.37494203448295593
    },
    "112": {
        "0": 0.3890503942966461,
        "1": 0.38748106360435486,
        "2": 0.38471004366874695,
        "3": 0.38275375962257385,
        "4": 0.38018083572387695,
        "5": 0.3798641860485077,
        "6": 0.37986257672309875,
        "7": 0.37746191024780273,
        "8": 0.37401336431503296,
        "9": 0.3734734058380127
    },
    "128": {
        "0": 0.3915926516056061,
        "1": 0.38809698820114136,
        "2": 0.3858024477958679,
        "3": 0.38372501730918884,
        "4": 0.3807113468647003,
        "5": 0.3806231915950775,
        "6": 0.3804534077644348,
        "7": 0.377286821603775,
        "8": 0.37552937865257263,
        "9": 0.37514621019363403
    },
    "144": {
        "0": 0.3904719054698944,
        "1": 0.38770803809165955,
        "2": 0.3852846026420593,
        "3": 0.38396450877189636,
        "4": 0.38132768869400024,
        "5": 0.3811569809913635,
        "6": 0.38098329305648804,
        "7": 0.37788069248199463,
        "8": 0.37557080388069153,
        "9": 0.37477388978004456
    },
    "160": {
        "0": 0.39275678992271423,
        "1": 0.39057672023773193,
        "2": 0.387350857257843,
        "3": 0.38622403144836426,
        "4": 0.38387542963027954,
        "5": 0.3837279975414276,
        "6": 0.3834206163883209,
        "7": 0.3808176815509796,
        "8": 0.3774935007095337,
        "9": 0.3771587312221527
    },
    "176": {
        "0": 0.3898683786392212,
        "1": 0.3844066858291626,
        "2": 0.3826441466808319,
        "3": 0.3810252249240875,
        "4": 0.37857678532600403,
        "5": 0.3777546286582947,
        "6": 0.3775346279144287,
        "7": 0.37556394934654236,
        "8": 0.3726806938648224,
        "9": 0.3721572756767273
    },
    "192": {
        "0": 0.36882007122039795,
        "1": 0.3636261820793152,
        "2": 0.35853147506713867,
        "3": 0.3543001115322113,
        "4": 0.3539673686027527,
        "5": 0.35206058621406555,
        "6": 0.35167303681373596,
        "7": 0.3512282073497772,
        "8": 0.34915807843208313,
        "9": 0.3490625321865082
    },
    "208": {
        "0": 0.37958478927612305,
        "1": 0.3736189305782318,
        "2": 0.3695117235183716,
        "3": 0.36490872502326965,
        "4": 0.3645450472831726,
        "5": 0.3627788722515106,
        "6": 0.3621933162212372,
        "7": 0.36179542541503906,
        "8": 0.36082419753074646,
        "9": 0.3598637580871582
    },
    "224": {
        "0": 0.3868773579597473,
        "1": 0.3765859305858612,
        "2": 0.3759605288505554,
        "3": 0.37508514523506165,
        "4": 0.3749367296695709,
        "5": 0.3723785877227783,
        "6": 0.3723626434803009,
        "7": 0.37137579917907715,
        "8": 0.369164377450943,
        "9": 0.36858224868774414
    },
    "240": {
        "0": 0.3857482373714447,
        "1": 0.3784874379634857,
        "2": 0.3729500472545624,
        "3": 0.37118837237358093,
        "4": 0.36959734559059143,
        "5": 0.3659234941005707,
        "6": 0.3653985559940338,
        "7": 0.36530056595802307,
        "8": 0.36439526081085205,
        "9": 0.36430200934410095
    },
    "256": {
        "0": 0.3957846760749817,
        "1": 0.3887852728366852,
        "2": 0.3846535384654999,
        "3": 0.38438916206359863,
        "4": 0.38162532448768616,
        "5": 0.38055428862571716,
        "6": 0.3802501857280731,
        "7": 0.37889301776885986,
        "8": 0.37870678305625916,
        "9": 0.37768661975860596
    },
    "272": {
        "0": 0.3970283269882202,
        "1": 0.3939947485923767,
        "2": 0.38593655824661255,
        "3": 0.38476669788360596,
        "4": 0.3832504153251648,
        "5": 0.38247188925743103,
        "6": 0.3823853135108948,
        "7": 0.38043829798698425,
        "8": 0.37902939319610596,
        "9": 0.3759480118751526
    },
    "288": {
        "0": 0.39638713002204895,
        "1": 0.3861899673938751,
        "2": 0.3845830261707306,
        "3": 0.38285955786705017,
        "4": 0.3818630278110504,
        "5": 0.37959563732147217,
        "6": 0.3789122700691223,
        "7": 0.3787086009979248,
        "8": 0.3774253726005554,
        "9": 0.3773852288722992
    },
    "304": {
        "0": 0.39051929116249084,
        "1": 0.3837085962295532,
        "2": 0.3781415820121765,
        "3": 0.3769887387752533,
        "4": 0.37655386328697205,
        "5": 0.37575048208236694,
        "6": 0.3752819001674652,
        "7": 0.3751867115497589,
        "8": 0.37320321798324585,
        "9": 0.37268954515457153
    },
    "320": {
        "0": 0.38354283571243286,
        "1": 0.38178539276123047,
        "2": 0.37782177329063416,
        "3": 0.374271959066391,
        "4": 0.3723084032535553,
        "5": 0.3718114495277405,
        "6": 0.37109121680259705,
        "7": 0.3701924681663513,
        "8": 0.36846718192100525,
        "9": 0.36739686131477356
    }
}