{
    "0": {
        "0": 0.39143943786621094,
        "1": 0.38947707414627075,
        "2": 0.38775697350502014,
        "3": 0.386003315448761,
        "4": 0.3859657645225525,
        "5": 0.3851698935031891,
        "6": 0.3851665258407593,
        "7": 0.3849765360355377,
        "8": 0.38471347093582153,
        "9": 0.38396868109703064
    },
    "16": {
        "0": 0.3880476951599121,
        "1": 0.38581952452659607,
        "2": 0.3853432834148407,
        "3": 0.38325536251068115,
        "4": 0.3829340934753418,
        "5": 0.3826708495616913,
        "6": 0.38236334919929504,
        "7": 0.3821769058704376,
        "8": 0.38191014528274536,
        "9": 0.38187503814697266
    },
    "32": {
        "0": 0.37847691774368286,
        "1": 0.3772311508655548,
        "2": 0.37615787982940674,
        "3": 0.37545153498649597,
        "4": 0.3754056990146637,
        "5": 0.37499573826789856,
        "6": 0.3748132288455963,
        "7": 0.37463992834091187,
        "8": 0.37387382984161377,
        "9": 0.37382766604423523
    },
    "48": {
        "0": 0.39141789078712463,
        "1": 0.38703498244285583,
        "2": 0.38587576150894165,
        "3": 0.38552406430244446,
        "4": 0.38473305106163025,
        "5": 0.38472720980644226,
        "6": 0.38459208607673645,
        "7": 0.38447287678718567,
        "8": 0.38412797451019287,
        "9": 0.38390812277793884
    },
    "64": {
        "0": 0.3829779028892517,
        "1": 0.37802639603614807,
        "2": 0.3775230348110199,
        "3": 0.3773271441459656,
        "4": 0.37644949555397034,
        "5": 0.37616726756095886,
        "6": 0.3758907616138458,
        "7": 0.37538591027259827,
        "8": 0.3751969635486603,
        "9": 0.3738832175731659
    },
    "80": {
        "0": 0.3893294334411621,
        "1": 0.38559335470199585,
        "2": 0.3848423957824707,
        "3": 0.3847656846046448,
        "4": 0.38468897342681885,
        "5": 0.3836157023906708,
        "6": 0.38356733322143555,
        "7": 0.3820403516292572,
        "8": 0.38199514150619507,
        "9": 0.38078954815864563
    },
    "96": {
        "0": 0.39256420731544495,
        "1": 0.38933584094047546,
        "2": 0.38736438751220703,
        "3": 0.3857804834842682,
        "4": 0.3854053020477295,
        "5": 0.3853217363357544,
        "6": 0.38495659828186035,
        "7": 0.38357117772102356,
        "8": 0.3831312656402588,
        "9": 0.3827296197414398
    },
    "112": {
        "0": 0.3969511389732361,
        "1": 0.39410433173179626,
        "2": 0.3935639262199402,
        "3": 0.3917303681373596,
        "4": 0.391056090593338,
        "5": 0.3906765878200531,
        "6": 0.3896392285823822,
        "7": 0.3895484209060669,
        "8": 0.3895244300365448,
        "9": 0.3891480565071106
    },
    "128": {
        "0": 0.3904018700122833,
        "1": 0.3897879123687744,
        "2": 0.38662272691726685,
        "3": 0.3852814733982086,
        "4": 0.3846120536327362,
        "5": 0.3842218518257141,
        "6": 0.38405635952949524,
        "7": 0.3831806182861328,
        "8": 0.38316574692726135,
        "9": 0.38296934962272644
    },
    "144": {
        "0": 0.3932259678840637,
        "1": 0.38976946473121643,
        "2": 0.3894266188144684,
        "3": 0.3884817659854889,
        "4": 0.38713106513023376,
        "5": 0.38598501682281494,
        "6": 0.38582250475883484,
        "7": 0.3856332302093506,
        "8": 0.38548925518989563,
        "9": 0.38535234332084656
    },
    "160": {
        "0": 0.38399118185043335,
        "1": 0.3833959400653839,
        "2": 0.38019952178001404,
        "3": 0.3798714578151703,
        "4": 0.3795565962791443,
        "5": 0.3789162337779999,
        "6": 0.37880149483680725,
        "7": 0.3786150813102722,
        "8": 0.37802281975746155,
        "9": 0.3776080906391144
    },
    "176": {
        "0": 0.38587284088134766,
        "1": 0.38522928953170776,
        "2": 0.3852002024650574,
        "3": 0.38458842039108276,
        "4": 0.3840530514717102,
        "5": 0.38336724042892456,
        "6": 0.3826162815093994,
        "7": 0.3825038969516754,
        "8": 0.38166356086730957,
        "9": 0.380748450756073
    },
    "192": {
        "0": 0.3895168602466583,
        "1": 0.38717490434646606,
        "2": 0.38457047939300537,
        "3": 0.38381052017211914,
        "4": 0.3823651671409607,
        "5": 0.38140344619750977,
        "6": 0.38138312101364136,
        "7": 0.3809329867362976,
        "8": 0.3804769814014435,
        "9": 0.37983134388923645
    },
    "208": {
        "0": 0.3865048587322235,
        "1": 0.3860182464122772,
        "2": 0.38405710458755493,
        "3": 0.3828788995742798,
        "4": 0.3826509714126587,
        "5": 0.3824687600135803,
        "6": 0.38233011960983276,
        "7": 0.3818512558937073,
        "8": 0.38117948174476624,
        "9": 0.38110899925231934
    },
    "224": {
        "0": 0.38158872723579407,
        "1": 0.37868696451187134,
        "2": 0.3777340352535248,
        "3": 0.37605220079421997,
        "4": 0.37533310055732727,
        "5": 0.3748904764652252,
        "6": 0.374803751707077,
        "7": 0.37470635771751404,
        "8": 0.3746044635772705,
        "9": 0.37450599670410156
    },
    "240": {
        "0": 0.3878466784954071,
        "1": 0.3849791884422302,
        "2": 0.38284942507743835,
        "3": 0.3826855719089508,
        "4": 0.3816754221916199,
        "5": 0.380854994058609,
        "6": 0.38011884689331055,
        "7": 0.37982091307640076,
        "8": 0.3793025016784668,
        "9": 0.37919455766677856
    },
    "256": {
        "0": 0.38767313957214355,
        "1": 0.3856959640979767,
        "2": 0.38406333327293396,
        "3": 0.3834441006183624,
        "4": 0.38178330659866333,
        "5": 0.38149213790893555,
        "6": 0.3812577426433563,
        "7": 0.381142258644104,
        "8": 0.3807891309261322,
        "9": 0.3795095384120941
    },
    "272": {
        "0": 0.386309415102005,
        "1": 0.38512346148490906,
        "2": 0.3844825327396393,
        "3": 0.38354000449180603,
        "4": 0.3813818395137787,
        "5": 0.3812269866466522,
        "6": 0.3806307315826416,
        "7": 0.38001561164855957,
        "8": 0.3798978924751282,
        "9": 0.379631906747818
    },
    "288": {
        "0": 0.39262256026268005,
        "1": 0.3893536627292633,
        "2": 0.3873903751373291,
        "3": 0.3871876895427704,
        "4": 0.3856426477432251,
        "5": 0.38560688495635986,
        "6": 0.3855516016483307,
        "7": 0.384657084941864,
        "8": 0.3845219910144806,
        "9": 0.38379529118537903
    },
    "304": {
        "0": 0.39328548312187195,
        "1": 0.39202427864074707,
        "2": 0.38851064443588257,
        "3": 0.3884216845035553,
        "4": 0.3882311284542084,
        "5": 0.3873252272605896,
        "6": 0.3867534399032593,
        "7": 0.3861578404903412,
        "8": 0.38604646921157837,
        "9": 0.38591092824935913
    },
    "320": {
        "0": 0.39152222871780396,
        "1": 0.39137792587280273,
        "2": 0.39103904366493225,
        "3": 0.3899935483932495,
        "4": 0.38782569766044617,
        "5": 0.3870752155780792,
        "6": 0.38685131072998047,
        "7": 0.3860160708427429,
        "8": 0.38574349880218506,
        "9": 0.3857080638408661
    },
    "336": {
        "0": 0.38753068447113037,
        "1": 0.3861921727657318,
        "2": 0.3850492537021637,
        "3": 0.38340744376182556,
        "4": 0.3829610049724579,
        "5": 0.38133615255355835,
        "6": 0.38129985332489014,
        "7": 0.38113874197006226,
        "8": 0.38096871972084045,
        "9": 0.3808231055736542
    },
    "352": {
        "0": 0.38903746008872986,
        "1": 0.3871272802352905,
        "2": 0.3867959976196289,
        "3": 0.3852024972438812,
        "4": 0.3843231499195099,
        "5": 0.3830461800098419,