{
    "0": {
        "0": 0.39643600583076477,
        "1": 0.3914097249507904,
        "2": 0.38679206371307373,
        "3": 0.3826351463794708,
        "4": 0.3822479546070099,
        "5": 0.37799516320228577,
        "6": 0.37789756059646606,
        "7": 0.3777182996273041,
        "8": 0.37684309482574463,
        "9": 0.37589186429977417
    },
    "16": {
        "0": 0.3939332664012909,
        "1": 0.38654831051826477,
        "2": 0.38523444533348083,
        "3": 0.3760705590248108,
        "4": 0.37545496225357056,
        "5": 0.373899906873703,
        "6": 0.3714173436164856,
        "7": 0.37043407559394836,
        "8": 0.3696708679199219,
        "9": 0.36917179822921753
    },
    "32": {
        "0": 0.3982817828655243,
        "1": 0.3971799314022064,
        "2": 0.3881880044937134,
        "3": 0.3880871534347534,
        "4": 0.3866313397884369,
        "5": 0.38165318965911865,
        "6": 0.3807985782623291,
        "7": 0.38073116540908813,
        "8": 0.3805171847343445,
        "9": 0.38041314482688904
    },
    "48": {
        "0": 0.410604327917099,
        "1": 0.4024754762649536,
        "2": 0.4018408954143524,
        "3": 0.397075355052948,
        "4": 0.3947890102863312,
        "5": 0.392328679561615,
        "6": 0.3917004466056824,
        "7": 0.39123111963272095,
        "8": 0.3905442953109741,
        "9": 0.3900976777076721
    },
    "64": {
        "0": 0.4096732437610626,
        "1": 0.4002930819988251,
        "2": 0.39639419317245483,
        "3": 0.39200758934020996,
        "4": 0.39082658290863037,
        "5": 0.38985294103622437,
        "6": 0.38895463943481445,
        "7": 0.3876199424266815,
        "8": 0.3849070072174072,
        "9": 0.3842056393623352
    },
    "80": {
        "0": 0.4107741117477417,
        "1": 0.399692177772522,
        "2": 0.3956965208053589,
        "3": 0.3939552903175354,
        "4": 0.39213988184928894,
        "5": 0.3904179334640503,
        "6": 0.3898051381111145,
        "7": 0.3891904354095459,
        "8": 0.38813385367393494,
        "9": 0.3862593173980713
    },
    "96": {
        "0": 0.41217076778411865,
        "1": 0.4008867144584656,
        "2": 0.3971385061740875,
        "3": 0.39638110995292664,
        "4": 0.3928545117378235,
        "5": 0.39207738637924194,
        "6": 0.39171531796455383,
        "7": 0.39045238494873047,
        "8": 0.3898855447769165,
        "9": 0.38890936970710754
    },
    "112": {
        "0": 0.4132736921310425,
        "1": 0.401856929063797,
        "2": 0.3970707058906555,
        "3": 0.3956455588340759,
        "4": 0.3926934599876404,
        "5": 0.39228856563568115,
        "6": 0.3922092914581299,
        "7": 0.39120957255363464,
        "8": 0.3889806270599365,
        "9": 0.38715705275535583
    },
    "128": {
        "0": 0.4113946855068207,
        "1": 0.40009263157844543,
        "2": 0.3965570628643036,
        "3": 0.3949260115623474,
        "4": 0.3930710554122925,
        "5": 0.39070776104927063,
        "6": 0.39052078127861023,
        "7": 0.3903665244579315,
        "8": 0.3883192539215088,
        "9": 0.38644301891326904
    },
    "144": {
        "0": 0.4067493975162506,
        "1": 0.39537250995635986,
        "2": 0.39307278394699097,
        "3": 0.39060476422309875,
        "4": 0.3874393403530121,
        "5": 0.38580548763275146,
        "6": 0.3854255676269531,
        "7": 0.38539132475852966,
        "8": 0.3836255371570587,
        "9": 0.38158053159713745
    },
    "160": {
        "0": 0.4081577956676483,
        "1": 0.3995479643344879,
        "2": 0.3896174430847168,
        "3": 0.38920658826828003,
        "4": 0.3887481987476349,
        "5": 0.38711148500442505,
        "6": 0.38507142663002014,
        "7": 0.38342058658599854,
        "8": 0.3826621472835541,
        "9": 0.3820754587650299
    },
    "176": {
        "0": 0.42350462079048157,
        "1": 0.4127538502216339,
        "2": 0.40907150506973267,
        "3": 0.40569016337394714,
        "4": 0.40505215525627136,
        "5": 0.404842734336853,
        "6": 0.40239325165748596,
        "7": 0.3977627158164978,
        "8": 0.3975146412849426,
        "9": 0.3950849175453186
    },
    "192": {
        "0": 0.41347450017929077,
        "1": 0.403099000453949,
        "2": 0.4027559161186218,
        "3": 0.40069133043289185,
        "4": 0.39905601739883423,
        "5": 0.3965383470058441,
        "6": 0.3960684537887573,
        "7": 0.391087144613266,
        "8": 0.39071059226989746,
        "9": 0.3902643024921417
    },
    "208": {
        "0": 0.4062129259109497,
        "1": 0.3957279920578003,
        "2": 0.39431074261665344,
        "3": 0.3927100598812103,
        "4": 0.3920752704143524,
        "5": 0.39153075218200684,
        "6": 0.3894555866718292,
        "7": 0.3880097270011902,
        "8": 0.38409799337387085,
        "9": 0.3836364150047302
    },
    "224": {
        "0": 0.39168521761894226,
        "1": 0.38194966316223145,
        "2": 0.38072487711906433,
        "3": 0.3795558512210846,
        "4": 0.37873807549476624,
        "5": 0.3774890601634979,
        "6": 0.37552985548973083,
        "7": 0.37389838695526123,
        "8": 0.3727871775627136,
        "9": 0.3705087900161743
    },
    "240": {
        "0": 0.40368571877479553,
        "1": 0.39400699734687805,
        "2": 0.39182335138320923,
        "3": 0.38991087675094604,
        "4": 0.3893173038959503,
        "5": 0.3869025707244873,
        "6": 0.3862505555152893,
        "7": 0.383810430765152,
        "8": 0.38224923610687256,
        "9": 0.38174575567245483
    },
    "256": {
        "0": 0.39109697937965393,
        "1": 0.3893029987812042,
        "2": 0.38102179765701294,
        "3": 0.3809675872325897,
        "4": 0.3773031532764435,
        "5": 0.3773019015789032,
        "6": 0.37530604004859924,
        "7": 0.37404578924179077,
        "8": 0.3712143898010254,
        "9": 0.37070319056510925
    },
    "272": {
        "0": 0.3920474648475647,
        "1": 0.38751301169395447,
        "2": 0.38235393166542053,
        "3": 0.37895146012306213,
        "4": 0.3782846927642822,
        "5": 0.37340813875198364,
        "6": 0.37327611446380615,
        "7": 0.37271031737327576,
        "8": 0.36979925632476807,
        "9": 0.3697616457939148
    },
    "288": {
        "0": 0.3899082839488983,
        "1": 0.38177308440208435,
        "2": 0.3817465901374817,
        "3": 0.3744588792324066,
        "4": 0.36980828642845154,
        "5": 0.36902129650115967,
        "6": 0.36840829253196716,
        "7": 0.3662834167480469,
        "8": 0.3656373620033264,
        "9": 0.36496320366859436
    },
    "304": {
        "0": 0.39300841093063354,
        "1": 0.38598746061325073,
        "2": 0.38035154342651367,
        "3": 0.3754105567932129,
        "4": 0.3714406192302704,
        "5": 0.37124574184417725,
        "6": 0.36747533082962036,
        "7": 0.36603206396102905,
        "8": 0.3656558394432068,
        "9": 0.3648855686187744
    },
    "320": {
        "0": 0.38347747921943665,
        "1": 0.3756163716316223,
        "2": 0.36771491169929504,
        "3": 0.3654380440711975,
        "4": 0.3613005578517914,
        "5": 0.36076512932777405,
        "6": 0.35881441831588745,
        "7": 0.3584023118019104,
        "8": 0.35703063011169434,
        "9": 0.35607942938804626
    },
    "336": {
        "0": 0.40107613801956177,
        "1": 0.3962324559688568,
        "2": 0.3938639163970947,
        "3": 0.3923094570636749,
        "4": 0.38807982206344604,
        "5": 0.38350507616996765,
        "6": 0.3829241096973419,
        "7": 0.38283318281173706,
        "8": 0.38128572702407837,
        "9": 0.3808964788913727
    },
    "352": {
        "0": 0.39927029609680176,
        "1": 0.39407992362976074,
        "2": 0.3912651240825653,
        "3": 0.38994207978248596,
        "4": 0.38520482182502747,
        "5": 0.38447874784469604,