{
    "0": {
        "0": 0.3405516743659973,
        "1": 0.3014810085296631,
        "2": 0.2987634837627411,
        "3": 0.29869741201400757,
        "4": 0.2944304943084717,
        "5": 0.2885654866695404,
        "6": 0.28838998079299927,
        "7": -3.4028234663852886e+38,
        "8": -3.4028234663852886e+38,
        "9": -3.4028234663852886e+38
    },
    "16": {
        "0": 0.34113889932632446,
        "1": 0.30354073643684387,
        "2": 0.29987668991088867,
        "3": 0.2994682490825653,
        "4": 0.2955142557621002,
        "5": 0.290216863155365,
        "6": 0.289961040019989,
        "7": -3.4028234663852886e+38,
        "8": -3.4028234663852886e+38,
        "9": -3.4028234663852886e+38
    },
    "32": {
        "0": 0.3448880612850189,
        "1": 0.30596858263015747,
        "2": 0.3033912181854248,
        "3": 0.30308976769447327,
        "4": 0.29916971921920776,
        "5": 0.293296217918396,
        "6": 0.29265546798706055,
        "7": -3.4028234663852886e+38,
        "8": -3.4028234663852886e+38,
        "9": -3.4028234663852886e+38
    },
    "48": {
        "0": 0.3438321053981781,
        "1": 0.30598750710487366,
        "2": 0.30169135332107544,
        "3": 0.30165401101112366,
        "4": 0.2977224588394165,
        "5": 0.29286989569664,
        "6": 0.2913907468318939,
        "7": -3.4028234663852886e+38,
        "8": -3.4028234663852886e+38,
        "9": -3.4028234663852886e+38
    },
    "64": {
        "0": 0.34337130188941956,
        "1": 0.30529534816741943,
        "2": 0.3026159703731537,
        "3": 0.3025120496749878,
        "4": 0.29896461963653564,
        "5": 0.29256388545036316,
        "6": 0.29168516397476196,
        "7": -3.4028234663852886e+38,
        "8": -3.4028234663852886e+38,
        "9": -3.4028234663852886e+38
    },
    "80": {
        "0": 0.3402177393436432,
        "1": 0.29982882738113403,
        "2": 0.2984427511692047,
        "3": 0.29808276891708374,
        "4": 0.29428723454475403,
        "5": 0.2879452705383301,
        "6": 0.287665992975235,
        "7": -3.4028234663852886e+38,
        "8": -3.4028234663852886e+38,
        "9": -3.4028234663852886e+38
    },
    "96": {
        "0": 0.3436519503593445,
        "1": 0.30471810698509216,
        "2": 0.3025675117969513,
        "3": 0.30201470851898193,
        "4": 0.2980884313583374,
        "5": 0.29265496134757996,
        "6": 0.291174978017807,
        "7": -3.4028234663852886e+38,
        "8": -3.4028234663852886e+38,
        "9": -3.4028234663852886e+38
    },
    "112": {
        "0": 0.34271469712257385,
        "1": 0.3025205135345459,
        "2": 0.3017898201942444,
        "3": 0.30089110136032104,
        "4": 0.2978564202785492,
        "5": 0.2910062372684479,
        "6": 0.2906661033630371,
        "7": -3.4028234663852886e+38,
        "8": -3.4028234663852886e+38,
        "9": -3.4028234663852886e+38
    },
    "128": {
        "0": 0.34380537271499634,
        "1": 0.3046351373195648,
        "2": 0.30220088362693787,
        "3": 0.3017193675041199,
        "4": 0.2983699142932892,
        "5": 0.2926390767097473,
        "6": 0.2913512587547302,
        "7": -3.4028234663852886e+38,
        "8": -3.4028234663852886e+38,
        "9": -3.4028234663852886e+38
    },
    "144": {
        "0": 0.34143728017807007,
        "1": 0.30242133140563965,
        "2": 0.3013148903846741,
        "3": 0.30006474256515503,
        "4": 0.2972871959209442,
        "5": 0.2901524603366852,
        "6": 0.28953537344932556,
        "7": -3.4028234663852886e+38,
        "8": -3.4028234663852886e+38,
        "9": -3.4028234663852886e+38
    },
    "160": {
        "0": 0.3397139310836792,
        "1": 0.3014903664588928,
        "2": 0.29874715209007263,
        "3": 0.2979816198348999,
        "4": 0.29473912715911865,
        "5": 0.28945204615592957,
        "6": 0.28760600090026855,
        "7": -3.4028234663852886e+38,
        "8": -3.4028234663852886e+38,
        "9": -3.4028234663852886e+38
    },
    "176": {
        "0": 0.34019219875335693,
        "1": 0.30203425884246826,
        "2": 0.29932036995887756,
        "3": 0.2986138164997101,
        "4": 0.29552435874938965,
        "5": 0.2907443642616272,
        "6": 0.288309782743454,
        "7": -3.4028234663852886e+38,
        "8": -3.4028234663852886e+38,
        "9": -3.4028234663852886e+38
    },
    "192": {
        "0": 0.3413294553756714,
        "1": 0.30331796407699585,
        "2": 0.30103611946105957,
        "3": 0.30036047101020813,
        "4": 0.29564422369003296,
        "5": 0.2917027473449707,
        "6": 0.28866302967071533,
        "7": -3.4028234663852886e+38,
        "8": -3.4028234663852886e+38,
        "9": -3.4028234663852886e+38
    },
    "208": {
        "0": 0.34469860792160034,
        "1": 0.3045615553855896,
        "2": 0.30144551396369934,
        "3": 0.3004888892173767,
        "4": 0.29500845074653625,
        "5": 0.29210135340690613,
        "6": 0.28734877705574036,
        "7": -3.4028234663852886e+38,
        "8": -3.4028234663852886e+38,
        "9": -3.4028234663852886e+38
    },
    "224": {
        "0": 0.33814698457717896,
        "1": 0.3002205491065979,
        "2": 0.2965535819530487,
        "3": 0.2963310182094574,
        "4": 0.2914241850376129,
        "5": 0.2885274589061737,
        "6": 0.28461429476737976,
        "7": -3.4028234663852886e+38,
        "8": -3.4028234663852886e+38,
        "9": -3.4028234663852886e+38
    },
    "240": {
        "0": 0.3413248360157013,
        "1": 0.30264943838119507,
        "2": 0.30232715606689453,
        "3": 0.301535964012146,
        "4": 0.29851123690605164,
        "5": 0.2905164957046509,
        "6": 0.29045337438583374,
        "7": -3.4028234663852886e+38,
        "8": -3.4028234663852886e+38,
        "9": -3.4028234663852886e+38
    },
    "256": {
        "0": 0.3388719856739044,
        "1": 0.29992061853408813,
        "2": 0.29903021454811096,
        "3": 0.2985702455043793,
        "4": 0.2940942943096161,
        "5": 0.28836923837661743,
        "6": 0.28779637813568115,
        "7": -3.4028234663852886e+38,
        "8": -3.4028234663852886e+38,
        "9": -3.4028234663852886e+38
    },
    "272": {
        "0": 0.3362458348274231,
        "1": 0.3005217909812927,
        "2": 0.29578453302383423,
        "3": 0.29545533657073975,
        "4": 0.290882408618927,
        "5": 0.28914839029312134,
        "6": 0.28466227650642395,
        "7": -3.4028234663852886e+38,
        "8": -3.4028234663852886e+38,
        "9": -3.4028234663852886e+38
    },
    "288": {
        "0": 0.33783331513404846,
        "1": 0.3015648126602173,
        "2": 0.2974342107772827,
        "3": 0.29707255959510803,
        "4": 0.29243597388267517,
        "5": 0.28897345066070557,
        "6": 0.2860218286514282,
        "7": -3.4028234663852886e+38,
        "8": -3.4028234663852886e+38,
        "9": -3.4028234663852886e+38
    },
    "304": {
        "0": 0.3365642726421356,
        "1": 0.3013642728328705,
        "2": 0.2970983684062958,
        "3": 0.29662036895751953,
        "4": 0.2916887402534485,
        "5": 0.28903576731681824,
        "6": 0.2857172191143036,
        "7": -3.4028234663852886e+38,
        "8": -3.4028234663852886e+38,
        "9": -3.4028234663852886e+38
    },
    "320": {
        "0": 0.34017273783683777,
        "1": 0.30512648820877075,
        "2": 0.30021458864212036,
        "3": 0.29954785108566284,
        "4": 0.29572758078575134,
        "5": 0.29250937700271606,
        "6": 0.2899414300918579,
        "7": -3.4028234663852886e+38,
        "8": -3.4028234663852886e+38,
        "9": -3.4028234663852886e+38
    },
    "336": {
        "0": 0.34086763858795166,
        "1": 0.30424875020980835,
        "2": 0.29959961771965027,
        "3": 0.2993866801261902,
        "4": 0.2952812910079956,
        "5": 0.2923860251903534,
        "6": 0.2890203893184662,
        "7": -3.4028234663852886e+38,