{
    "0": {
        "0": 0.3842709958553314,
        "1": 0.38372763991355896,
        "2": 0.37844860553741455,
        "3": 0.3753991723060608,
        "4": 0.37210723757743835,
        "5": 0.36765480041503906,
        "6": 0.3628702461719513,
        "7": 0.3554162383079529,
        "8": -3.4028234663852886e+38,
        "9": -3.4028234663852886e+38
    },
    "16": {
        "0": 0.3807888329029083,
        "1": 0.38010191917419434,
        "2": 0.37530145049095154,
        "3": 0.37283003330230713,
        "4": 0.3689785599708557,
        "5": 0.3631269633769989,
        "6": 0.36139118671417236,
        "7": 0.35311928391456604,
        "8": -3.4028234663852886e+38,
        "9": -3.4028234663852886e+38
    },
    "32": {
        "0": 0.3766174018383026,
        "1": 0.3748512268066406,
        "2": 0.37164273858070374,
        "3": 0.3675452172756195,
        "4": 0.3641236126422882,
        "5": 0.3583258092403412,
        "6": 0.3563287854194641,
        "7": 0.3469015657901764,
        "8": -3.4028234663852886e+38,
        "9": -3.4028234663852886e+38
    },
    "48": {
        "0": 0.3778776526451111,
        "1": 0.3762516379356384,
        "2": 0.3729007840156555,
        "3": 0.36888599395751953,
        "4": 0.36545056104660034,
        "5": 0.3598751425743103,
        "6": 0.3574720621109009,
        "7": 0.3483645021915436,
        "8": -3.4028234663852886e+38,
        "9": -3.4028234663852886e+38
    },
    "64": {
        "0": 0.37098151445388794,
        "1": 0.37093648314476013,
        "2": 0.3658352494239807,
        "3": 0.3617265522480011,
        "4": 0.35896310210227966,
        "5": 0.3521474003791809,
        "6": 0.35126790404319763,
        "7": 0.34145089983940125,
        "8": -3.4028234663852886e+38,
        "9": -3.4028234663852886e+38
    },
    "80": {
        "0": 0.3773491084575653,
        "1": 0.3767939507961273,
        "2": 0.3712143003940582,
        "3": 0.3683810830116272,
        "4": 0.3653412461280823,
        "5": 0.359622985124588,
        "6": 0.35618671774864197,
        "7": 0.34821242094039917,
        "8": -3.4028234663852886e+38,
        "9": -3.4028234663852886e+38
    },
    "96": {
        "0": 0.38102400302886963,
        "1": 0.37941834330558777,
        "2": 0.3746228516101837,
        "3": 0.37164220213890076,
        "4": 0.36876749992370605,
        "5": 0.36320236325263977,
        "6": 0.3606141209602356,
        "7": 0.3522610366344452,
        "8": -3.4028234663852886e+38,
        "9": -3.4028234663852886e+38
    },
    "112": {
        "0": 0.37806370854377747,
        "1": 0.37658780813217163,
        "2": 0.3719789385795593,
        "3": 0.36826619505882263,
        "4": 0.36573341488838196,
        "5": 0.35899049043655396,
        "6": 0.3575972318649292,
        "7": 0.34888768196105957,
        "8": -3.4028234663852886e+38,
        "9": -3.4028234663852886e+38
    },
    "128": {
        "0": 0.38052624464035034,
        "1": 0.3804258108139038,
        "2": 0.37540698051452637,
        "3": 0.371425986289978,
        "4": 0.3681277930736542,
        "5": 0.3628707528114319,
        "6": 0.36044853925704956,
        "7": 0.35192757844924927,
        "8": -3.4028234663852886e+38,
        "9": -3.4028234663852886e+38
    },
    "144": {
        "0": 0.3787462115287781,
        "1": 0.3783125877380371,
        "2": 0.3729451298713684,
        "3": 0.36941462755203247,
        "4": 0.366260290145874,
        "5": 0.36049702763557434,
        "6": 0.35828468203544617,
        "7": 0.35029464960098267,
        "8": -3.4028234663852886e+38,
        "9": -3.4028234663852886e+38
    },
    "160": {
        "0": 0.4000423848628998,
        "1": 0.39912769198417664,
        "2": 0.394187331199646,
        "3": 0.39076724648475647,
        "4": 0.3871094584465027,
        "5": 0.38347890973091125,
        "6": 0.37976303696632385,
        "7": 0.3727699816226959,
        "8": -3.4028234663852886e+38,
        "9": -3.4028234663852886e+38
    },
    "176": {
        "0": 0.398648738861084,
        "1": 0.3982052206993103,
        "2": 0.39330223202705383,
        "3": 0.3905683755874634,
        "4": 0.3868493139743805,
        "5": 0.38278669118881226,
        "6": 0.3788664638996124,
        "7": 0.37150463461875916,
        "8": -3.4028234663852886e+38,
        "9": -3.4028234663852886e+38
    },
    "192": {
        "0": 0.40331077575683594,
        "1": 0.40183794498443604,
        "2": 0.39858171343803406,
        "3": 0.39499640464782715,
        "4": 0.3909059464931488,
        "5": 0.3883112967014313,
        "6": 0.3827866017818451,
        "7": 0.37554365396499634,
        "8": -3.4028234663852886e+38,
        "9": -3.4028234663852886e+38
    },
    "208": {
        "0": 0.4036397635936737,
        "1": 0.4023669362068176,
        "2": 0.3989759087562561,
        "3": 0.3954356908798218,
        "4": 0.3913865089416504,
        "5": 0.388767808675766,
        "6": 0.38308006525039673,
        "7": 0.37576788663864136,
        "8": -3.4028234663852886e+38,
        "9": -3.4028234663852886e+38
    },
    "224": {
        "0": 0.39195775985717773,
        "1": 0.39186862111091614,
        "2": 0.3867117166519165,
        "3": 0.38376957178115845,
        "4": 0.3801729083061218,
        "5": 0.37609732151031494,
        "6": 0.371286004781723,
        "7": 0.3636409044265747,
        "8": -3.4028234663852886e+38,
        "9": -3.4028234663852886e+38
    },
    "240": {
        "0": 0.3915850520133972,
        "1": 0.39107537269592285,
        "2": 0.38635486364364624,
        "3": 0.3827724754810333,
        "4": 0.3798343539237976,
        "5": 0.3753422200679779,
        "6": 0.3704364597797394,
        "7": 0.36250776052474976,
        "8": -3.4028234663852886e+38,
        "9": -3.4028234663852886e+38
    },
    "256": {
        "0": 0.4119296073913574,
        "1": 0.4100515842437744,
        "2": 0.40473124384880066,
        "3": 0.40339431166648865,
        "4": 0.3996480703353882,
        "5": 0.3972206711769104,
        "6": 0.38972461223602295,
        "7": 0.38296809792518616,
        "8": -3.4028234663852886e+38,
        "9": -3.4028234663852886e+38
    },
    "272": {
        "0": 0.39278945326805115,
        "1": 0.392360121011734,
        "2": 0.3855481743812561,
        "3": 0.3849887549877167,
        "4": 0.3821333646774292,
        "5": 0.37649908661842346,
        "6": 0.37111032009124756,
        "7": 0.362741619348526,
        "8": -3.4028234663852886e+38,
        "9": -3.4028234663852886e+38
    },
    "288": {
        "0": 0.39796826243400574,
        "1": 0.39652353525161743,
        "2": 0.39164629578590393,
        "3": 0.38897204399108887,
        "4": 0.38568973541259766,
        "5": 0.3817649483680725,
        "6": 0.3759048879146576,
        "7": 0.3680568039417267,
        "8": -3.4028234663852886e+38,
        "9": -3.4028234663852886e+38
    },
    "304": {
        "0": 0.40591180324554443,
        "1": 0.4027822017669678,
        "2": 0.3984944224357605,
        "3": 0.3966551423072815,
        "4": 0.39265087246894836,
        "5": 0.39007484912872314,
        "6": 0.38292282819747925,
        "7": 0.37738239765167236,
        "8": -3.4028234663852886e+38,
        "9": -3.4028234663852886e+38
    }
}