{
    "0": {
        "0": 0.3707664906978607,
        "1": 0.3641921579837799,
        "2": 0.3602144122123718,
        "3": 0.3578459918498993,
        "4": 0.3574548065662384,
        "5": 0.3511750102043152,
        "6": 0.3504912257194519,
        "7": 0.3477523922920227,
        "8": 0.3466586470603943,
        "9": 0.34441378712654114
    },
    "16": {
        "0": 0.36961033940315247,
        "1": 0.36228498816490173,
        "2": 0.3567165732383728,
        "3": 0.3551478385925293,
        "4": 0.3543207347393036,
        "5": 0.3480755686759949,
        "6": 0.34795382618904114,
        "7": 0.34613654017448425,
        "8": 0.3452475070953369,
        "9": 0.3414944112300873
    },
    "32": {
        "0": 0.3706347346305847,
        "1": 0.36295533180236816,
        "2": 0.36090579628944397,
        "3": 0.35864704847335815,
        "4": 0.3559231758117676,
        "5": 0.35060036182403564,
        "6": 0.34898656606674194,
        "7": 0.3464878797531128,
        "8": 0.34562602639198303,
        "9": 0.34535759687423706
    },
    "48": {
        "0": 0.3695814311504364,
        "1": 0.3615896701812744,
        "2": 0.35964053869247437,
        "3": 0.3572658598423004,
        "4": 0.3545289635658264,
        "5": 0.3495889902114868,
        "6": 0.34737062454223633,
        "7": 0.34458810091018677,
        "8": 0.34419095516204834,
        "9": 0.3440655469894409
    },
    "64": {
        "0": 0.3714102506637573,
        "1": 0.36281758546829224,
        "2": 0.3625049591064453,
        "3": 0.3599526286125183,
        "4": 0.35552576184272766,
        "5": 0.35024577379226685,
        "6": 0.34938180446624756,
        "7": 0.3471049666404724,
        "8": 0.3468819856643677,
        "9": 0.3453836739063263
    },
    "80": {
        "0": 0.37310439348220825,
        "1": 0.3647242486476898,
        "2": 0.36226049065589905,
        "3": 0.3599039316177368,
        "4": 0.3573499023914337,
        "5": 0.3515758216381073,
        "6": 0.35024791955947876,
        "7": 0.34976083040237427,
        "8": 0.3474583029747009,
        "9": 0.3461495041847229
    },
    "96": {
        "0": 0.37295305728912354,
        "1": 0.36505046486854553,
        "2": 0.3608858585357666,
        "3": 0.35860639810562134,
        "4": 0.3577460050582886,
        "5": 0.3516816794872284,
        "6": 0.3501231074333191,
        "7": 0.3495104908943176,
        "8": 0.3475976884365082,
        "9": 0.34513306617736816
    },
    "112": {
        "0": 0.37397465109825134,
        "1": 0.3656359612941742,
        "2": 0.36283519864082336,
        "3": 0.3606327176094055,
        "4": 0.3584592640399933,
        "5": 0.3528342843055725,
        "6": 0.35267865657806396,
        "7": 0.3506135046482086,
        "8": 0.34881463646888733,
        "9": 0.3478548526763916
    },
    "128": {
        "0": 0.3744332492351532,
        "1": 0.36571311950683594,
        "2": 0.36480027437210083,
        "3": 0.36256182193756104,
        "4": 0.35849589109420776,
        "5": 0.35322052240371704,
        "6": 0.3531048893928528,
        "7": 0.3510030508041382,
        "8": 0.34908226132392883,
        "9": 0.34817740321159363
    },
    "144": {
        "0": 0.3738745450973511,
        "1": 0.3656827509403229,
        "2": 0.3631424605846405,
        "3": 0.3608216643333435,
        "4": 0.35885345935821533,
        "5": 0.3530674874782562,
        "6": 0.3530588150024414,
        "7": 0.3504540026187897,
        "8": 0.3482873737812042,
        "9": 0.34749725461006165
    },
    "160": {
        "0": 0.37191343307495117,
        "1": 0.3633568584918976,
        "2": 0.35944193601608276,
        "3": 0.356914758682251,
        "4": 0.35589340329170227,
        "5": 0.34998005628585815,
        "6": 0.3491854667663574,
        "7": 0.3479856252670288,
        "8": 0.3448568284511566,
        "9": 0.34425511956214905
    },
    "176": {
        "0": 0.37167924642562866,
        "1": 0.3637646734714508,
        "2": 0.3593105971813202,
        "3": 0.35703691840171814,
        "4": 0.35588306188583374,
        "5": 0.3502998650074005,
        "6": 0.349023699760437,
        "7": 0.34790313243865967,
        "8": 0.3457367420196533,
        "9": 0.3440675437450409
    },
    "192": {
        "0": 0.37791040539741516,
        "1": 0.36888450384140015,
        "2": 0.36707809567451477,
        "3": 0.366722047328949,
        "4": 0.35865724086761475,
        "5": 0.3556906580924988,
        "6": 0.35500162839889526,
        "7": 0.3527008593082428,
        "8": 0.35166648030281067,
        "9": 0.3494608700275421
    },
    "208": {
        "0": 0.3770597577095032,
        "1": 0.3698466718196869,
        "2": 0.368071585893631,
        "3": 0.3669413924217224,
        "4": 0.3585018217563629,
        "5": 0.3552579879760742,
        "6": 0.3547930419445038,
        "7": 0.354532927274704,
        "8": 0.3536299467086792,
        "9": 0.34910428524017334
    },
    "224": {
        "0": 0.37752774357795715,
        "1": 0.3706662952899933,
        "2": 0.3689265847206116,
        "3": 0.3674071133136749,
        "4": 0.3587234318256378,
        "5": 0.3549734354019165,
        "6": 0.35487180948257446,
        "7": 0.35399389266967773,
        "8": 0.3533138632774353,
        "9": 0.3490144908428192
    },
    "240": {
        "0": 0.37688514590263367,
        "1": 0.37122273445129395,
        "2": 0.36959758400917053,
        "3": 0.36668217182159424,
        "4": 0.35818761587142944,
        "5": 0.3557943105697632,
        "6": 0.3545188009738922,
        "7": 0.3540330231189728,
        "8": 0.3534114360809326,
        "9": 0.3492959439754486
    },
    "256": {
        "0": 0.3761637210845947,
        "1": 0.3687078356742859,
        "2": 0.36664697527885437,
        "3": 0.3657289743423462,
        "4": 0.357228547334671,
        "5": 0.3533878028392792,
        "6": 0.35266897082328796,
        "7": 0.35181742906570435,
        "8": 0.3508232533931732,
        "9": 0.3476898670196533
    },
    "272": {
        "0": 0.3694908022880554,
        "1": 0.3608022928237915,
        "2": 0.3604133725166321,
        "3": 0.35779285430908203,
        "4": 0.35304880142211914,
        "5": 0.34750574827194214,
        "6": 0.3454841673374176,
        "7": 0.34533387422561646,
        "8": 0.3437764644622803,
        "9": 0.3423035442829132
    },
    "288": {
        "0": 0.3737141489982605,
        "1": 0.36615899205207825,
        "2": 0.36468517780303955,
        "3": 0.36404410004615784,
        "4": 0.3574109673500061,
        "5": 0.3522909879684448,
        "6": 0.35088232159614563,
        "7": 0.35024207830429077,
        "8": 0.34977084398269653,
        "9": 0.3466235101222992
    },
    "304": {
        "0": 0.3752548396587372,
        "1": 0.36629748344421387,
        "2": 0.36348479986190796,
        "3": 0.3611648976802826,
        "4": 0.3582528233528137,
        "5": 0.352871835231781,
        "6": 0.3524692952632904,
        "7": 0.35099858045578003,
        "8": 0.3478948771953583,
        "9": 0.34706127643585205
    },
    "320": {
        "0": 0.37759825587272644,
        "1": 0.3679575026035309,
        "2": 0.36741310358047485,
        "3": 0.3652719259262085,
        "4": 0.3597911298274994,
        "5": 0.35547178983688354,
        "6": 0.35429784655570984,
        "7": 0.3542925715446472,
        "8": 0.35062646865844727,
        "9": 0.3499518930912018
    },
    "336": {
        "0": 0.381155401468277,
        "1": 0.3741627037525177,
        "2": 0.37268805503845215,
        "3": 0.3716126084327698,
        "4": 0.36301544308662415,
        "5": 0.36273887753486633,
        "6": 0.3621191382408142,
        "7": 0.3580111861228943,
        "8": 0.35713523626327515,
        "9": 0.35433730483055115
    },
    "352": {
        "0": 0.3846803605556488,
        "1": 0.3836985230445862,
        "2": 0.3821432590484619,
        "3": 0.37142908573150635,
        "4": 0.3676358759403229,
        "5": 0.3641374409198761,