{
    "0": {
        "0": 0.44526994228363037,
        "1": 0.4360923767089844,
        "2": 0.4345678389072418,
        "3": 0.4344070553779602,
        "4": 0.4340865910053253,
        "5": 0.42857107520103455,
        "6": 0.42824968695640564,
        "7": 0.42725443840026855,
        "8": 0.42719101905822754,
        "9": 0.42618829011917114
    },
    "16": {
        "0": 0.4467698633670807,
        "1": 0.4402766227722168,
        "2": 0.43778058886528015,
        "3": 0.43393123149871826,
        "4": 0.4314519166946411,
        "5": 0.42784130573272705,
        "6": 0.42633703351020813,
        "7": 0.4260523021221161,
        "8": 0.4258439838886261,
        "9": 0.42498672008514404
    },
    "32": {
        "0": 0.4484167993068695,
        "1": 0.43826615810394287,
        "2": 0.4359979033470154,
        "3": 0.4309432804584503,
        "4": 0.4292171001434326,
        "5": 0.42522719502449036,
        "6": 0.4238278269767761,
        "7": 0.4237971305847168,
        "8": 0.42352864146232605,
        "9": 0.42301052808761597
    },
    "48": {
        "0": 0.450789213180542,
        "1": 0.43966054916381836,
        "2": 0.4381747245788574,
        "3": 0.43350860476493835,
        "4": 0.43294596672058105,
        "5": 0.4322250485420227,
        "6": 0.43160325288772583,
        "7": 0.428825706243515,
        "8": 0.4283645749092102,
        "9": 0.42803534865379333
    },
    "64": {
        "0": 0.44807547330856323,
        "1": 0.43867284059524536,
        "2": 0.4368712604045868,
        "3": 0.43649277091026306,
        "4": 0.43539515137672424,
        "5": 0.434881329536438,
        "6": 0.43131205439567566,
        "7": 0.4303188621997833,
        "8": 0.42966872453689575,
        "9": 0.4295783042907715
    },
    "80": {
        "0": 0.45696109533309937,
        "1": 0.4472399353981018,
        "2": 0.44522061944007874,
        "3": 0.4442036747932434,
        "4": 0.44291144609451294,
        "5": 0.4401150345802307,
        "6": 0.43717479705810547,
        "7": 0.4369838535785675,
        "8": 0.436642050743103,
        "9": 0.436634361743927
    },
    "96": {
        "0": 0.44209790229797363,
        "1": 0.4379269778728485,
        "2": 0.4372338056564331,
        "3": 0.4345036745071411,
        "4": 0.43284380435943604,
        "5": 0.43162786960601807,
        "6": 0.43150660395622253,
        "7": 0.43142491579055786,
        "8": 0.4302193224430084,
        "9": 0.42707788944244385
    },
    "112": {
        "0": 0.4418429434299469,
        "1": 0.43253424763679504,
        "2": 0.4317639470100403,
        "3": 0.43088194727897644,
        "4": 0.43082934617996216,
        "5": 0.42876672744750977,
        "6": 0.42677029967308044,
        "7": 0.42562034726142883,
        "8": 0.424990177154541,
        "9": 0.4239479899406433
    },
    "128": {
        "0": 0.4423816204071045,
        "1": 0.43761172890663147,
        "2": 0.4344802498817444,
        "3": 0.43263041973114014,
        "4": 0.4316844940185547,
        "5": 0.4278872013092041,
        "6": 0.42607927322387695,
        "7": 0.42535459995269775,
        "8": 0.42525237798690796,
        "9": 0.4240523874759674
    },
    "144": {
        "0": 0.4508705139160156,
        "1": 0.4453054964542389,
        "2": 0.44508206844329834,
        "3": 0.4428609609603882,
        "4": 0.4408072233200073,
        "5": 0.44076570868492126,
        "6": 0.44044947624206543,
        "7": 0.4388993978500366,
        "8": 0.43857142329216003,
        "9": 0.43694567680358887
    },
    "160": {
        "0": 0.4425102472305298,
        "1": 0.44204282760620117,
        "2": 0.43939173221588135,
        "3": 0.4387431740760803,
        "4": 0.4386661648750305,
        "5": 0.43864548206329346,
        "6": 0.4383077323436737,
        "7": 0.43535688519477844,
        "8": 0.43456292152404785,
        "9": 0.4336322844028473
    },
    "176": {
        "0": 0.4701448380947113,
        "1": 0.4669182300567627,
        "2": 0.46262243390083313,
        "3": 0.4623483121395111,
        "4": 0.4613729417324066,
        "5": 0.4612230062484741,
        "6": 0.4591667652130127,
        "7": 0.4569017291069031,
        "8": 0.4550568461418152,
        "9": 0.45207417011260986
    },
    "192": {
        "0": 0.46304628252983093,
        "1": 0.4615928530693054,
        "2": 0.4565379321575165,
        "3": 0.45587819814682007,
        "4": 0.45165538787841797,
        "5": 0.4514138996601105,
        "6": 0.44980788230895996,
        "7": 0.44689345359802246,
        "8": 0.44538405537605286,
        "9": 0.44315287470817566
    },
    "208": {
        "0": 0.47228553891181946,
        "1": 0.465765118598938,
        "2": 0.463823139667511,
        "3": 0.46093276143074036,
        "4": 0.4569438397884369,
        "5": 0.4565649926662445,
        "6": 0.4541148841381073,
        "7": 0.4512508511543274,
        "8": 0.4501854181289673,
        "9": 0.44642630219459534
    },
    "224": {
        "0": 0.4687143564224243,
        "1": 0.45451417565345764,
        "2": 0.45438018441200256,
        "3": 0.45261651277542114,
        "4": 0.44944584369659424,
        "5": 0.44829609990119934,
        "6": 0.4481901526451111,
        "7": 0.44724878668785095,
        "8": 0.4441567659378052,
        "9": 0.44082653522491455
    },
    "240": {
        "0": 0.4832969605922699,
        "1": 0.468539297580719,
        "2": 0.4671543836593628,
        "3": 0.46632981300354004,
        "4": 0.46276265382766724,
        "5": 0.4623192250728607,
        "6": 0.46199050545692444,
        "7": 0.4614245891571045,
        "8": 0.4564257562160492,
        "9": 0.4534148573875427
    },
    "256": {
        "0": 0.47506487369537354,
        "1": 0.46110737323760986,
        "2": 0.4594268202781677,
        "3": 0.45765089988708496,
        "4": 0.45562922954559326,
        "5": 0.4534720480442047,
        "6": 0.45227617025375366,
        "7": 0.45185232162475586,
        "8": 0.4468749463558197,
        "9": 0.44413208961486816
    },
    "272": {
        "0": 0.4726508855819702,
        "1": 0.46660545468330383,
        "2": 0.4639016389846802,
        "3": 0.4612029790878296,
        "4": 0.4590943455696106,
        "5": 0.4577418863773346,
        "6": 0.45761606097221375,
        "7": 0.455598384141922,
        "8": 0.4526831805706024,
        "9": 0.4492146372795105
    },
    "288": {
        "0": 0.47170552611351013,
        "1": 0.4663394093513489,
        "2": 0.46272924542427063,
        "3": 0.46042439341545105,
        "4": 0.4584016501903534,
        "5": 0.4576234519481659,
        "6": 0.4567020833492279,
        "7": 0.45497816801071167,
        "8": 0.4534263014793396,
        "9": 0.45033973455429077
    },
    "304": {
        "0": 0.46597394347190857,
        "1": 0.4610285758972168,
        "2": 0.45740804076194763,
        "3": 0.4561370313167572,
        "4": 0.4551963806152344,
        "5": 0.4544925093650818,
        "6": 0.4530152380466461,
        "7": 0.45196786522865295,
        "8": 0.4499629735946655,
        "9": 0.44677382707595825
    },
    "320": {
        "0": 0.47725796699523926,
        "1": 0.4719924330711365,
        "2": 0.4661243259906769,
        "3": 0.46475374698638916,
        "4": 0.46443310379981995,
        "5": 0.4635942280292511,
        "6": 0.46332836151123047,
        "7": 0.4594742953777313,
        "8": 0.45946598052978516,
        "9": 0.45606493949890137
    },
    "336": {
        "0": 0.48261258006095886,
        "1": 0.4718065857887268,
        "2": 0.4704592227935791,
        "3": 0.4689120948314667,
        "4": 0.4678916335105896,
        "5": 0.4667859971523285,
        "6": 0.4662220776081085,
        "7": 0.464897483587265,
        "8": 0.4642152488231659,
        "9": 0.4616817533969879
    },
    "352": {
        "0": 0.48758670687675476,
        "1": 0.4760754704475403,
        "2": 0.47353678941726685,
        "3": 0.46862122416496277,
        "4": 0.46828949451446533,
        "5": 0.4653783142566681,