{
    "0": {
        "0": 0.38195934891700745,
        "1": 0.3817597031593323,
        "2": 0.37846484780311584,
        "3": 0.3732836842536926,
        "4": 0.3728996813297272,
        "5": 0.37123480439186096,
        "6": 0.37081652879714966,
        "7": 0.370162695646286,
        "8": 0.3698292076587677,
        "9": 0.3696224093437195
    },
    "16": {
        "0": 0.38192811608314514,
        "1": 0.38008835911750793,
        "2": 0.37892353534698486,
        "3": 0.3765716552734375,
        "4": 0.3744957149028778,
        "5": 0.37218430638313293,
        "6": 0.3721209764480591,
        "7": 0.37199708819389343,
        "8": 0.37164515256881714,
        "9": 0.370610773563385
    },
    "32": {
        "0": 0.3726215660572052,
        "1": 0.37207117676734924,
        "2": 0.3697107136249542,
        "3": 0.3667726516723633,
        "4": 0.36627182364463806,
        "5": 0.36469700932502747,
        "6": 0.3643021285533905,
        "7": 0.363180935382843,
        "8": 0.3629992604255676,
        "9": 0.3626057505607605
    },
    "48": {
        "0": 0.3562767505645752,
        "1": 0.3507324457168579,
        "2": 0.3475905656814575,
        "3": 0.3446305990219116,
        "4": 0.3411983251571655,
        "5": 0.3401840627193451,
        "6": 0.33875563740730286,
        "7": 0.3381768465042114,
        "8": 0.33547577261924744,
        "9": 0.3299438953399658
    },
    "64": {
        "0": 0.35598063468933105,
        "1": 0.3536788821220398,
        "2": 0.3532131314277649,
        "3": 0.3502505421638489,
        "4": 0.34966984391212463,
        "5": 0.3490051031112671,
        "6": 0.3471406102180481,
        "7": 0.34693729877471924,
        "8": 0.34563660621643066,
        "9": 0.3453778028488159
    },
    "80": {
        "0": 0.3575505018234253,
        "1": 0.35434234142303467,
        "2": 0.35267749428749084,
        "3": 0.35185757279396057,
        "4": 0.35083118081092834,
        "5": 0.3497890830039978,
        "6": 0.3488020896911621,
        "7": 0.34836235642433167,
        "8": 0.34782859683036804,
        "9": 0.34755954146385193
    },
    "96": {
        "0": 0.3592475354671478,
        "1": 0.35729774832725525,
        "2": 0.3559199571609497,
        "3": 0.35279369354248047,
        "4": 0.35227614641189575,
        "5": 0.35200807452201843,
        "6": 0.3516538739204407,
        "7": 0.3507075309753418,
        "8": 0.3506277799606323,
        "9": 0.3494662046432495
    },
    "112": {
        "0": 0.3641844391822815,
        "1": 0.36252668499946594,
        "2": 0.36103710532188416,
        "3": 0.3590503931045532,
        "4": 0.35865318775177,
        "5": 0.35809212923049927,
        "6": 0.35773539543151855,
        "7": 0.356050580739975,
        "8": 0.3555505573749542,
        "9": 0.3551151156425476
    },
    "128": {
        "0": 0.3649510145187378,
        "1": 0.3637596070766449,
        "2": 0.36239638924598694,
        "3": 0.36039310693740845,
        "4": 0.3601379990577698,
        "5": 0.3592718243598938,
        "6": 0.3591282367706299,
        "7": 0.3571915328502655,
        "8": 0.356505423784256,
        "9": 0.3556574583053589
    },
    "144": {
        "0": 0.3678068518638611,
        "1": 0.36723431944847107,
        "2": 0.3666800260543823,
        "3": 0.3651476502418518,
        "4": 0.36293330788612366,
        "5": 0.36246582865715027,
        "6": 0.3613838851451874,
        "7": 0.3611814081668854,
        "8": 0.3603997528553009,
        "9": 0.35986098647117615
    },
    "160": {
        "0": 0.365339457988739,
        "1": 0.3637731671333313,
        "2": 0.36299097537994385,
        "3": 0.36047330498695374,
        "4": 0.36001235246658325,
        "5": 0.35937032103538513,
        "6": 0.358868271112442,
        "7": 0.35802075266838074,
        "8": 0.3570649325847626,
        "9": 0.3563362956047058
    },
    "176": {
        "0": 0.36604446172714233,
        "1": 0.3642452657222748,
        "2": 0.36326706409454346,
        "3": 0.3611184060573578,
        "4": 0.3608718514442444,
        "5": 0.35982972383499146,
        "6": 0.3590642511844635,
        "7": 0.358246386051178,
        "8": 0.35668259859085083,
        "9": 0.3565291464328766
    },
    "192": {
        "0": 0.36530202627182007,
        "1": 0.36343124508857727,
        "2": 0.3627183139324188,
        "3": 0.3603366017341614,
        "4": 0.3594953417778015,
        "5": 0.3593885898590088,
        "6": 0.35878434777259827,
        "7": 0.35747450590133667,
        "8": 0.35658764839172363,
        "9": 0.3565545678138733
    },
    "208": {
        "0": 0.3643389642238617,
        "1": 0.36294111609458923,
        "2": 0.3623357117176056,
        "3": 0.360626220703125,
        "4": 0.3597051203250885,
        "5": 0.35865193605422974,
        "6": 0.3577786684036255,
        "7": 0.35675498843193054,
        "8": 0.3561198115348816,
        "9": 0.35582485795021057
    },
    "224": {
        "0": 0.36124172806739807,
        "1": 0.35931357741355896,
        "2": 0.3584620952606201,
        "3": 0.3560824394226074,
        "4": 0.3555847108364105,
        "5": 0.35529136657714844,
        "6": 0.35368049144744873,
        "7": 0.3527575433254242,
        "8": 0.35229676961898804,
        "9": 0.3522375524044037
    },
    "240": {
        "0": 0.3754579424858093,
        "1": 0.3737231194972992,
        "2": 0.37303078174591064,
        "3": 0.3719584047794342,
        "4": 0.37124544382095337,
        "5": 0.3690163791179657,
        "6": 0.36795473098754883,
        "7": 0.36564379930496216,
        "8": 0.36551862955093384,
        "9": 0.36549997329711914
    },
    "256": {
        "0": 0.3618924021720886,
        "1": 0.36106210947036743,
        "2": 0.35956475138664246,
        "3": 0.3582710027694702,
        "4": 0.35678577423095703,
        "5": 0.35649266839027405,
        "6": 0.35364192724227905,
        "7": 0.35272476077079773,
        "8": 0.3526691794395447,
        "9": 0.35249242186546326
    },
    "272": {
        "0": 0.36484047770500183,
        "1": 0.3647499978542328,
        "2": 0.3608102798461914,
        "3": 0.35979509353637695,
        "4": 0.35740381479263306,
        "5": 0.35559237003326416,
        "6": 0.3550336956977844,
        "7": 0.3542326092720032,
        "8": 0.3541584312915802,
        "9": 0.3535507321357727
    },
    "288": {
        "0": 0.37463873624801636,
        "1": 0.37323203682899475,
        "2": 0.37196624279022217,
        "3": 0.3693544864654541,
        "4": 0.3667272627353668,
        "5": 0.36545658111572266,
        "6": 0.3645038604736328,
        "7": 0.36333727836608887,
        "8": 0.36175718903541565,
        "9": 0.36140939593315125
    },
    "304": {
        "0": 0.3777368664741516,
        "1": 0.37474700808525085,
        "2": 0.3730805218219757,
        "3": 0.371210515499115,
        "4": 0.369872510433197,
        "5": 0.3677079677581787,
        "6": 0.3657238781452179,
        "7": 0.36570459604263306,
        "8": 0.36539456248283386,
        "9": 0.3648803234100342
    },
    "320": {
        "0": 0.3665494918823242,
        "1": 0.3659828007221222,
        "2": 0.3647589683532715,
        "3": 0.3614698350429535,
        "4": 0.3611659109592438,
        "5": 0.360722154378891,
        "6": 0.35833877325057983,
        "7": 0.3581642508506775,
        "8": 0.35724765062332153,
        "9": 0.3558957278728485
    },
    "336": {
        "0": 0.38421541452407837,
        "1": 0.3823442757129669,
        "2": 0.37892085313796997,
        "3": 0.3784593939781189,
        "4": 0.37674403190612793,
        "5": 0.37571609020233154,
        "6": 0.37402647733688354,
        "7": 0.37402215600013733,
        "8": 0.37369486689567566,
        "9": 0.3735823333263397
    },
    "352": {
        "0": 0.37815171480178833,
        "1": 0.3774321377277374,
        "2": 0.3749130666255951,
        "3": 0.3742372989654541,
        "4": 0.3715372681617737,
        "5": 0.3695620596408844,