{
    "0": {
        "0": 0.4116654396057129,
        "1": 0.4116290509700775,
        "2": 0.3909321129322052,
        "3": 0.38664960861206055,
        "4": 0.38118159770965576,
        "5": 0.3780753016471863,
        "6": 0.3740002512931824,
        "7": 0.36970266699790955,
        "8": 0.3686664402484894,
        "9": 0.36745572090148926
    },
    "16": {
        "0": 0.4262341558933258,
        "1": 0.42275744676589966,
        "2": 0.40626412630081177,
        "3": 0.4059762954711914,
        "4": 0.4036598801612854,
        "5": 0.3986433148384094,
        "6": 0.38899481296539307,
        "7": 0.38571709394454956,
        "8": 0.3855913281440735,
        "9": 0.3822679817676544
    },
    "32": {
        "0": 0.4248003661632538,
        "1": 0.4144287109375,
        "2": 0.3970945179462433,
        "3": 0.3926026225090027,
        "4": 0.392067551612854,
        "5": 0.38544368743896484,
        "6": 0.38429513573646545,
        "7": 0.3805927038192749,
        "8": 0.3766099810600281,
        "9": 0.3740944266319275
    },
    "48": {
        "0": 0.4344249665737152,
        "1": 0.42463749647140503,
        "2": 0.40858063101768494,
        "3": 0.4052632451057434,
        "4": 0.4051646292209625,
        "5": 0.39772897958755493,
        "6": 0.39558008313179016,
        "7": 0.3940355181694031,
        "8": 0.38756826519966125,
        "9": 0.3841518759727478
    },
    "64": {
        "0": 0.42928266525268555,
        "1": 0.41867703199386597,
        "2": 0.40086495876312256,
        "3": 0.40072494745254517,
        "4": 0.3989415168762207,
        "5": 0.39292478561401367,
        "6": 0.39105165004730225,
        "7": 0.38998305797576904,
        "8": 0.3821186125278473,
        "9": 0.37847524881362915
    },
    "80": {
        "0": 0.4376105070114136,
        "1": 0.42930182814598083,
        "2": 0.4107781648635864,
        "3": 0.40982353687286377,
        "4": 0.40852969884872437,
        "5": 0.4034677743911743,
        "6": 0.39986929297447205,
        "7": 0.3976152837276459,
        "8": 0.3916394114494324,
        "9": 0.3882807195186615
    },
    "96": {
        "0": 0.4376105070114136,
        "1": 0.42930182814598083,
        "2": 0.4107781648635864,
        "3": 0.40982353687286377,
        "4": 0.40852969884872437,
        "5": 0.4034677743911743,
        "6": 0.39986929297447205,
        "7": 0.3976152837276459,
        "8": 0.3916394114494324,
        "9": 0.3882807195186615
    },
    "112": {
        "0": 0.4376105070114136,
        "1": 0.42930182814598083,
        "2": 0.4107781648635864,
        "3": 0.40982353687286377,
        "4": 0.40852969884872437,
        "5": 0.4034677743911743,
        "6": 0.39986929297447205,
        "7": 0.3976152837276459,
        "8": 0.3916394114494324,
        "9": 0.3882807195186615
    },
    "128": {
        "0": 0.4376105070114136,
        "1": 0.42930182814598083,
        "2": 0.4107781648635864,
        "3": 0.40982353687286377,
        "4": 0.40852969884872437,
        "5": 0.4034677743911743,
        "6": 0.39986929297447205,
        "7": 0.3976152837276459,
        "8": 0.3916394114494324,
        "9": 0.3882807195186615
    },
    "144": {
        "0": 0.4376105070114136,
        "1": 0.42930182814598083,
        "2": 0.4107781648635864,
        "3": 0.40982353687286377,
        "4": 0.40852969884872437,
        "5": 0.4034677743911743,
        "6": 0.39986929297447205,
        "7": 0.3976152837276459,
        "8": 0.3916394114494324,
        "9": 0.3882807195186615
    },
    "160": {
        "0": 0.4365798830986023,
        "1": 0.42782866954803467,
        "2": 0.4093850255012512,
        "3": 0.4069352149963379,
        "4": 0.40617063641548157,
        "5": 0.40106040239334106,
        "6": 0.3993262052536011,
        "7": 0.3959115743637085,
        "8": 0.38859614729881287,
        "9": 0.3869403302669525
    },
    "176": {
        "0": 0.4381736218929291,
        "1": 0.4287377595901489,
        "2": 0.41122809052467346,
        "3": 0.41081446409225464,
        "4": 0.4107378125190735,
        "5": 0.4030929207801819,
        "6": 0.4028278589248657,
        "7": 0.40252888202667236,
        "8": 0.39258214831352234,
        "9": 0.3906848132610321
    },
    "192": {
        "0": 0.4437320828437805,
        "1": 0.43816161155700684,
        "2": 0.42059648036956787,
        "3": 0.4186789393424988,
        "4": 0.41680577397346497,
        "5": 0.41298604011535645,
        "6": 0.4096568822860718,
        "7": 0.409061074256897,
        "8": 0.4040799140930176,
        "9": 0.39844220876693726
    },
    "208": {
        "0": 0.4367065727710724,
        "1": 0.43658769130706787,
        "2": 0.41912704706192017,
        "3": 0.418851763010025,
        "4": 0.4145064651966095,
        "5": 0.412985622882843,
        "6": 0.4033283591270447,
        "7": 0.40191811323165894,
        "8": 0.40130287408828735,
        "9": 0.39473819732666016
    }
}