{
    "0": {
        "0": 0.386872261762619,
        "1": 0.3796393573284149,
        "2": 0.3788203299045563,
        "3": 0.3760837912559509,
        "4": 0.37513384222984314,
        "5": 0.3719012141227722,
        "6": 0.37063536047935486,
        "7": 0.36909401416778564,
        "8": 0.36832091212272644,
        "9": 0.367909699678421
    },
    "16": {
        "0": 0.3912260830402374,
        "1": 0.38673311471939087,
        "2": 0.3820136487483978,
        "3": 0.37869980931282043,
        "4": 0.37758558988571167,
        "5": 0.3742985725402832,
        "6": 0.3740829527378082,
        "7": 0.37376564741134644,
        "8": 0.37364041805267334,
        "9": 0.3733600378036499
    },
    "32": {
        "0": 0.3903750777244568,
        "1": 0.3822522461414337,
        "2": 0.38193389773368835,
        "3": 0.377206027507782,
        "4": 0.3766023516654968,
        "5": 0.3758072257041931,
        "6": 0.37395739555358887,
        "7": 0.37296062707901,
        "8": 0.3716129958629608,
        "9": 0.36825376749038696
    },
    "48": {
        "0": 0.3922548294067383,
        "1": 0.38454610109329224,
        "2": 0.38303810358047485,
        "3": 0.38296496868133545,
        "4": 0.37892842292785645,
        "5": 0.3759959936141968,
        "6": 0.3750510513782501,
        "7": 0.37323620915412903,
        "8": 0.3699275851249695,
        "9": 0.3696892261505127
    },
    "64": {
        "0": 0.37605154514312744,
        "1": 0.3682189881801605,
        "2": 0.3667716979980469,
        "3": 0.3660350739955902,
        "4": 0.36590373516082764,
        "5": 0.3637195825576782,
        "6": 0.3629356622695923,
        "7": 0.35782477259635925,
        "8": 0.3562544286251068,
        "9": 0.3550063669681549
    },
    "80": {
        "0": 0.3881382346153259,
        "1": 0.3839133083820343,
        "2": 0.3827507495880127,
        "3": 0.3823034167289734,
        "4": 0.37773674726486206,
        "5": 0.3749449551105499,
        "6": 0.3745540678501129,
        "7": 0.3701515793800354,
        "8": 0.37006857991218567,
        "9": 0.3675634562969208
    },
    "96": {
        "0": 0.3911868929862976,
        "1": 0.38767480850219727,
        "2": 0.38291433453559875,
        "3": 0.381303608417511,
        "4": 0.38041847944259644,
        "5": 0.3781386613845825,
        "6": 0.37804675102233887,
        "7": 0.3754713833332062,
        "8": 0.372826486825943,
        "9": 0.3726442754268646
    },
    "112": {
        "0": 0.3828132748603821,
        "1": 0.3808988928794861,
        "2": 0.37594980001449585,
        "3": 0.3725373148918152,
        "4": 0.3718874752521515,
        "5": 0.3713997006416321,
        "6": 0.36972054839134216,
        "7": 0.3671911954879761,
        "8": 0.3644886910915375,
        "9": 0.3642485439777374
    },
    "128": {
        "0": 0.38142910599708557,
        "1": 0.3785390555858612,
        "2": 0.3724949359893799,
        "3": 0.37038642168045044,
        "4": 0.36613526940345764,
        "5": 0.3648909032344818,
        "6": 0.36437666416168213,
        "7": 0.36243534088134766,
        "8": 0.3621741533279419,
        "9": 0.3600671887397766
    },
    "144": {
        "0": 0.3886174261569977,
        "1": 0.3884235918521881,
        "2": 0.3825426697731018,
        "3": 0.38235944509506226,
        "4": 0.3747161626815796,
        "5": 0.3734510540962219,
        "6": 0.3733006715774536,
        "7": 0.3719136416912079,
        "8": 0.3717041015625,
        "9": 0.3711915612220764
    },
    "160": {
        "0": 0.3901519477367401,
        "1": 0.38812828063964844,
        "2": 0.3810937702655792,
        "3": 0.3798065185546875,
        "4": 0.37688004970550537,
        "5": 0.37585365772247314,
        "6": 0.37267571687698364,
        "7": 0.3724749684333801,
        "8": 0.37010395526885986,
        "9": 0.36898720264434814
    },
    "176": {
        "0": 0.39667683839797974,
        "1": 0.38940292596817017,
        "2": 0.3831343650817871,
        "3": 0.38190126419067383,
        "4": 0.3794988989830017,
        "5": 0.3776845335960388,
        "6": 0.3775169849395752,
        "7": 0.37560951709747314,
        "8": 0.37352806329727173,
        "9": 0.37257298827171326
    },
    "192": {
        "0": 0.3953873813152313,
        "1": 0.3933311104774475,
        "2": 0.38576048612594604,
        "3": 0.38174936175346375,
        "4": 0.38044339418411255,
        "5": 0.379827618598938,
        "6": 0.37934255599975586,
        "7": 0.37924110889434814,
        "8": 0.3791947364807129,
        "9": 0.3770970404148102
    },
    "208": {
        "0": 0.3882242739200592,
        "1": 0.38218992948532104,
        "2": 0.37947946786880493,
        "3": 0.3718111217021942,
        "4": 0.3684321939945221,
        "5": 0.36816492676734924,
        "6": 0.36761802434921265,
        "7": 0.36685556173324585,
        "8": 0.36677640676498413,
        "9": 0.36395591497421265
    },
    "224": {
        "0": 0.410433828830719,
        "1": 0.40830016136169434,
        "2": 0.40232640504837036,
        "3": 0.400112122297287,
        "4": 0.3955674469470978,
        "5": 0.39514559507369995,
        "6": 0.39455026388168335,
        "7": 0.3940201997756958,
        "8": 0.3895658552646637,
        "9": 0.3885888159275055
    },
    "240": {
        "0": 0.3926554322242737,
        "1": 0.3898490369319916,
        "2": 0.38367974758148193,
        "3": 0.3830377161502838,
        "4": 0.3819368779659271,
        "5": 0.3808264136314392,
        "6": 0.3781564235687256,
        "7": 0.3770673871040344,
        "8": 0.37663018703460693,
        "9": 0.37492069602012634
    },
    "256": {
        "0": 0.3867662847042084,
        "1": 0.38518401980400085,
        "2": 0.3770817816257477,
        "3": 0.3747142553329468,
        "4": 0.3735862076282501,
        "5": 0.3735779821872711,
        "6": 0.37191250920295715,
        "7": 0.3692275583744049,
        "8": 0.36810237169265747,
        "9": 0.3672987222671509
    },
    "272": {
        "0": 0.39548611640930176,
        "1": 0.3919222354888916,
        "2": 0.38552260398864746,
        "3": 0.38356515765190125,
        "4": 0.38209933042526245,
        "5": 0.3815336227416992,
        "6": 0.38109955191612244,
        "7": 0.38076940178871155,
        "8": 0.37739771604537964,
        "9": 0.3772871196269989
    },
    "288": {
        "0": 0.3864959180355072,
        "1": 0.3821355402469635,
        "2": 0.37363189458847046,
        "3": 0.37356746196746826,
        "4": 0.3730444312095642,
        "5": 0.3706319034099579,
        "6": 0.3702336251735687,
        "7": 0.36719954013824463,
        "8": 0.3610706031322479,
        "9": 0.3602442741394043
    },
    "304": {
        "0": 0.3823309540748596,
        "1": 0.37619179487228394,
        "2": 0.3757884204387665,
        "3": 0.37330061197280884,
        "4": 0.3722784221172333,
        "5": 0.3714286983013153,
        "6": 0.3685991168022156,
        "7": 0.3648984432220459,
        "8": 0.36423033475875854,
        "9": 0.3641197383403778
    },
    "320": {
        "0": 0.39012765884399414,
        "1": 0.38872334361076355,
        "2": 0.38300448656082153,
        "3": 0.3798609673976898,
        "4": 0.3783256709575653,
        "5": 0.37807294726371765,
        "6": 0.37764185667037964,
        "7": 0.377567857503891,
        "8": 0.3734130561351776,
        "9": 0.3727859556674957
    },
    "336": {
        "0": 0.3863452970981598,
        "1": 0.3801315128803253,
        "2": 0.3790857493877411,
        "3": 0.3758433163166046,
        "4": 0.37095028162002563,
        "5": 0.3708057999610901,
        "6": 0.3696397840976715,
        "7": 0.3688242435455322,
        "8": 0.3655511438846588,
        "9": 0.3646806478500366
    },
    "352": {
        "0": 0.3722841143608093,
        "1": 0.37210536003112793,
        "2": 0.3713305592536926,
        "3": 0.3635554909706116,
        "4": 0.3629530966281891,
        "5": 0.36142697930336,
        "6": 0.35962674021720886,