{
    "0": {
        "0": 0.3654286861419678,
        "1": 0.36321544647216797,
        "2": 0.35893166065216064,
        "3": 0.35658690333366394,
        "4": 0.3564934730529785,
        "5": 0.3560400605201721,
        "6": 0.3542235195636749,
        "7": 0.3529704809188843,
        "8": 0.3516404330730438,
        "9": 0.3493199348449707
    },
    "16": {
        "0": 0.36610928177833557,
        "1": 0.3638688325881958,
        "2": 0.35973432660102844,
        "3": 0.35779914259910583,
        "4": 0.35718873143196106,
        "5": 0.356344997882843,
        "6": 0.3540744185447693,
        "7": 0.3532683849334717,
        "8": 0.35142409801483154,
        "9": 0.35113921761512756
    },
    "32": {
        "0": 0.3708672821521759,
        "1": 0.3679194748401642,
        "2": 0.3646170496940613,
        "3": 0.36294716596603394,
        "4": 0.3620242476463318,
        "5": 0.36100777983665466,
        "6": 0.35914772748947144,
        "7": 0.35839879512786865,
        "8": 0.35593289136886597,
        "9": 0.354714572429657
    },
    "48": {
        "0": 0.37020573019981384,
        "1": 0.3684965670108795,
        "2": 0.363830029964447,
        "3": 0.3619306683540344,
        "4": 0.3615388572216034,
        "5": 0.35893702507019043,
        "6": 0.3586348295211792,
        "7": 0.3567650318145752,
        "8": 0.35558274388313293,
        "9": 0.3525830805301666
    },
    "64": {
        "0": 0.36842018365859985,
        "1": 0.3669638931751251,
        "2": 0.36199361085891724,
        "3": 0.35999399423599243,
        "4": 0.3595823645591736,
        "5": 0.35824570059776306,
        "6": 0.35688257217407227,
        "7": 0.35466495156288147,
        "8": 0.35437437891960144,
        "9": 0.34984761476516724
    },
    "80": {
        "0": 0.3662688434123993,
        "1": 0.36428752541542053,
        "2": 0.35997459292411804,
        "3": 0.3577660620212555,
        "4": 0.35722002387046814,
        "5": 0.35534822940826416,
        "6": 0.35505643486976624,
        "7": 0.35260728001594543,
        "8": 0.3522511124610901,
        "9": 0.34936919808387756
    },
    "96": {
        "0": 0.36630672216415405,
        "1": 0.36475926637649536,
        "2": 0.36188220977783203,
        "3": 0.3586552143096924,
        "4": 0.3576293885707855,
        "5": 0.35600751638412476,
        "6": 0.355307012796402,
        "7": 0.3537992835044861,
        "8": 0.3527527451515198,
        "9": 0.3495822846889496
    },
    "112": {
        "0": 0.3697839379310608,
        "1": 0.3686123192310333,
        "2": 0.36184683442115784,
        "3": 0.3613514304161072,
        "4": 0.3593350052833557,
        "5": 0.3593149483203888,
        "6": 0.35891300439834595,
        "7": 0.3555191159248352,
        "8": 0.35538482666015625,
        "9": 0.35137075185775757
    },
    "128": {
        "0": 0.3692578077316284,
        "1": 0.3669886589050293,
        "2": 0.36007311940193176,
        "3": 0.35967451333999634,
        "4": 0.35765182971954346,
        "5": 0.35745933651924133,
        "6": 0.3569730520248413,
        "7": 0.35556721687316895,
        "8": 0.35473209619522095,
        "9": 0.3511826694011688
    },
    "144": {
        "0": 0.3703671395778656,
        "1": 0.36851030588150024,
        "2": 0.3608408570289612,
        "3": 0.35942342877388,
        "4": 0.3588749170303345,
        "5": 0.35798296332359314,
        "6": 0.35769712924957275,
        "7": 0.35602691769599915,
        "8": 0.35535621643066406,
        "9": 0.352763831615448
    },
    "160": {
        "0": 0.3642156720161438,
        "1": 0.36254948377609253,
        "2": 0.3540443778038025,
        "3": 0.3520452678203583,
        "4": 0.3517651855945587,
        "5": 0.351389616727829,
        "6": 0.35062387585639954,
        "7": 0.3497772216796875,
        "8": 0.34911495447158813,
        "9": 0.3480791747570038
    },
    "176": {
        "0": 0.36818379163742065,
        "1": 0.36586758494377136,
        "2": 0.3573092818260193,
        "3": 0.355882465839386,
        "4": 0.3555903434753418,
        "5": 0.3546350300312042,
        "6": 0.3541989028453827,
        "7": 0.35256490111351013,
        "8": 0.35154029726982117,
        "9": 0.3513992726802826
    },
    "192": {
        "0": 0.36864516139030457,
        "1": 0.3663032054901123,
        "2": 0.3589116930961609,
        "3": 0.35735467076301575,
        "4": 0.3570559024810791,
        "5": 0.3562205135822296,
        "6": 0.3557455539703369,
        "7": 0.35410839319229126,
        "8": 0.3530765771865845,
        "9": 0.3508254885673523
    },
    "208": {
        "0": 0.37601032853126526,
        "1": 0.37399712204933167,
        "2": 0.36680901050567627,
        "3": 0.3657844364643097,
        "4": 0.3650548458099365,
        "5": 0.3644939064979553,
        "6": 0.36390408873558044,
        "7": 0.3614770472049713,
        "8": 0.36118605732917786,
        "9": 0.35616186261177063
    },
    "224": {
        "0": 0.3755840063095093,
        "1": 0.3729935884475708,
        "2": 0.36746641993522644,
        "3": 0.36659300327301025,
        "4": 0.3641727566719055,
        "5": 0.3636605739593506,
        "6": 0.36301952600479126,
        "7": 0.3611806631088257,
        "8": 0.36040201783180237,
        "9": 0.3603780269622803
    },
    "240": {
        "0": 0.3786657452583313,
        "1": 0.3759102523326874,
        "2": 0.3703811764717102,
        "3": 0.36879315972328186,
        "4": 0.3679872751235962,
        "5": 0.3674430847167969,
        "6": 0.3664252460002899,
        "7": 0.36354246735572815,
        "8": 0.3631398677825928,
        "9": 0.3596402704715729
    },
    "256": {
        "0": 0.37510067224502563,
        "1": 0.3734290301799774,
        "2": 0.367476224899292,
        "3": 0.3660924732685089,
        "4": 0.3643515110015869,
        "5": 0.36295613646507263,
        "6": 0.3614404797554016,
        "7": 0.36141473054885864,
        "8": 0.35869503021240234,
        "9": 0.3579108417034149
    },
    "272": {
        "0": 0.36983853578567505,
        "1": 0.3660461902618408,
        "2": 0.3610793352127075,
        "3": 0.35958337783813477,
        "4": 0.3581017851829529,
        "5": 0.3579266369342804,
        "6": 0.3553893268108368,
        "7": 0.35463470220565796,
        "8": 0.35344693064689636,
        "9": 0.3525236248970032
    },
    "288": {
        "0": 0.3725210428237915,
        "1": 0.3692591190338135,
        "2": 0.3660230040550232,
        "3": 0.3630399703979492,
        "4": 0.36200088262557983,
        "5": 0.36168044805526733,
        "6": 0.3602694571018219,
        "7": 0.3587247133255005,
        "8": 0.35757976770401,
        "9": 0.35470375418663025
    },
    "304": {
        "0": 0.36871007084846497,
        "1": 0.3672260046005249,
        "2": 0.3622029423713684,
        "3": 0.359421968460083,
        "4": 0.3580077290534973,
        "5": 0.3562111556529999,
        "6": 0.35554662346839905,
        "7": 0.3546624481678009,
        "8": 0.35356175899505615,
        "9": 0.34987953305244446
    },
    "320": {
        "0": 0.37239181995391846,
        "1": 0.36744919419288635,
        "2": 0.36419641971588135,
        "3": 0.36168795824050903,
        "4": 0.3602655827999115,
        "5": 0.3596337139606476,
        "6": 0.3590269684791565,
        "7": 0.3572043776512146,
        "8": 0.3568124771118164,
        "9": 0.35283565521240234
    },
    "336": {
        "0": 0.37372443079948425,
        "1": 0.3688044846057892,
        "2": 0.36534035205841064,
        "3": 0.36355483531951904,
        "4": 0.36221182346343994,
        "5": 0.36208128929138184,
        "6": 0.3607679307460785,
        "7": 0.35831278562545776,
        "8": 0.3582969307899475,
        "9": 0.3554442822933197
    },
    "352": {
        "0": 0.372309148311615,
        "1": 0.3686405420303345,
        "2": 0.36469271779060364,
        "3": 0.3633894920349121,
        "4": 0.3619217872619629,
        "5": 0.3600369095802307,