{
    "0": {
        "0": 0.3065502643585205,
        "1": 0.30055537819862366,
        "2": 0.3003025949001312,
        "3": 0.29839012026786804,
        "4": 0.297717422246933,
        "5": 0.29720115661621094,
        "6": 0.2971401810646057,
        "7": 0.29626554250717163,
        "8": 0.29311424493789673,
        "9": 0.29173681139945984
    },
    "16": {
        "0": 0.3094930946826935,
        "1": 0.30530643463134766,
        "2": 0.3038960099220276,
        "3": 0.30325502157211304,
        "4": 0.3023907244205475,
        "5": 0.3023582994937897,
        "6": 0.3011261820793152,
        "7": 0.2993709444999695,
        "8": 0.2971436381340027,
        "9": 0.296432763338089
    },
    "32": {
        "0": 0.30690959095954895,
        "1": 0.30337584018707275,
        "2": 0.3030908405780792,
        "3": 0.3012675642967224,
        "4": 0.29986536502838135,
        "5": 0.2997523248195648,
        "6": 0.29901355504989624,
        "7": 0.29768121242523193,
        "8": 0.29467692971229553,
        "9": 0.293865442276001
    },
    "48": {
        "0": 0.30325227975845337,
        "1": 0.3005094826221466,
        "2": 0.29998978972435,
        "3": 0.2978830933570862,
        "4": 0.296872079372406,
        "5": 0.29663023352622986,
        "6": 0.29622912406921387,
        "7": 0.29461026191711426,
        "8": 0.2927623987197876,
        "9": 0.2917116582393646
    },
    "64": {
        "0": 0.30191075801849365,
        "1": 0.29913774132728577,
        "2": 0.2989122271537781,
        "3": 0.29675623774528503,
        "4": 0.2954040765762329,
        "5": 0.2948516607284546,
        "6": 0.29454800486564636,
        "7": 0.29423442482948303,
        "8": 0.2898592948913574,
        "9": 0.28982052206993103
    },
    "80": {
        "0": 0.2999204397201538,
        "1": 0.29568812251091003,
        "2": 0.2929426431655884,
        "3": 0.28992217779159546,
        "4": 0.28929972648620605,
        "5": 0.28880244493484497,
        "6": 0.28854554891586304,
        "7": 0.28764867782592773,
        "8": 0.2833477854728699,
        "9": 0.28226912021636963
    },
    "96": {
        "0": 0.30917900800704956,
        "1": 0.3050389885902405,
        "2": 0.30440688133239746,
        "3": 0.3024755120277405,
        "4": 0.3019295930862427,
        "5": 0.3011542558670044,
        "6": 0.2998107969760895,
        "7": 0.2994731366634369,
        "8": 0.29611486196517944,
        "9": 0.29540976881980896
    },
    "112": {
        "0": 0.29982513189315796,
        "1": 0.29741477966308594,
        "2": 0.2968400716781616,
        "3": 0.29418450593948364,
        "4": 0.2935947775840759,
        "5": 0.29351937770843506,
        "6": 0.2916952669620514,
        "7": 0.29133397340774536,
        "8": 0.28801706433296204,
        "9": 0.287727028131485
    },
    "128": {
        "0": 0.3013555109500885,
        "1": 0.2969393730163574,
        "2": 0.2957596480846405,
        "3": 0.2936989963054657,
        "4": 0.29362058639526367,
        "5": 0.292709082365036,
        "6": 0.2925477921962738,
        "7": 0.29091763496398926,
        "8": 0.2884628176689148,
        "9": 0.2867860198020935
    },
    "144": {
        "0": 0.30212536454200745,
        "1": 0.2978801727294922,
        "2": 0.2969205975532532,
        "3": 0.29477566480636597,
        "4": 0.2940567135810852,
        "5": 0.29396864771842957,
        "6": 0.2925855815410614,
        "7": 0.29130953550338745,
        "8": 0.28739574551582336,
        "9": 0.2871914803981781
    },
    "160": {
        "0": 0.3056483268737793,
        "1": 0.3020001947879791,
        "2": 0.30128464102745056,
        "3": 0.2999228835105896,
        "4": 0.2994234263896942,
        "5": 0.29882726073265076,
        "6": 0.2970837652683258,
        "7": 0.29600492119789124,
        "8": 0.29342490434646606,
        "9": 0.2912482023239136
    },
    "176": {
        "0": 0.30013391375541687,
        "1": 0.29604583978652954,
        "2": 0.2934069335460663,
        "3": 0.2914861738681793,
        "4": 0.2911726236343384,
        "5": 0.29009532928466797,
        "6": 0.2890128791332245,
        "7": 0.288687527179718,
        "8": 0.2869068384170532,
        "9": 0.2849944531917572
    },
    "192": {
        "0": 0.30484694242477417,
        "1": 0.30104634165763855,
        "2": 0.3000986874103546,
        "3": 0.29936885833740234,
        "4": 0.2990337312221527,
        "5": 0.2986225485801697,
        "6": 0.2961184084415436,
        "7": 0.29491767287254333,
        "8": 0.29311317205429077,
        "9": 0.2922421991825104
    },
    "208": {
        "0": 0.3103102743625641,
        "1": 0.30474618077278137,
        "2": 0.3034755289554596,
        "3": 0.30287984013557434,
        "4": 0.3019779324531555,
        "5": 0.3019508719444275,
        "6": 0.30102643370628357,
        "7": 0.2997269332408905,
        "8": 0.2963046431541443,
        "9": 0.29592782258987427
    },
    "224": {
        "0": 0.3152826428413391,
        "1": 0.3118591010570526,
        "2": 0.310403972864151,
        "3": 0.30875271558761597,
        "4": 0.3071357309818268,
        "5": 0.30701521039009094,
        "6": 0.30688250064849854,
        "7": 0.30467087030410767,
        "8": 0.3026216924190521,
        "9": 0.30073684453964233
    },
    "240": {
        "0": 0.3127463757991791,
        "1": 0.30791085958480835,
        "2": 0.30602800846099854,
        "3": 0.3049388527870178,
        "4": 0.3046688437461853,
        "5": 0.3030027449131012,
        "6": 0.30284664034843445,
        "7": 0.3020552694797516,
        "8": 0.2994292080402374,
        "9": 0.29934871196746826
    },
    "256": {
        "0": 0.30354931950569153,
        "1": 0.3006390333175659,
        "2": 0.299262136220932,
        "3": 0.2985771894454956,
        "4": 0.298488587141037,
        "5": 0.29670748114585876,
        "6": 0.29567939043045044,
        "7": 0.29213187098503113,
        "8": 0.29004210233688354,
        "9": 0.2892061769962311
    },
    "272": {
        "0": 0.2997626066207886,
        "1": 0.29447701573371887,
        "2": 0.2941351532936096,
        "3": 0.29356884956359863,
        "4": 0.29242733120918274,
        "5": 0.2923683226108551,
        "6": 0.2902601957321167,
        "7": 0.28785961866378784,
        "8": 0.28644993901252747,
        "9": 0.28462034463882446
    },
    "288": {
        "0": 0.30506858229637146,
        "1": 0.30281803011894226,
        "2": 0.302420049905777,
        "3": 0.3016965985298157,
        "4": 0.30087798833847046,
        "5": 0.29956597089767456,
        "6": 0.2988549470901489,
        "7": 0.2955540418624878,
        "8": 0.29406049847602844,
        "9": 0.2934446632862091
    },
    "304": {
        "0": 0.30350542068481445,
        "1": 0.2992452383041382,
        "2": 0.29862546920776367,
        "3": 0.29806631803512573,
        "4": 0.2974178194999695,
        "5": 0.29711252450942993,
        "6": 0.29533109068870544,
        "7": 0.2928675413131714,
        "8": 0.2907257676124573,
        "9": 0.2906378507614136
    },
    "320": {
        "0": 0.3110349476337433,
        "1": 0.3105769753456116,
        "2": 0.30955344438552856,
        "3": 0.3080502152442932,
        "4": 0.3073604106903076,
        "5": 0.30577552318573,
        "6": 0.3055712878704071,
        "7": 0.3012292683124542,
        "8": 0.3010128140449524,
        "9": 0.3005784749984741
    },
    "336": {
        "0": 0.31043577194213867,
        "1": 0.3098994493484497,
        "2": 0.3088805079460144,
        "3": 0.30755922198295593,
        "4": 0.306124210357666,
        "5": 0.30542704463005066,
        "6": 0.3044298589229584,
        "7": 0.3032974600791931,
        "8": 0.3028251528739929,
        "9": 0.300399512052536
    },
    "352": {
        "0": 0.30912789702415466,
        "1": 0.3083617687225342,
        "2": 0.3080267608165741,
        "3": 0.30671364068984985,
        "4": 0.3050645887851715,
        "5": 0.3041680157184601,
        "6": 0.3040647804737091,