{
    "0": {
        "0": 0.413070946931839,
        "1": 0.41065242886543274,
        "2": 0.3833048641681671,
        "3": 0.37771859765052795,
        "4": 0.3773438036441803,
        "5": 0.37645867466926575,
        "6": 0.37498778104782104,
        "7": 0.3724669814109802,
        "8": 0.3513968586921692,
        "9": 0.345486044883728
    },
    "16": {
        "0": 0.4219929277896881,
        "1": 0.42143622040748596,
        "2": 0.3905237913131714,
        "3": 0.38443678617477417,
        "4": 0.3836432993412018,
        "5": 0.37538546323776245,
        "6": 0.373176246881485,
        "7": 0.37131425738334656,
        "8": 0.34413692355155945,
        "9": 0.3345394432544708
    },
    "32": {
        "0": 0.42600998282432556,
        "1": 0.41919079422950745,
        "2": 0.3926362693309784,
        "3": 0.38378068804740906,
        "4": 0.38358816504478455,
        "5": 0.38285210728645325,
        "6": 0.3815307021141052,
        "7": 0.3800548315048218,
        "8": 0.3243406414985657,
        "9": 0.319002240896225
    },
    "48": {
        "0": 0.4135625958442688,
        "1": 0.40591761469841003,
        "2": 0.39784249663352966,
        "3": 0.3926767110824585,
        "4": 0.3896062970161438,
        "5": 0.374652624130249,
        "6": 0.3640037178993225,
        "7": 0.3618229031562805,
        "8": 0.359537273645401,
        "9": 0.3427080512046814
    },
    "64": {
        "0": 0.41082876920700073,
        "1": 0.3989141285419464,
        "2": 0.39213475584983826,
        "3": 0.38502660393714905,
        "4": 0.3848852515220642,
        "5": 0.36378905177116394,
        "6": 0.3592568635940552,
        "7": 0.3579196333885193,
        "8": 0.34947431087493896,
        "9": 0.3294987678527832
    },
    "80": {
        "0": 0.42647814750671387,
        "1": 0.42537587881088257,
        "2": 0.4045122563838959,
        "3": 0.39568111300468445,
        "4": 0.39515724778175354,
        "5": 0.38218817114830017,
        "6": 0.38079458475112915,
        "7": 0.37768980860710144,
        "8": 0.36003345251083374,
        "9": 0.3537779152393341
    },
    "96": {
        "0": 0.4247233271598816,
        "1": 0.4247143864631653,
        "2": 0.3947712779045105,
        "3": 0.38590186834335327,
        "4": 0.385776162147522,
        "5": 0.3857662081718445,
        "6": 0.38361984491348267,
        "7": 0.3818652927875519,
        "8": 0.3487224876880646,
        "9": 0.3477494418621063
    },
    "112": {
        "0": 0.4220563769340515,
        "1": 0.4151623249053955,
        "2": 0.3871225118637085,
        "3": 0.3809320032596588,
        "4": 0.37893328070640564,
        "5": 0.3787301480770111,
        "6": 0.3785187304019928,
        "7": 0.37703800201416016,
        "8": 0.3343011438846588,
        "9": 0.3251262307167053
    },
    "128": {
        "0": 0.42521223425865173,
        "1": 0.41886940598487854,
        "2": 0.38882359862327576,
        "3": 0.3837716281414032,
        "4": 0.3814065754413605,
        "5": 0.38015416264533997,
        "6": 0.37756502628326416,
        "7": 0.3770434856414795,
        "8": 0.3303689658641815,
        "9": 0.32899004220962524
    },
    "144": {
        "0": 0.426995187997818,
        "1": 0.4190919101238251,
        "2": 0.3886202275753021,
        "3": 0.3841588795185089,
        "4": 0.3813534677028656,
        "5": 0.37968796491622925,
        "6": 0.37876325845718384,
        "7": 0.3776291310787201,
        "8": 0.3313868045806885,
        "9": 0.3303672671318054
    },
    "160": {
        "0": 0.4116016626358032,
        "1": 0.40635916590690613,
        "2": 0.3779422640800476,
        "3": 0.374213308095932,
        "4": 0.3735729455947876,
        "5": 0.3709363639354706,
        "6": 0.366420716047287,
        "7": 0.36552074551582336,
        "8": 0.36120834946632385,
        "9": 0.3609873056411743
    },
    "176": {
        "0": 0.38333165645599365,
        "1": 0.3795126974582672,
        "2": 0.37384557723999023,
        "3": 0.3733707070350647,
        "4": 0.3704768121242523,
        "5": 0.3670087158679962,
        "6": 0.36631739139556885,
        "7": 0.3650623857975006,
        "8": 0.3560947775840759,
        "9": 0.3550693988800049
    },
    "192": {
        "0": 0.37465700507164,
        "1": 0.3726281523704529,
        "2": 0.36604639887809753,
        "3": 0.36408787965774536,
        "4": 0.3575776219367981,
        "5": 0.3561994135379791,
        "6": 0.3506937623023987,
        "7": 0.3481857180595398,
        "8": 0.3471628427505493,
        "9": 0.3469448983669281
    },
    "208": {
        "0": 0.3649461269378662,
        "1": 0.362912654876709,
        "2": 0.3559187650680542,
        "3": 0.35457560420036316,
        "4": 0.35301050543785095,
        "5": 0.35182833671569824,
        "6": 0.34656432271003723,
        "7": 0.345060795545578,
        "8": 0.336576908826828,
        "9": 0.3362005650997162
    },
    "224": {
        "0": 0.37266436219215393,
        "1": 0.3665173053741455,
        "2": 0.36066555976867676,
        "3": 0.3599625527858734,
        "4": 0.3550058603286743,
        "5": 0.3538253605365753,
        "6": 0.35187041759490967,
        "7": 0.3484017550945282,
        "8": 0.3421288728713989,
        "9": 0.34078657627105713
    },
    "240": {
        "0": 0.378496915102005,
        "1": 0.3725448548793793,
        "2": 0.3680638372898102,
        "3": 0.36725902557373047,
        "4": 0.3617875874042511,
        "5": 0.3582785129547119,
        "6": 0.3526012897491455,
        "7": 0.3500712215900421,
        "8": 0.34958481788635254,
        "9": 0.3462490439414978
    },
    "256": {
        "0": 0.385766863822937,
        "1": 0.37759923934936523,
        "2": 0.374131977558136,
        "3": 0.3710758090019226,
        "4": 0.3700837194919586,
        "5": 0.36702263355255127,
        "6": 0.3621242642402649,
        "7": 0.36205828189849854,
        "8": 0.35674458742141724,
        "9": 0.3514447808265686
    },
    "272": {
        "0": 0.3721999228000641,
        "1": 0.3673866391181946,
        "2": 0.36440083384513855,
        "3": 0.36257874965667725,
        "4": 0.3622303009033203,
        "5": 0.35935503244400024,
        "6": 0.354688823223114,
        "7": 0.35367485880851746,
        "8": 0.34508761763572693,
        "9": 0.34101155400276184
    },
    "288": {
        "0": 0.37659329175949097,
        "1": 0.3730979859828949,
        "2": 0.3686535060405731,
        "3": 0.3660573661327362,
        "4": 0.3643152117729187,
        "5": 0.3641430735588074,
        "6": 0.3581591844558716,
        "7": 0.3561265170574188,
        "8": 0.35248827934265137,
        "9": 0.34738296270370483
    },
    "304": {
        "0": 0.3838430941104889,
        "1": 0.3759171664714813,
        "2": 0.37484002113342285,
        "3": 0.37395307421684265,
        "4": 0.3665286898612976,
        "5": 0.36441829800605774,
        "6": 0.36156874895095825,
        "7": 0.3541105091571808,
        "8": 0.35387203097343445,
        "9": 0.3529074192047119
    },
    "320": {
        "0": 0.3715406060218811,
        "1": 0.367288738489151,
        "2": 0.36363229155540466,
        "3": 0.3616905212402344,
        "4": 0.35832709074020386,
        "5": 0.3582153618335724,
        "6": 0.35353049635887146,
        "7": 0.35302573442459106,
        "8": 0.3423230051994324,
        "9": 0.3390795588493347
    },
    "336": {
        "0": 0.3664512038230896,
        "1": 0.3647744953632355,
        "2": 0.35881316661834717,
        "3": 0.3558509349822998,
        "4": 0.35374200344085693,
        "5": 0.35126936435699463,
        "6": 0.35031431913375854,
        "7": 0.34883400797843933,
        "8": 0.3419204652309418,
        "9": 0.34033307433128357
    },
    "352": {
        "0": 0.39269787073135376,
        "1": 0.38678666949272156,
        "2": 0.37105727195739746,
        "3": 0.3671758770942688,
        "4": 0.36624622344970703,
        "5": 0.36555153131484985,
        "6": 0.3635921776294708,