{
    "0": {
        "0": 0.3636324405670166,
        "1": 0.36066052317619324,
        "2": 0.3557724952697754,
        "3": 0.35465240478515625,
        "4": 0.3526003956794739,
        "5": 0.3524382710456848,
        "6": 0.3507223129272461,
        "7": 0.350709468126297,
        "8": 0.34861522912979126,
        "9": 0.34824326634407043
    },
    "16": {
        "0": 0.3641992211341858,
        "1": 0.35887908935546875,
        "2": 0.3550616204738617,
        "3": 0.3543882668018341,
        "4": 0.35288113355636597,
        "5": 0.35051605105400085,
        "6": 0.34938791394233704,
        "7": 0.34922370314598083,
        "8": 0.34697988629341125,
        "9": 0.34425902366638184
    },
    "32": {
        "0": 0.3698960244655609,
        "1": 0.3661193251609802,
        "2": 0.3601076006889343,
        "3": 0.3596842288970947,
        "4": 0.3569783568382263,
        "5": 0.3564683198928833,
        "6": 0.35522207617759705,
        "7": 0.35463783144950867,
        "8": 0.3544342517852783,
        "9": 0.3466925323009491
    },
    "48": {
        "0": 0.36206936836242676,
        "1": 0.3589979410171509,
        "2": 0.35177212953567505,
        "3": 0.3517076373100281,
        "4": 0.34884774684906006,
        "5": 0.3478706479072571,
        "6": 0.34719693660736084,
        "7": 0.34675922989845276,
        "8": 0.3458918035030365,
        "9": 0.33835312724113464
    },
    "64": {
        "0": 0.35771283507347107,
        "1": 0.35755452513694763,
        "2": 0.3496663272380829,
        "3": 0.34930819272994995,
        "4": 0.34922170639038086,
        "5": 0.3468239903450012,
        "6": 0.34620895981788635,
        "7": 0.3435807228088379,
        "8": 0.3402058482170105,
        "9": 0.3400765657424927
    },
    "80": {
        "0": 0.3604762554168701,
        "1": 0.35808464884757996,
        "2": 0.3526265025138855,
        "3": 0.35099273920059204,
        "4": 0.350061297416687,
        "5": 0.3492462635040283,
        "6": 0.3489728569984436,
        "7": 0.3484388589859009,
        "8": 0.34821850061416626,
        "9": 0.3470993936061859
    },
    "96": {
        "0": 0.37882429361343384,
        "1": 0.366676926612854,
        "2": 0.3640538454055786,
        "3": 0.36287471652030945,
        "4": 0.3617786765098572,
        "5": 0.35998040437698364,
        "6": 0.35919588804244995,
        "7": 0.35585305094718933,
        "8": 0.35523292422294617,
        "9": 0.3546193540096283
    },
    "112": {
        "0": 0.38311758637428284,
        "1": 0.3715684115886688,
        "2": 0.3689945936203003,
        "3": 0.3634611666202545,
        "4": 0.36208856105804443,
        "5": 0.3610132932662964,
        "6": 0.36031046509742737,
        "7": 0.35995835065841675,
        "8": 0.35761260986328125,
        "9": 0.35650333762168884
    },
    "128": {
        "0": 0.3826422095298767,
        "1": 0.37243977189064026,
        "2": 0.37148427963256836,
        "3": 0.3681124150753021,
        "4": 0.36601826548576355,
        "5": 0.36548885703086853,
        "6": 0.3648528754711151,
        "7": 0.36425936222076416,
        "8": 0.36395540833473206,
        "9": 0.3591445982456207
    },
    "144": {
        "0": 0.370520681142807,
        "1": 0.3694762587547302,
        "2": 0.36359474062919617,
        "3": 0.3619218170642853,
        "4": 0.35913026332855225,
        "5": 0.35419389605522156,
        "6": 0.35275375843048096,
        "7": 0.35036465525627136,
        "8": 0.348845511674881,
        "9": 0.3482182025909424
    },
    "160": {
        "0": 0.35172227025032043,
        "1": 0.3516892194747925,
        "2": 0.35050439834594727,
        "3": 0.35033100843429565,
        "4": 0.34805622696876526,
        "5": 0.3470090925693512,
        "6": 0.34433355927467346,
        "7": 0.34318307042121887,
        "8": 0.3431619107723236,
        "9": 0.34281671047210693
    },
    "176": {
        "0": 0.344558984041214,
        "1": 0.3401140868663788,
        "2": 0.33884188532829285,
        "3": 0.3363550901412964,
        "4": 0.33165109157562256,
        "5": 0.3311622738838196,
        "6": 0.33074644207954407,
        "7": 0.33040785789489746,
        "8": 0.3289203941822052,
        "9": 0.3271743655204773
    },
    "192": {
        "0": 0.34654462337493896,
        "1": 0.34394219517707825,
        "2": 0.3409613072872162,
        "3": 0.33818888664245605,
        "4": 0.3376196324825287,
        "5": 0.33726397156715393,
        "6": 0.33634307980537415,
        "7": 0.335973858833313,
        "8": 0.33384883403778076,
        "9": 0.3329792320728302
    },
    "208": {
        "0": 0.3356882631778717,
        "1": 0.33403104543685913,
        "2": 0.3314531445503235,
        "3": 0.33001255989074707,
        "4": 0.33000648021698,
        "5": 0.3298989534378052,
        "6": 0.32950153946876526,
        "7": 0.3276352286338806,
        "8": 0.3267664313316345,
        "9": 0.3258120119571686
    },
    "224": {
        "0": 0.3330226540565491,
        "1": 0.33255699276924133,
        "2": 0.33191728591918945,
        "3": 0.3316393494606018,
        "4": 0.3313618004322052,
        "5": 0.3291624188423157,
        "6": 0.32829514145851135,
        "7": 0.32799938321113586,
        "8": 0.32459720969200134,
        "9": 0.32398349046707153
    },
    "240": {
        "0": 0.33928540349006653,
        "1": 0.33794134855270386,
        "2": 0.33659881353378296,
        "3": 0.33625268936157227,
        "4": 0.3361387252807617,
        "5": 0.3346523642539978,
        "6": 0.33297139406204224,
        "7": 0.3322269022464752,
        "8": 0.3300483524799347,
        "9": 0.330025851726532
    },
    "256": {
        "0": 0.33642154932022095,
        "1": 0.3347627818584442,
        "2": 0.33397918939590454,
        "3": 0.3321571350097656,
        "4": 0.3310481309890747,
        "5": 0.33038610219955444,
        "6": 0.32962357997894287,
        "7": 0.3220120966434479,
        "8": 0.3155325949192047,
        "9": 0.3154289126396179
    },
    "272": {
        "0": 0.3443640172481537,
        "1": 0.3424253463745117,
        "2": 0.3418414890766144,
        "3": 0.3406810164451599,
        "4": 0.34050193428993225,
        "5": 0.3372098505496979,
        "6": 0.3329468071460724,
        "7": 0.3311126232147217,
        "8": 0.32613638043403625,
        "9": 0.32556670904159546
    },
    "288": {
        "0": 0.33285316824913025,
        "1": 0.3323903977870941,
        "2": 0.33207377791404724,
        "3": 0.33015578985214233,
        "4": 0.32719728350639343,
        "5": 0.32672178745269775,
        "6": 0.3248405456542969,
        "7": 0.32318800687789917,
        "8": 0.32251685857772827,
        "9": 0.31875208020210266
    },
    "304": {
        "0": 0.35695773363113403,
        "1": 0.35687196254730225,
        "2": 0.3558615744113922,
        "3": 0.3522946834564209,
        "4": 0.3506082594394684,
        "5": 0.34703442454338074,
        "6": 0.3430117070674896,
        "7": 0.3427405059337616,
        "8": 0.34236940741539,
        "9": 0.3406257927417755
    },
    "320": {
        "0": 0.3593534827232361,
        "1": 0.35628581047058105,
        "2": 0.3532138466835022,
        "3": 0.35219135880470276,
        "4": 0.3521459996700287,
        "5": 0.35151296854019165,
        "6": 0.3492167294025421,
        "7": 0.34220001101493835,
        "8": 0.34206268191337585,
        "9": 0.34136682748794556
    },
    "336": {
        "0": 0.3871499001979828,
        "1": 0.37822800874710083,
        "2": 0.36870846152305603,
        "3": 0.3614065945148468,
        "4": 0.3608524799346924,
        "5": 0.35835742950439453,
        "6": 0.3582034409046173,
        "7": 0.3570309281349182,
        "8": 0.35694631934165955,
        "9": 0.34808260202407837
    },
    "352": {
        "0": 0.3884512782096863,
        "1": 0.38386502861976624,
        "2": 0.36912205815315247,
        "3": 0.3633609414100647,
        "4": 0.36334118247032166,
        "5": 0.36279571056365967,