{
    "0": {
        "0": 0.37335097789764404,
        "1": 0.3725453317165375,
        "2": 0.3567575216293335,
        "3": 0.3516988754272461,
        "4": 0.35013872385025024,
        "5": 0.34949806332588196,
        "6": 0.34499943256378174,
        "7": 0.3415175974369049,
        "8": 0.34148305654525757,
        "9": 0.34013423323631287
    },
    "16": {
        "0": 0.3697817623615265,
        "1": 0.36905625462532043,
        "2": 0.35368111729621887,
        "3": 0.3485402762889862,
        "4": 0.3474281430244446,
        "5": 0.3467540740966797,
        "6": 0.3408031463623047,
        "7": 0.3388507664203644,
        "8": 0.33839428424835205,
        "9": 0.33778247237205505
    },
    "32": {
        "0": 0.3734002709388733,
        "1": 0.37238335609436035,
        "2": 0.35700541734695435,
        "3": 0.35186970233917236,
        "4": 0.3511628806591034,
        "5": 0.3507542312145233,
        "6": 0.34354835748672485,
        "7": 0.34144315123558044,
        "8": 0.3412672281265259,
        "9": 0.3410114645957947
    },
    "48": {
        "0": 0.37894660234451294,
        "1": 0.3771035373210907,
        "2": 0.36077576875686646,
        "3": 0.35585591197013855,
        "4": 0.35497090220451355,
        "5": 0.35448089241981506,
        "6": 0.3489397168159485,
        "7": 0.3458407521247864,
        "8": 0.344670832157135,
        "9": 0.34387844800949097
    },
    "64": {
        "0": 0.3772001564502716,
        "1": 0.3763633668422699,
        "2": 0.3612799644470215,
        "3": 0.3559308648109436,
        "4": 0.3554697334766388,
        "5": 0.35492268204689026,
        "6": 0.3500111699104309,
        "7": 0.34595584869384766,
        "8": 0.34583547711372375,
        "9": 0.3452758193016052
    },
    "80": {
        "0": 0.38000500202178955,
        "1": 0.37855517864227295,
        "2": 0.3625882565975189,
        "3": 0.35739561915397644,
        "4": 0.35612693428993225,
        "5": 0.35605955123901367,
        "6": 0.3508818447589874,
        "7": 0.34680935740470886,
        "8": 0.34664231538772583,
        "9": 0.3462701439857483
    },
    "96": {
        "0": 0.3801834285259247,
        "1": 0.3777739405632019,
        "2": 0.3617629110813141,
        "3": 0.3569374978542328,
        "4": 0.3568536639213562,
        "5": 0.35608047246932983,
        "6": 0.3477235734462738,
        "7": 0.34665417671203613,
        "8": 0.3461708426475525,
        "9": 0.3458161950111389
    },
    "112": {
        "0": 0.38179078698158264,
        "1": 0.3800196945667267,
        "2": 0.3639017939567566,
        "3": 0.35874345898628235,
        "4": 0.35823768377304077,
        "5": 0.3573409914970398,
        "6": 0.3504720628261566,
        "7": 0.34852540493011475,
        "8": 0.3474891185760498,
        "9": 0.34708166122436523
    },
    "128": {
        "0": 0.38206928968429565,
        "1": 0.38129180669784546,
        "2": 0.3656241297721863,
        "3": 0.3601442873477936,
        "4": 0.3592638373374939,
        "5": 0.3590629994869232,
        "6": 0.3523539900779724,
        "7": 0.3493768870830536,
        "8": 0.34920212626457214,
        "9": 0.3490726053714752
    },
    "144": {
        "0": 0.3812742829322815,
        "1": 0.3801850974559784,
        "2": 0.36492764949798584,
        "3": 0.35947275161743164,
        "4": 0.35838067531585693,
        "5": 0.35832273960113525,
        "6": 0.35254546999931335,
        "7": 0.3492943346500397,
        "8": 0.3488602638244629,
        "9": 0.34876692295074463
    },
    "160": {
        "0": 0.383718341588974,
        "1": 0.3822000026702881,
        "2": 0.3656134307384491,
        "3": 0.3606005907058716,
        "4": 0.36032307147979736,
        "5": 0.36013901233673096,
        "6": 0.35394877195358276,
        "7": 0.3515807092189789,
        "8": 0.3510403037071228,
        "9": 0.3509830832481384
    },
    "176": {
        "0": 0.38486093282699585,
        "1": 0.38422146439552307,
        "2": 0.3692079782485962,
        "3": 0.364083856344223,
        "4": 0.3640316426753998,
        "5": 0.3632926940917969,
        "6": 0.3569948375225067,
        "7": 0.3550548553466797,
        "8": 0.3549620807170868,
        "9": 0.35402366518974304
    },
    "192": {
        "0": 0.38769200444221497,
        "1": 0.3855547308921814,
        "2": 0.369219034910202,
        "3": 0.36423370242118835,
        "4": 0.3640851676464081,
        "5": 0.3638308346271515,
        "6": 0.3563188314437866,
        "7": 0.35496118664741516,
        "8": 0.353901207447052,
        "9": 0.35289281606674194
    },
    "208": {
        "0": 0.38757753372192383,
        "1": 0.3857707679271698,
        "2": 0.36913901567459106,
        "3": 0.3652113378047943,
        "4": 0.3646559417247772,
        "5": 0.36431851983070374,
        "6": 0.35641568899154663,
        "7": 0.355760395526886,
        "8": 0.3547593057155609,
        "9": 0.35369569063186646
    },
    "224": {
        "0": 0.38792791962623596,
        "1": 0.3850497603416443,
        "2": 0.3685784339904785,
        "3": 0.365618497133255,
        "4": 0.3639398217201233,
        "5": 0.363687664270401,
        "6": 0.3561766743659973,
        "7": 0.3553576171398163,
        "8": 0.35403165221214294,
        "9": 0.3527742326259613
    },
    "240": {
        "0": 0.39705944061279297,
        "1": 0.39049017429351807,
        "2": 0.3722800612449646,
        "3": 0.3712218105792999,
        "4": 0.3681774139404297,
        "5": 0.36646825075149536,
        "6": 0.3613205552101135,
        "7": 0.36077702045440674,
        "8": 0.35737234354019165,
        "9": 0.3562089204788208
    },
    "256": {
        "0": 0.39724868535995483,
        "1": 0.3907723128795624,
        "2": 0.3749367892742157,
        "3": 0.3747316896915436,
        "4": 0.37108007073402405,
        "5": 0.37054914236068726,
        "6": 0.36469021439552307,
        "7": 0.3621227741241455,
        "8": 0.3597552478313446,
        "9": 0.3577952980995178
    },
    "272": {
        "0": 0.3971489667892456,
        "1": 0.39383769035339355,
        "2": 0.3794120252132416,
        "3": 0.37721529603004456,
        "4": 0.3751435875892639,
        "5": 0.3734684884548187,
        "6": 0.37191900610923767,
        "7": 0.36584407091140747,
        "8": 0.3645813465118408,
        "9": 0.3625890612602234
    },
    "288": {
        "0": 0.3924652934074402,
        "1": 0.38728052377700806,
        "2": 0.3849436044692993,
        "3": 0.3752439618110657,
        "4": 0.37391090393066406,
        "5": 0.3709253668785095,
        "6": 0.37039893865585327,
        "7": 0.3647219240665436,
        "8": 0.36090272665023804,
        "9": 0.36063334345817566
    },
    "304": {
        "0": 0.3892756700515747,
        "1": 0.3807256817817688,
        "2": 0.38008901476860046,
        "3": 0.36841121315956116,
        "4": 0.36577871441841125,
        "5": 0.36332938075065613,
        "6": 0.36308950185775757,
        "7": 0.35838308930397034,
        "8": 0.3560451865196228,
        "9": 0.3528589904308319
    },
    "320": {
        "0": 0.3883647620677948,
        "1": 0.380369633436203,
        "2": 0.3671794831752777,
        "3": 0.36552906036376953,
        "4": 0.36362215876579285,
        "5": 0.3620751202106476,
        "6": 0.36061593890190125,
        "7": 0.3556651175022125,
        "8": 0.3550441861152649,
        "9": 0.3523285984992981
    },
    "336": {
        "0": 0.38679057359695435,
        "1": 0.38432469964027405,
        "2": 0.37062859535217285,
        "3": 0.36857858300209045,
        "4": 0.36794382333755493,
        "5": 0.3664512038230896,
        "6": 0.3591485917568207,
        "7": 0.35893192887306213,
        "8": 0.3589169383049011,
        "9": 0.3550105392932892
    },
    "352": {
        "0": 0.3835521936416626,
        "1": 0.3814627230167389,
        "2": 0.3691018521785736,
        "3": 0.36761903762817383,
        "4": 0.366021066904068,
        "5": 0.3645959496498108,