{
    "0": {
        "0": 0.35307008028030396,
        "1": 0.3508744239807129,
        "2": 0.3476402163505554,
        "3": 0.3451308012008667,
        "4": 0.3420334756374359,
        "5": 0.33509472012519836,
        "6": 0.3344144821166992,
        "7": 0.33334845304489136,
        "8": 0.3323822617530823,
        "9": 0.3322240114212036
    },
    "16": {
        "0": 0.34856510162353516,
        "1": 0.3482677936553955,
        "2": 0.34795787930488586,
        "3": 0.3460942506790161,
        "4": 0.34527984261512756,
        "5": 0.33290597796440125,
        "6": 0.3317950665950775,
        "7": 0.32906293869018555,
        "8": 0.32813525199890137,
        "9": 0.3269789516925812
    },
    "32": {
        "0": 0.36317551136016846,
        "1": 0.35981157422065735,
        "2": 0.357754111289978,
        "3": 0.3532527983188629,
        "4": 0.35178041458129883,
        "5": 0.3466334939002991,
        "6": 0.3454197645187378,
        "7": 0.34399211406707764,
        "8": 0.34371891617774963,
        "9": 0.342096209526062
    },
    "48": {
        "0": 0.3529914617538452,
        "1": 0.3488977253437042,
        "2": 0.3466108441352844,
        "3": 0.3455706238746643,
        "4": 0.343878835439682,
        "5": 0.33348482847213745,
        "6": 0.3331108093261719,
        "7": 0.3328773081302643,
        "8": 0.3327558636665344,
        "9": 0.3320178985595703
    },
    "64": {
        "0": 0.3539665639400482,
        "1": 0.3536290228366852,
        "2": 0.35313698649406433,
        "3": 0.3503855764865875,
        "4": 0.35000038146972656,
        "5": 0.3392753601074219,
        "6": 0.33800381422042847,
        "7": 0.3359568417072296,
        "8": 0.3341710567474365,
        "9": 0.3340456783771515
    },
    "80": {
        "0": 0.3635717034339905,
        "1": 0.3605051636695862,
        "2": 0.3596160411834717,
        "3": 0.35618332028388977,
        "4": 0.35464584827423096,
        "5": 0.3464514911174774,
        "6": 0.3461052477359772,
        "7": 0.3440139889717102,
        "8": 0.34350913763046265,
        "9": 0.3426947593688965
    },
    "96": {
        "0": 0.3655431866645813,
        "1": 0.3639702796936035,
        "2": 0.3631744086742401,
        "3": 0.35894620418548584,
        "4": 0.3581659495830536,
        "5": 0.3500615954399109,
        "6": 0.3468948304653168,
        "7": 0.34582871198654175,
        "8": 0.34541481733322144,
        "9": 0.34492969512939453
    },
    "112": {
        "0": 0.356740802526474,
        "1": 0.3559965193271637,
        "2": 0.3540743589401245,
        "3": 0.35344019532203674,
        "4": 0.3512077033519745,
        "5": 0.33930540084838867,
        "6": 0.33844566345214844,
        "7": 0.33795395493507385,
        "8": 0.33522769808769226,
        "9": 0.3349466919898987
    },
    "128": {
        "0": 0.35263052582740784,
        "1": 0.35066288709640503,
        "2": 0.3502444624900818,
        "3": 0.34879183769226074,
        "4": 0.3459092378616333,
        "5": 0.33698564767837524,
        "6": 0.33603036403656006,
        "7": 0.33298271894454956,
        "8": 0.33296433091163635,
        "9": 0.32795241475105286
    },
    "144": {
        "0": 0.35552674531936646,
        "1": 0.35215768218040466,
        "2": 0.35210201144218445,
        "3": 0.35035765171051025,
        "4": 0.35006552934646606,
        "5": 0.3384745121002197,
        "6": 0.3376099169254303,
        "7": 0.33706170320510864,
        "8": 0.3355385363101959,
        "9": 0.33115822076797485
    },
    "160": {
        "0": 0.3718390166759491,
        "1": 0.37084636092185974,
        "2": 0.36602160334587097,
        "3": 0.36273694038391113,
        "4": 0.3584718704223633,
        "5": 0.35789909958839417,
        "6": 0.3529030382633209,
        "7": 0.3481496274471283,
        "8": 0.34595829248428345,
        "9": 0.3446155786514282
    },
    "176": {
        "0": 0.3551633954048157,
        "1": 0.35175982117652893,
        "2": 0.3502243161201477,
        "3": 0.34783557057380676,
        "4": 0.34325656294822693,
        "5": 0.33403313159942627,
        "6": 0.3329789638519287,
        "7": 0.3322972357273102,
        "8": 0.33137354254722595,
        "9": 0.33108943700790405
    },
    "192": {
        "0": 0.3515205979347229,
        "1": 0.35110658407211304,
        "2": 0.3475099802017212,
        "3": 0.3460390269756317,
        "4": 0.34473201632499695,
        "5": 0.3350851833820343,
        "6": 0.3340442478656769,
        "7": 0.33096620440483093,
        "8": 0.32815223932266235,
        "9": 0.32634276151657104
    },
    "208": {
        "0": 0.34470871090888977,
        "1": 0.3433762490749359,
        "2": 0.34052711725234985,
        "3": 0.33710992336273193,
        "4": 0.3363230228424072,
        "5": 0.3281227648258209,
        "6": 0.3259594738483429,
        "7": 0.3249473571777344,
        "8": 0.32441532611846924,
        "9": 0.3236832618713379
    },
    "224": {
        "0": 0.370332270860672,
        "1": 0.3598404824733734,
        "2": 0.355502724647522,
        "3": 0.35098132491111755,
        "4": 0.34876421093940735,
        "5": 0.3465791642665863,
        "6": 0.34213024377822876,
        "7": 0.34169259667396545,
        "8": 0.3414030969142914,
        "9": 0.34106671810150146
    },
    "240": {
        "0": 0.38710474967956543,
        "1": 0.3702690899372101,
        "2": 0.3662901222705841,
        "3": 0.36216971278190613,
        "4": 0.36169785261154175,
        "5": 0.36037373542785645,
        "6": 0.3526170551776886,
        "7": 0.35226964950561523,
        "8": 0.3522082269191742,
        "9": 0.35084396600723267
    },
    "256": {
        "0": 0.3613964319229126,
        "1": 0.359552264213562,
        "2": 0.3547790050506592,
        "3": 0.3540397882461548,
        "4": 0.34523722529411316,
        "5": 0.34507498145103455,
        "6": 0.3441047668457031,
        "7": 0.3413989543914795,
        "8": 0.34129324555397034,
        "9": 0.3373633921146393
    },
    "272": {
        "0": 0.3664820194244385,
        "1": 0.36550572514533997,
        "2": 0.3613908588886261,
        "3": 0.35677504539489746,
        "4": 0.35213953256607056,
        "5": 0.35129499435424805,
        "6": 0.34474021196365356,
        "7": 0.3428630530834198,
        "8": 0.3406035304069519,
        "9": 0.33950376510620117
    },
    "288": {
        "0": 0.36671969294548035,
        "1": 0.36580583453178406,
        "2": 0.3657122552394867,
        "3": 0.35684242844581604,
        "4": 0.35636037588119507,
        "5": 0.3499756455421448,
        "6": 0.3478553295135498,
        "7": 0.3455972969532013,
        "8": 0.34514033794403076,
        "9": 0.34456324577331543
    },
    "304": {
        "0": 0.35729169845581055,
        "1": 0.35712626576423645,
        "2": 0.3538207709789276,
        "3": 0.35124605894088745,
        "4": 0.3492448329925537,
        "5": 0.33865511417388916,
        "6": 0.33804699778556824,
        "7": 0.3370766043663025,
        "8": 0.3350253105163574,
        "9": 0.33495983481407166
    },
    "320": {
        "0": 0.36341211199760437,
        "1": 0.3545316159725189,
        "2": 0.35410723090171814,
        "3": 0.35364872217178345,
        "4": 0.3458584249019623,
        "5": 0.34531036019325256,
        "6": 0.3414904475212097,
        "7": 0.3411392271518707,
        "8": 0.33542802929878235,
        "9": 0.33488714694976807
    },
    "336": {
        "0": 0.3566392660140991,
        "1": 0.3559666574001312,
        "2": 0.3509957492351532,
        "3": 0.35069960355758667,
        "4": 0.3499598205089569,
        "5": 0.3361228108406067,
        "6": 0.3351074457168579,
        "7": 0.33312225341796875,
        "8": 0.33232009410858154,
        "9": 0.3321143686771393
    },
    "352": {
        "0": 0.35380199551582336,
        "1": 0.3516341745853424,
        "2": 0.35047420859336853,
        "3": 0.3430916368961334,
        "4": 0.34246399998664856,
        "5": 0.338424414396286,