{
    "0": {
        "0": 0.35137423872947693,
        "1": 0.3482362926006317,
        "2": 0.34032922983169556,
        "3": 0.3400421142578125,
        "4": 0.34003499150276184,
        "5": 0.3396470546722412,
        "6": 0.3362082839012146,
        "7": 0.3354983925819397,
        "8": 0.3335210978984833,
        "9": 0.3312588632106781
    },
    "16": {
        "0": 0.35075801610946655,
        "1": 0.347995787858963,
        "2": 0.3413592576980591,
        "3": 0.34091871976852417,
        "4": 0.3404908776283264,
        "5": 0.34003597497940063,
        "6": 0.33866000175476074,
        "7": 0.33563634753227234,
        "8": 0.33533236384391785,
        "9": 0.33238130807876587
    },
    "32": {
        "0": 0.3559988737106323,
        "1": 0.35047152638435364,
        "2": 0.3457978069782257,
        "3": 0.34543266892433167,
        "4": 0.34316056966781616,
        "5": 0.34267815947532654,
        "6": 0.34101560711860657,
        "7": 0.33901047706604004,
        "8": 0.3342519700527191,
        "9": 0.333823025226593
    },
    "48": {
        "0": 0.3598553240299225,
        "1": 0.35130035877227783,
        "2": 0.3501662313938141,
        "3": 0.3499526083469391,
        "4": 0.34614959359169006,
        "5": 0.34595030546188354,
        "6": 0.34580785036087036,
        "7": 0.33816277980804443,
        "8": 0.33480969071388245,
        "9": 0.3336743414402008
    },
    "64": {
        "0": 0.35864582657814026,
        "1": 0.35189706087112427,
        "2": 0.3504842221736908,
        "3": 0.350454717874527,
        "4": 0.34614846110343933,
        "5": 0.34446656703948975,
        "6": 0.3444208800792694,
        "7": 0.3386560082435608,
        "8": 0.3340843915939331,
        "9": 0.33342644572257996
    },
    "80": {
        "0": 0.3626386523246765,
        "1": 0.3541412353515625,
        "2": 0.35389572381973267,
        "3": 0.3537227213382721,
        "4": 0.3498390316963196,
        "5": 0.34950780868530273,
        "6": 0.3488607704639435,
        "7": 0.34216806292533875,
        "8": 0.33741337060928345,
        "9": 0.3373541235923767
    },
    "96": {
        "0": 0.35829031467437744,
        "1": 0.3523063361644745,
        "2": 0.3486759662628174,
        "3": 0.34830042719841003,
        "4": 0.34606409072875977,
        "5": 0.34558647871017456,
        "6": 0.3440733551979065,
        "7": 0.34043481945991516,
        "8": 0.33623355627059937,
        "9": 0.33297479152679443
    },
    "112": {
        "0": 0.3565543293952942,
        "1": 0.349263459444046,
        "2": 0.34753522276878357,
        "3": 0.34749898314476013,
        "4": 0.34526681900024414,
        "5": 0.34450775384902954,
        "6": 0.3434809446334839,
        "7": 0.33764761686325073,
        "8": 0.3354422450065613,
        "9": 0.33527040481567383
    },
    "128": {
        "0": 0.35402554273605347,
        "1": 0.35248619318008423,
        "2": 0.34547823667526245,
        "3": 0.3453514873981476,
        "4": 0.3445107340812683,
        "5": 0.342291921377182,
        "6": 0.34095636010169983,
        "7": 0.3395518958568573,
        "8": 0.3387974798679352,
        "9": 0.33300963044166565
    },
    "144": {
        "0": 0.3598196804523468,
        "1": 0.35208380222320557,
        "2": 0.3520500361919403,
        "3": 0.35088664293289185,
        "4": 0.3480731248855591,
        "5": 0.34623050689697266,
        "6": 0.3446321487426758,
        "7": 0.33895811438560486,
        "8": 0.3364230692386627,
        "9": 0.3359389901161194
    },
    "160": {
        "0": 0.35789066553115845,
        "1": 0.3526574671268463,
        "2": 0.3470790982246399,
        "3": 0.34452226758003235,
        "4": 0.344359427690506,
        "5": 0.34341922402381897,
        "6": 0.34323617815971375,
        "7": 0.3430115580558777,
        "8": 0.34181085228919983,
        "9": 0.3388747572898865
    },
    "176": {
        "0": 0.36081182956695557,
        "1": 0.35411733388900757,
        "2": 0.3494287133216858,
        "3": 0.3487333357334137,
        "4": 0.3472204804420471,
        "5": 0.34590864181518555,
        "6": 0.3457094430923462,
        "7": 0.34545809030532837,
        "8": 0.3420518636703491,
        "9": 0.33988267183303833
    },
    "192": {
        "0": 0.35721319913864136,
        "1": 0.3559607267379761,
        "2": 0.34780314564704895,
        "3": 0.3470490574836731,
        "4": 0.3461574614048004,
        "5": 0.34554192423820496,
        "6": 0.34551042318344116,
        "7": 0.3454056978225708,
        "8": 0.3421821594238281,
        "9": 0.3418540060520172
    },
    "208": {
        "0": 0.35843321681022644,
        "1": 0.356564462184906,
        "2": 0.3491647243499756,
        "3": 0.34772247076034546,
        "4": 0.3464641869068146,
        "5": 0.3441956043243408,
        "6": 0.3441465497016907,
        "7": 0.3433973491191864,
        "8": 0.34224897623062134,
        "9": 0.34154513478279114
    },
    "224": {
        "0": 0.36357054114341736,
        "1": 0.35720592737197876,
        "2": 0.3537166118621826,
        "3": 0.35348108410835266,
        "4": 0.3514113128185272,
        "5": 0.35093724727630615,
        "6": 0.3502010107040405,
        "7": 0.34253472089767456,
        "8": 0.3404977321624756,
        "9": 0.3389661908149719
    },
    "240": {
        "0": 0.36649686098098755,
        "1": 0.3603547215461731,
        "2": 0.35384249687194824,
        "3": 0.35161513090133667,
        "4": 0.35150378942489624,
        "5": 0.3507331311702728,
        "6": 0.3506930470466614,
        "7": 0.3436741232872009,
        "8": 0.3420574367046356,
        "9": 0.3420197069644928
    },
    "256": {
        "0": 0.3602741062641144,
        "1": 0.35829275846481323,
        "2": 0.3501374423503876,
        "3": 0.34874311089515686,
        "4": 0.34866243600845337,
        "5": 0.3484434485435486,
        "6": 0.34564220905303955,
        "7": 0.344815194606781,
        "8": 0.3435973823070526,
        "9": 0.3401154577732086
    },
    "272": {
        "0": 0.3530929982662201,
        "1": 0.3497283458709717,
        "2": 0.3281972408294678,
        "3": 0.32545408606529236,
        "4": 0.3241749405860901,
        "5": 0.3215523660182953,
        "6": 0.3177359104156494,
        "7": 0.3162662088871002,
        "8": 0.31581777334213257,
        "9": 0.3129420280456543
    },
    "288": {
        "0": 0.3290978968143463,
        "1": 0.3244887590408325,
        "2": 0.31367841362953186,
        "3": 0.3124903738498688,
        "4": 0.29594990611076355,
        "5": 0.295124351978302,
        "6": 0.29044967889785767,
        "7": 0.28778037428855896,
        "8": 0.2877192497253418,
        "9": 0.2857406437397003
    },
    "304": {
        "0": 0.3378981053829193,
        "1": 0.3331996202468872,
        "2": 0.32783377170562744,
        "3": 0.32085761427879333,
        "4": 0.3169695734977722,
        "5": 0.316509485244751,
        "6": 0.3121802508831024,
        "7": 0.311903715133667,
        "8": 0.3095117509365082,
        "9": 0.30867207050323486
    },
    "320": {
        "0": 0.3449591398239136,
        "1": 0.33821380138397217,
        "2": 0.33481624722480774,
        "3": 0.32690322399139404,
        "4": 0.32350441813468933,
        "5": 0.32136204838752747,
        "6": 0.3165254592895508,
        "7": 0.3164657950401306,
        "8": 0.3140273690223694,
        "9": 0.31225988268852234
    },
    "336": {
        "0": 0.3314420282840729,
        "1": 0.3276675045490265,
        "2": 0.32070985436439514,
        "3": 0.3105759620666504,
        "4": 0.31003114581108093,
        "5": 0.3089848458766937,
        "6": 0.3029142916202545,
        "7": 0.30012795329093933,
        "8": 0.29938414692878723,
        "9": 0.29880425333976746
    },
    "352": {
        "0": 0.3216719925403595,
        "1": 0.31981050968170166,
        "2": 0.3176497519016266,
        "3": 0.3098052442073822,
        "4": 0.3054893910884857,
        "5": 0.30263009667396545,