{
    "0": {
        "0": 0.33719563484191895,
        "1": 0.32743245363235474,
        "2": 0.3264996409416199,
        "3": 0.32552337646484375,
        "4": 0.32520627975463867,
        "5": 0.3236904740333557,
        "6": 0.32052043080329895,
        "7": 0.32033470273017883,
        "8": 0.32009825110435486,
        "9": 0.31606540083885193
    },
    "16": {
        "0": 0.33637070655822754,
        "1": 0.32653993368148804,
        "2": 0.32410985231399536,
        "3": 0.32397231459617615,
        "4": 0.3226471543312073,
        "5": 0.3213203549385071,
        "6": 0.3198206424713135,
        "7": 0.31958091259002686,
        "8": 0.317236065864563,
        "9": 0.3161233961582184
    },
    "32": {
        "0": 0.34007543325424194,
        "1": 0.33023717999458313,
        "2": 0.32862383127212524,
        "3": 0.3275998830795288,
        "4": 0.32697391510009766,
        "5": 0.3258715569972992,
        "6": 0.32434073090553284,
        "7": 0.3226078748703003,
        "8": 0.3199264109134674,
        "9": 0.3194970190525055
    },
    "48": {
        "0": 0.3427621126174927,
        "1": 0.33395618200302124,
        "2": 0.33138638734817505,
        "3": 0.3313128352165222,
        "4": 0.32981163263320923,
        "5": 0.32973507046699524,
        "6": 0.32661762833595276,
        "7": 0.3258756399154663,
        "8": 0.3223700523376465,
        "9": 0.3221524953842163
    },
    "64": {
        "0": 0.343423992395401,
        "1": 0.3343193829059601,
        "2": 0.33328020572662354,
        "3": 0.3328222930431366,
        "4": 0.3326992690563202,
        "5": 0.3319804072380066,
        "6": 0.32637447118759155,
        "7": 0.3261485695838928,
        "8": 0.3260672688484192,
        "9": 0.3231317698955536
    },
    "80": {
        "0": 0.3468557298183441,
        "1": 0.33607155084609985,
        "2": 0.3359849750995636,
        "3": 0.33549603819847107,
        "4": 0.33498334884643555,
        "5": 0.3348226845264435,
        "6": 0.3284827470779419,
        "7": 0.3276230990886688,
        "8": 0.3274219036102295,
        "9": 0.3244740962982178
    },
    "96": {
        "0": 0.3469208776950836,
        "1": 0.33507609367370605,
        "2": 0.3350019156932831,
        "3": 0.3349914252758026,
        "4": 0.33493155241012573,
        "5": 0.33419355750083923,
        "6": 0.3272891938686371,
        "7": 0.32682567834854126,
        "8": 0.3266853392124176,
        "9": 0.32338547706604004
    },
    "112": {
        "0": 0.3473871648311615,
        "1": 0.3372941315174103,
        "2": 0.3372846841812134,
        "3": 0.33719855546951294,
        "4": 0.3370548188686371,
        "5": 0.33604273200035095,
        "6": 0.3302837014198303,
        "7": 0.3298025131225586,
        "8": 0.32842978835105896,
        "9": 0.3264576494693756
    },
    "128": {
        "0": 0.3471897542476654,
        "1": 0.3374568223953247,
        "2": 0.33728814125061035,
        "3": 0.3369055390357971,
        "4": 0.33607447147369385,
        "5": 0.3351462185382843,
        "6": 0.32958170771598816,
        "7": 0.32906675338745117,
        "8": 0.3280101716518402,
        "9": 0.3253268897533417
    },
    "144": {
        "0": 0.34565410017967224,
        "1": 0.33740293979644775,
        "2": 0.334881067276001,
        "3": 0.3341693878173828,
        "4": 0.33401525020599365,
        "5": 0.33393457531929016,
        "6": 0.32767021656036377,
        "7": 0.32641908526420593,
        "8": 0.32595813274383545,
        "9": 0.3233247995376587
    },
    "160": {
        "0": 0.3437766432762146,
        "1": 0.33593305945396423,
        "2": 0.3344208598136902,
        "3": 0.3338700234889984,
        "4": 0.333177775144577,
        "5": 0.33285391330718994,
        "6": 0.32812416553497314,
        "7": 0.32526013255119324,
        "8": 0.324153870344162,
        "9": 0.3213534355163574
    },
    "176": {
        "0": 0.34487831592559814,
        "1": 0.33635666966438293,
        "2": 0.3361842632293701,
        "3": 0.33600568771362305,
        "4": 0.3339701294898987,
        "5": 0.3336148262023926,
        "6": 0.3301158845424652,
        "7": 0.3258822560310364,
        "8": 0.3258304297924042,
        "9": 0.3229895234107971
    },
    "192": {
        "0": 0.3459996283054352,
        "1": 0.33719250559806824,
        "2": 0.33708006143569946,
        "3": 0.3369542956352234,
        "4": 0.33557745814323425,
        "5": 0.33522555232048035,
        "6": 0.33093875646591187,
        "7": 0.32984840869903564,
        "8": 0.3286176025867462,
        "9": 0.326479434967041
    },
    "208": {
        "0": 0.34767863154411316,
        "1": 0.33839577436447144,
        "2": 0.3377907872200012,
        "3": 0.33740323781967163,
        "4": 0.33714425563812256,
        "5": 0.33699026703834534,
        "6": 0.33177852630615234,
        "7": 0.3308666944503784,
        "8": 0.3305150866508484,
        "9": 0.3280264735221863
    },
    "224": {
        "0": 0.3492870032787323,
        "1": 0.33892661333084106,
        "2": 0.3386038839817047,
        "3": 0.3384970426559448,
        "4": 0.33773666620254517,
        "5": 0.33745378255844116,
        "6": 0.33196818828582764,
        "7": 0.33146485686302185,
        "8": 0.33124274015426636,
        "9": 0.32808807492256165
    },
    "240": {
        "0": 0.3476214110851288,
        "1": 0.3402370810508728,
        "2": 0.33912622928619385,
        "3": 0.33737868070602417,
        "4": 0.33656132221221924,
        "5": 0.33619895577430725,
        "6": 0.33373427391052246,
        "7": 0.3322984278202057,
        "8": 0.33105170726776123,
        "9": 0.328460156917572
    },
    "256": {
        "0": 0.34060829877853394,
        "1": 0.33247140049934387,
        "2": 0.3318759799003601,
        "3": 0.3314445912837982,
        "4": 0.3307345509529114,
        "5": 0.3295257091522217,
        "6": 0.32571300864219666,
        "7": 0.32461029291152954,
        "8": 0.323886513710022,
        "9": 0.3209628760814667
    },
    "272": {
        "0": 0.34075260162353516,
        "1": 0.3348027765750885,
        "2": 0.3344568610191345,
        "3": 0.3323650658130646,
        "4": 0.3310340642929077,
        "5": 0.3305838108062744,
        "6": 0.32942238450050354,
        "7": 0.3242407739162445,
        "8": 0.3231286406517029,
        "9": 0.31966203451156616
    },
    "288": {
        "0": 0.3455725610256195,
        "1": 0.3370628356933594,
        "2": 0.3362302780151367,
        "3": 0.3361237049102783,
        "4": 0.3359697461128235,
        "5": 0.33512574434280396,
        "6": 0.33049580454826355,
        "7": 0.33002936840057373,
        "8": 0.32990747690200806,
        "9": 0.3261394202709198
    },
    "304": {
        "0": 0.34322217106819153,
        "1": 0.33700504899024963,
        "2": 0.33610299229621887,
        "3": 0.3335329294204712,
        "4": 0.33143502473831177,
        "5": 0.33118516206741333,
        "6": 0.3295608162879944,
        "7": 0.3259146809577942,
        "8": 0.32414892315864563,
        "9": 0.32249218225479126
    }
}