{
    "0": {
        "0": 0.3483120799064636,
        "1": 0.34177523851394653,
        "2": 0.33818280696868896,
        "3": 0.3365699350833893,
        "4": 0.31448566913604736,
        "5": 0.29735395312309265,
        "6": 0.295531302690506,
        "7": 0.2923043668270111,
        "8": 0.284972220659256,
        "9": 0.2835991382598877
    },
    "16": {
        "0": 0.34232354164123535,
        "1": 0.3324429988861084,
        "2": 0.3284112215042114,
        "3": 0.32607507705688477,
        "4": 0.3114825189113617,
        "5": 0.2928270697593689,
        "6": 0.29126787185668945,
        "7": 0.288974791765213,
        "8": 0.2810730040073395,
        "9": 0.27913349866867065
    },
    "32": {
        "0": 0.3437323272228241,
        "1": 0.33570635318756104,
        "2": 0.33222922682762146,
        "3": 0.32964184880256653,
        "4": 0.3113263249397278,
        "5": 0.2925214171409607,
        "6": 0.29246705770492554,
        "7": 0.2900884747505188,
        "8": 0.2819485068321228,
        "9": 0.2810620069503784
    },
    "48": {
        "0": 0.34690767526626587,
        "1": 0.3376426696777344,
        "2": 0.3330947458744049,
        "3": 0.33044368028640747,
        "4": 0.31691819429397583,
        "5": 0.29706984758377075,
        "6": 0.29571524262428284,
        "7": 0.2929428815841675,
        "8": 0.2858079671859741,
        "9": 0.283023476600647
    },
    "64": {
        "0": 0.34377574920654297,
        "1": 0.3335617780685425,
        "2": 0.32955700159072876,
        "3": 0.3276831805706024,
        "4": 0.31304606795310974,
        "5": 0.2971991300582886,
        "6": 0.2966044843196869,
        "7": 0.2935097813606262,
        "8": 0.28373071551322937,
        "9": 0.2812840938568115
    },
    "80": {
        "0": 0.3439013659954071,
        "1": 0.3346811532974243,
        "2": 0.32916000485420227,
        "3": 0.32707080245018005,
        "4": 0.3138667047023773,
        "5": 0.29504936933517456,
        "6": 0.29500067234039307,
        "7": 0.29255861043930054,
        "8": 0.2840791940689087,
        "9": 0.2808295786380768
    },
    "96": {
        "0": 0.3468480706214905,
        "1": 0.33916395902633667,
        "2": 0.33379101753234863,
        "3": 0.3317820429801941,
        "4": 0.3168374300003052,
        "5": 0.29995784163475037,
        "6": 0.2991858422756195,
        "7": 0.29606640338897705,
        "8": 0.2876126170158386,
        "9": 0.28556495904922485
    },
    "112": {
        "0": 0.3425842523574829,
        "1": 0.33405259251594543,
        "2": 0.32648104429244995,
        "3": 0.32433846592903137,
        "4": 0.3126499652862549,
        "5": 0.29706883430480957,
        "6": 0.29382163286209106,
        "7": 0.2913571894168854,
        "8": 0.2826675772666931,
        "9": 0.2805520296096802
    },
    "128": {
        "0": 0.3422529697418213,
        "1": 0.33370980620384216,
        "2": 0.3254544138908386,
        "3": 0.3236861228942871,
        "4": 0.31145739555358887,
        "5": 0.2924734354019165,
        "6": 0.29006654024124146,
        "7": 0.28751102089881897,
        "8": 0.27954453229904175,
        "9": 0.27683112025260925
    },
    "144": {
        "0": 0.3422529697418213,
        "1": 0.33370980620384216,
        "2": 0.3254544138908386,
        "3": 0.3236861228942871,
        "4": 0.31145739555358887,
        "5": 0.2924734354019165,
        "6": 0.29006654024124146,
        "7": 0.28751102089881897,
        "8": 0.27954453229904175,
        "9": 0.27683112025260925
    },
    "160": {
        "0": 0.3426883816719055,
        "1": 0.33324605226516724,
        "2": 0.32288235425949097,
        "3": 0.32118964195251465,
        "4": 0.3115447163581848,
        "5": 0.29324835538864136,
        "6": 0.2885759174823761,
        "7": 0.2863684892654419,
        "8": 0.27925947308540344,
        "9": 0.2774743139743805
    },
    "176": {
        "0": 0.34263330698013306,
        "1": 0.33241966366767883,
        "2": 0.32179924845695496,
        "3": 0.3209766447544098,
        "4": 0.3115939497947693,
        "5": 0.2931751012802124,
        "6": 0.289290189743042,
        "7": 0.28624579310417175,
        "8": 0.2802956700325012,
        "9": 0.2761392891407013
    },
    "192": {
        "0": 0.34446895122528076,
        "1": 0.3334585428237915,
        "2": 0.3255859911441803,
        "3": 0.3242550492286682,
        "4": 0.31165066361427307,
        "5": 0.29043906927108765,
        "6": 0.28777116537094116,
        "7": 0.2847009301185608,
        "8": 0.2789342701435089,
        "9": 0.2725282609462738
    },
    "208": {
        "0": 0.3478119671344757,
        "1": 0.336867094039917,
        "2": 0.3252394199371338,
        "3": 0.32492876052856445,
        "4": 0.3148278594017029,
        "5": 0.29287412762641907,
        "6": 0.2888302206993103,
        "7": 0.2857225835323334,
        "8": 0.28206753730773926,
        "9": 0.2762982249259949
    },
    "224": {
        "0": 0.350003719329834,
        "1": 0.3343476355075836,
        "2": 0.3224623203277588,
        "3": 0.32192981243133545,
        "4": 0.3194211721420288,
        "5": 0.30009907484054565,
        "6": 0.2960936427116394,
        "7": 0.29381248354911804,
        "8": 0.2879825234413147,
        "9": 0.2878745496273041
    },
    "240": {
        "0": 0.3447105884552002,
        "1": 0.3356249928474426,
        "2": 0.32273900508880615,
        "3": 0.32199153304100037,
        "4": 0.3145664930343628,
        "5": 0.2968611419200897,
        "6": 0.2915356755256653,
        "7": 0.28876376152038574,
        "8": 0.28415900468826294,
        "9": 0.28180819749832153
    },
    "256": {
        "0": 0.3468596339225769,
        "1": 0.3313576877117157,
        "2": 0.3160873353481293,
        "3": 0.31571629643440247,
        "4": 0.31424105167388916,
        "5": 0.2965839207172394,
        "6": 0.28996992111206055,
        "7": 0.28805291652679443,
        "8": 0.2818244695663452,
        "9": 0.2816839814186096
    }
}