{
    "0": {
        "0": 0.35985562205314636,
        "1": 0.35854572057724,
        "2": 0.3583904206752777,
        "3": 0.3571057617664337,
        "4": 0.35697466135025024,
        "5": 0.3567555546760559,
        "6": 0.35508885979652405,
        "7": 0.35481172800064087,
        "8": 0.3545682728290558,
        "9": 0.3472205698490143
    },
    "16": {
        "0": 0.36498600244522095,
        "1": 0.3649689853191376,
        "2": 0.36259639263153076,
        "3": 0.3610541820526123,
        "4": 0.35949474573135376,
        "5": 0.3593203127384186,
        "6": 0.3590586483478546,
        "7": 0.3584944009780884,
        "8": 0.3578568696975708,
        "9": 0.35114586353302
    },
    "32": {
        "0": 0.36686596274375916,
        "1": 0.36603909730911255,
        "2": 0.3658480942249298,
        "3": 0.3652392327785492,
        "4": 0.36506712436676025,
        "5": 0.36437925696372986,
        "6": 0.3642106056213379,
        "7": 0.3607851564884186,
        "8": 0.3591949939727783,
        "9": 0.3513154685497284
    },
    "48": {
        "0": 0.36675816774368286,
        "1": 0.3646593391895294,
        "2": 0.36413368582725525,
        "3": 0.3638066351413727,
        "4": 0.3632422089576721,
        "5": 0.36291879415512085,
        "6": 0.3620838522911072,
        "7": 0.3599817156791687,
        "8": 0.357562392950058,
        "9": 0.34968745708465576
    },
    "64": {
        "0": 0.36238959431648254,
        "1": 0.3618113696575165,
        "2": 0.3613557815551758,
        "3": 0.3612024486064911,
        "4": 0.359247088432312,
        "5": 0.358903169631958,
        "6": 0.3579084873199463,
        "7": 0.35650405287742615,
        "8": 0.35359275341033936,
        "9": 0.3477840721607208
    },
    "80": {
        "0": 0.3602752685546875,
        "1": 0.360167920589447,
        "2": 0.35919156670570374,
        "3": 0.3571931719779968,
        "4": 0.356135755777359,
        "5": 0.3556359112262726,
        "6": 0.35329848527908325,
        "7": 0.35160213708877563,
        "8": 0.35052162408828735,
        "9": 0.3440464437007904
    },
    "96": {
        "0": 0.3493829369544983,
        "1": 0.3488645851612091,
        "2": 0.3481597900390625,
        "3": 0.34793269634246826,
        "4": 0.34781473875045776,
        "5": 0.3440230190753937,
        "6": 0.3438262939453125,
        "7": 0.34222739934921265,
        "8": 0.3401757776737213,
        "9": 0.3386786878108978
    },
    "112": {
        "0": 0.3621833324432373,
        "1": 0.36152777075767517,
        "2": 0.3614943027496338,
        "3": 0.3614203631877899,
        "4": 0.3612612187862396,
        "5": 0.360049843788147,
        "6": 0.3577102720737457,
        "7": 0.35736507177352905,
        "8": 0.3566451966762543,
        "9": 0.3487430810928345
    },
    "128": {
        "0": 0.35913681983947754,
        "1": 0.3591054379940033,
        "2": 0.3590470552444458,
        "3": 0.3584895431995392,
        "4": 0.3583655059337616,
        "5": 0.358126163482666,
        "6": 0.35510390996932983,
        "7": 0.35366934537887573,
        "8": 0.352176308631897,
        "9": 0.34705325961112976
    },
    "144": {
        "0": 0.35676416754722595,
        "1": 0.3554442822933197,
        "2": 0.35534146428108215,
        "3": 0.3553413152694702,
        "4": 0.3547806143760681,
        "5": 0.3544580042362213,
        "6": 0.3520486652851105,
        "7": 0.3512686491012573,
        "8": 0.3500424027442932,
        "9": 0.3445442318916321
    },
    "160": {
        "0": 0.3657453656196594,
        "1": 0.3638114929199219,
        "2": 0.36379167437553406,
        "3": 0.36332616209983826,
        "4": 0.36287441849708557,
        "5": 0.3623426556587219,
        "6": 0.36202073097229004,
        "7": 0.3603665828704834,
        "8": 0.3592410087585449,
        "9": 0.35594746470451355
    },
    "176": {
        "0": 0.35544174909591675,
        "1": 0.35421136021614075,
        "2": 0.3540869355201721,
        "3": 0.35273417830467224,
        "4": 0.3522198796272278,
        "5": 0.3518999218940735,
        "6": 0.35117942094802856,
        "7": 0.34945136308670044,
        "8": 0.3465774655342102,
        "9": 0.3413696587085724
    },
    "192": {
        "0": 0.360135018825531,
        "1": 0.3600926697254181,
        "2": 0.35977861285209656,
        "3": 0.3595621585845947,
        "4": 0.3594193160533905,
        "5": 0.35783904790878296,
        "6": 0.35654011368751526,
        "7": 0.35533520579338074,
        "8": 0.3548101782798767,
        "9": 0.3443533182144165
    },
    "208": {
        "0": 0.3616696000099182,
        "1": 0.3611350357532501,
        "2": 0.3608505129814148,
        "3": 0.35988518595695496,
        "4": 0.35900822281837463,
        "5": 0.35888493061065674,
        "6": 0.3536718785762787,
        "7": 0.35268017649650574,
        "8": 0.35040390491485596,
        "9": 0.3401498794555664
    },
    "224": {
        "0": 0.36919906735420227,
        "1": 0.3686530292034149,
        "2": 0.3684207797050476,
        "3": 0.366485595703125,
        "4": 0.36601531505584717,
        "5": 0.3645864725112915,
        "6": 0.3588729202747345,
        "7": 0.35809874534606934,
        "8": 0.3551798462867737,
        "9": 0.3484998643398285
    },
    "240": {
        "0": 0.36156684160232544,
        "1": 0.36070823669433594,
        "2": 0.36052533984184265,
        "3": 0.360464870929718,
        "4": 0.3597138822078705,
        "5": 0.35953256487846375,
        "6": 0.3583645820617676,
        "7": 0.35818496346473694,
        "8": 0.3564918637275696,
        "9": 0.3478698134422302
    },
    "256": {
        "0": 0.3684292137622833,
        "1": 0.3668438196182251,
        "2": 0.3665686249732971,
        "3": 0.36491844058036804,
        "4": 0.36483585834503174,
        "5": 0.36259961128234863,
        "6": 0.3623102605342865,
        "7": 0.3615833818912506,
        "8": 0.3592751622200012,
        "9": 0.35408616065979004
    },
    "272": {
        "0": 0.36237993836402893,
        "1": 0.3615584373474121,
        "2": 0.3615137040615082,
        "3": 0.36092615127563477,
        "4": 0.35964396595954895,
        "5": 0.35823720693588257,
        "6": 0.3580463230609894,
        "7": 0.3575230538845062,
        "8": 0.35588040947914124,
        "9": 0.3467503488063812
    },
    "288": {
        "0": 0.37118518352508545,
        "1": 0.36922407150268555,
        "2": 0.36851558089256287,
        "3": 0.3684689402580261,
        "4": 0.3670557737350464,
        "5": 0.3660004436969757,
        "6": 0.36450517177581787,
        "7": 0.3621159791946411,
        "8": 0.35986462235450745,
        "9": 0.3533650040626526
    },
    "304": {
        "0": 0.36354532837867737,
        "1": 0.3597570061683655,
        "2": 0.3596794903278351,
        "3": 0.35947248339653015,
        "4": 0.35835739970207214,
        "5": 0.3571344316005707,
        "6": 0.35618069767951965,
        "7": 0.3544590473175049,
        "8": 0.35086923837661743,
        "9": 0.34305235743522644
    },
    "320": {
        "0": 0.3669080138206482,
        "1": 0.36502552032470703,
        "2": 0.3625214099884033,
        "3": 0.3621945083141327,
        "4": 0.36111998558044434,
        "5": 0.36095479130744934,
        "6": 0.3603091537952423,
        "7": 0.35637930035591125,
        "8": 0.3558189570903778,
        "9": 0.34442004561424255
    },
    "336": {
        "0": 0.3672856390476227,
        "1": 0.36604464054107666,
        "2": 0.3660130500793457,
        "3": 0.36436396837234497,
        "4": 0.36430662870407104,
        "5": 0.362099826335907,
        "6": 0.36091968417167664,
        "7": 0.35953250527381897,
        "8": 0.356201171875,
        "9": 0.34678807854652405
    }
}