{
    "0": {
        "0": 0.34716737270355225,
        "1": 0.3437933921813965,
        "2": 0.3386349678039551,
        "3": 0.3364725112915039,
        "4": 0.33631351590156555,
        "5": 0.3360036611557007,
        "6": 0.3347405791282654,
        "7": 0.33377712965011597,
        "8": 0.33252257108688354,
        "9": 0.33202216029167175
    },
    "16": {
        "0": 0.3498791456222534,
        "1": 0.34970948100090027,
        "2": 0.34209465980529785,
        "3": 0.34140491485595703,
        "4": 0.3395364284515381,
        "5": 0.33821988105773926,
        "6": 0.3381751477718353,
        "7": 0.3356962203979492,
        "8": 0.3339279890060425,
        "9": 0.33229973912239075
    },
    "32": {
        "0": 0.35348013043403625,
        "1": 0.3528568148612976,
        "2": 0.34615617990493774,
        "3": 0.34586745500564575,
        "4": 0.3438997268676758,
        "5": 0.34325429797172546,
        "6": 0.34165045619010925,
        "7": 0.34134089946746826,
        "8": 0.33980506658554077,
        "9": 0.33974140882492065
    },
    "48": {
        "0": 0.3446626365184784,
        "1": 0.3391542434692383,
        "2": 0.3345406949520111,
        "3": 0.3326934278011322,
        "4": 0.33252498507499695,
        "5": 0.33241185545921326,
        "6": 0.3317338228225708,
        "7": 0.327708899974823,
        "8": 0.3267661929130554,
        "9": 0.32667428255081177
    },
    "64": {
        "0": 0.3492419421672821,
        "1": 0.3467021882534027,
        "2": 0.3416774570941925,
        "3": 0.34092792868614197,
        "4": 0.34036222100257874,
        "5": 0.3400435149669647,
        "6": 0.3358466625213623,
        "7": 0.33435675501823425,
        "8": 0.33062368631362915,
        "9": 0.33038440346717834
    },
    "80": {
        "0": 0.35010120272636414,
        "1": 0.34774070978164673,
        "2": 0.34392058849334717,
        "3": 0.34338024258613586,
        "4": 0.3424832820892334,
        "5": 0.342059850692749,
        "6": 0.3351092040538788,
        "7": 0.333540678024292,
        "8": 0.33151087164878845,
        "9": 0.33081433176994324
    },
    "96": {
        "0": 0.347281813621521,
        "1": 0.3457304835319519,
        "2": 0.3420099914073944,
        "3": 0.3411674201488495,
        "4": 0.3400782346725464,
        "5": 0.33658820390701294,
        "6": 0.33317288756370544,
        "7": 0.33206695318222046,
        "8": 0.33001333475112915,
        "9": 0.3293132185935974
    },
    "112": {
        "0": 0.3437623083591461,
        "1": 0.3426979184150696,
        "2": 0.33956342935562134,
        "3": 0.33645394444465637,
        "4": 0.3354882299900055,
        "5": 0.3341268301010132,
        "6": 0.3331242799758911,
        "7": 0.33301326632499695,
        "8": 0.32763421535491943,
        "9": 0.326569139957428
    },
    "128": {
        "0": 0.3520447909832001,
        "1": 0.34931424260139465,
        "2": 0.34587562084198,
        "3": 0.3453559875488281,
        "4": 0.34390193223953247,
        "5": 0.3438234329223633,
        "6": 0.3366023004055023,
        "7": 0.3347814083099365,
        "8": 0.3325536847114563,
        "9": 0.33242714405059814
    },
    "144": {
        "0": 0.3503016233444214,
        "1": 0.34552088379859924,
        "2": 0.34414392709732056,
        "3": 0.3431652784347534,
        "4": 0.3406323790550232,
        "5": 0.3399602472782135,
        "6": 0.3374186158180237,
        "7": 0.33640480041503906,
        "8": 0.33380961418151855,
        "9": 0.33369407057762146
    },
    "160": {
        "0": 0.3506164252758026,
        "1": 0.34829363226890564,
        "2": 0.3455735445022583,
        "3": 0.3450281620025635,
        "4": 0.34291672706604004,
        "5": 0.3415692448616028,
        "6": 0.33564963936805725,
        "7": 0.33498144149780273,
        "8": 0.33394119143486023,
        "9": 0.3317582607269287
    },
    "176": {
        "0": 0.34856435656547546,
        "1": 0.3484385013580322,
        "2": 0.3456166386604309,
        "3": 0.3437538146972656,
        "4": 0.34183645248413086,
        "5": 0.34081214666366577,
        "6": 0.3365849554538727,
        "7": 0.33416998386383057,
        "8": 0.3331305682659149,
        "9": 0.3329015076160431
    },
    "192": {
        "0": 0.3472329378128052,
        "1": 0.3467923700809479,
        "2": 0.34448790550231934,
        "3": 0.34177693724632263,
        "4": 0.3384160101413727,
        "5": 0.33768677711486816,
        "6": 0.3352579176425934,
        "7": 0.3337828516960144,
        "8": 0.33018702268600464,
        "9": 0.32871270179748535
    },
    "208": {
        "0": 0.3553171455860138,
        "1": 0.3550114035606384,
        "2": 0.3520132601261139,
        "3": 0.3481423258781433,
        "4": 0.3447631895542145,
        "5": 0.34439021348953247,
        "6": 0.34354597330093384,
        "7": 0.3409385085105896,
        "8": 0.33870479464530945,
        "9": 0.33647987246513367
    },
    "224": {
        "0": 0.36843299865722656,
        "1": 0.3661544919013977,
        "2": 0.361571729183197,
        "3": 0.36127495765686035,
        "4": 0.3592483401298523,
        "5": 0.3590430021286011,
        "6": 0.35657885670661926,
        "7": 0.35104382038116455,
        "8": 0.34868600964546204,
        "9": 0.3483605980873108
    },
    "240": {
        "0": 0.3622826039791107,
        "1": 0.3600955605506897,
        "2": 0.35484224557876587,
        "3": 0.3538123369216919,
        "4": 0.3536255359649658,
        "5": 0.3533121943473816,
        "6": 0.3500906527042389,
        "7": 0.3445110321044922,
        "8": 0.34050941467285156,
        "9": 0.34023481607437134
    },
    "256": {
        "0": 0.35577964782714844,
        "1": 0.35155028104782104,
        "2": 0.3497683107852936,
        "3": 0.3485265374183655,
        "4": 0.3474326729774475,
        "5": 0.34720855951309204,
        "6": 0.3407789468765259,
        "7": 0.33651527762413025,
        "8": 0.33434733748435974,
        "9": 0.3335118591785431
    },
    "272": {
        "0": 0.35227838158607483,
        "1": 0.35184594988822937,
        "2": 0.3470255732536316,
        "3": 0.3455238938331604,
        "4": 0.34496787190437317,
        "5": 0.34198248386383057,
        "6": 0.3408263027667999,
        "7": 0.3354293406009674,
        "8": 0.3329567313194275,
        "9": 0.33278512954711914
    },
    "288": {
        "0": 0.3472331762313843,
        "1": 0.3461379110813141,
        "2": 0.34075701236724854,
        "3": 0.3382062315940857,
        "4": 0.33715230226516724,
        "5": 0.3356841206550598,
        "6": 0.33433833718299866,
        "7": 0.33432090282440186,
        "8": 0.33236292004585266,
        "9": 0.3317139744758606
    },
    "304": {
        "0": 0.34761252999305725,
        "1": 0.3461608290672302,
        "2": 0.3429577946662903,
        "3": 0.3384978771209717,
        "4": 0.33647453784942627,
        "5": 0.33593109250068665,
        "6": 0.3345923125743866,
        "7": 0.3336241543292999,
        "8": 0.33196887373924255,
        "9": 0.3315719664096832
    },
    "320": {
        "0": 0.35626694560050964,
        "1": 0.3527149558067322,
        "2": 0.34918442368507385,
        "3": 0.3478133976459503,
        "4": 0.3464823365211487,
        "5": 0.34455376863479614,
        "6": 0.34413763880729675,
        "7": 0.34198105335235596,
        "8": 0.3397592008113861,
        "9": 0.33933451771736145
    },
    "336": {
        "0": 0.3605858087539673,
        "1": 0.35768046975135803,
        "2": 0.3534242510795593,
        "3": 0.35271477699279785,
        "4": 0.3505559265613556,
        "5": 0.34972596168518066,
        "6": 0.34805768728256226,
        "7": 0.34458234906196594,
        "8": 0.3433922529220581,
        "9": 0.34277650713920593
    },
    "352": {
        "0": 0.36917802691459656,
        "1": 0.36168172955513,
        "2": 0.36031877994537354,
        "3": 0.35947495698928833,
        "4": 0.35875609517097473,
        "5": 0.35707709193229675,