{
    "0": {
        "0": 0.43357259035110474,
        "1": 0.42470940947532654,
        "2": 0.42102715373039246,
        "3": 0.4186014235019684,
        "4": 0.41158273816108704,
        "5": 0.4115295708179474,
        "6": 0.4068773686885834,
        "7": 0.4034269154071808,
        "8": 0.40292033553123474,
        "9": 0.39604490995407104
    },
    "16": {
        "0": 0.44364017248153687,
        "1": 0.43027573823928833,
        "2": 0.4302346706390381,
        "3": 0.422832727432251,
        "4": 0.41718924045562744,
        "5": 0.41663244366645813,
        "6": 0.4123409390449524,
        "7": 0.40957215428352356,
        "8": 0.40949514508247375,
        "9": 0.4072006940841675
    },
    "32": {
        "0": 0.43984106183052063,
        "1": 0.4290623962879181,
        "2": 0.4271751344203949,
        "3": 0.42249399423599243,
        "4": 0.4149111211299896,
        "5": 0.41437533497810364,
        "6": 0.409162312746048,
        "7": 0.40789350867271423,
        "8": 0.4076370596885681,
        "9": 0.40473976731300354
    },
    "48": {
        "0": 0.4416010081768036,
        "1": 0.4271320104598999,
        "2": 0.42544952034950256,
        "3": 0.4198766052722931,
        "4": 0.41215190291404724,
        "5": 0.41203561425209045,
        "6": 0.40786612033843994,
        "7": 0.40734925866127014,
        "8": 0.4068049490451813,
        "9": 0.40543609857559204
    },
    "64": {
        "0": 0.440962016582489,
        "1": 0.42596137523651123,
        "2": 0.42422547936439514,
        "3": 0.41764479875564575,
        "4": 0.41002029180526733,
        "5": 0.4095958173274994,
        "6": 0.40809327363967896,
        "7": 0.40544697642326355,
        "8": 0.40534675121307373,
        "9": 0.4029107689857483
    },
    "80": {
        "0": 0.4386786222457886,
        "1": 0.4231914281845093,
        "2": 0.42296430468559265,
        "3": 0.4189170300960541,
        "4": 0.4092532694339752,
        "5": 0.40844419598579407,
        "6": 0.4070245921611786,
        "7": 0.4035486578941345,
        "8": 0.4020335376262665,
        "9": 0.40188777446746826
    },
    "96": {
        "0": 0.43724092841148376,
        "1": 0.42144861817359924,
        "2": 0.4192899465560913,
        "3": 0.414003849029541,
        "4": 0.4061415195465088,
        "5": 0.40519797801971436,
        "6": 0.404537171125412,
        "7": 0.40273818373680115,
        "8": 0.4005078077316284,
        "9": 0.39815211296081543
    },
    "112": {
        "0": 0.43675321340560913,
        "1": 0.42081278562545776,
        "2": 0.42065420746803284,
        "3": 0.4159168601036072,
        "4": 0.4072454869747162,
        "5": 0.4064934253692627,
        "6": 0.40455442667007446,
        "7": 0.40058434009552,
        "8": 0.4004342555999756,
        "9": 0.4003347158432007
    },
    "128": {
        "0": 0.43637222051620483,
        "1": 0.42119914293289185,
        "2": 0.42074108123779297,
        "3": 0.4142911732196808,
        "4": 0.40623605251312256,
        "5": 0.40592408180236816,
        "6": 0.4049743115901947,
        "7": 0.40238460898399353,
        "8": 0.399483323097229,
        "9": 0.3987690806388855
    },
    "144": {
        "0": 0.4383789598941803,
        "1": 0.421714186668396,
        "2": 0.41991662979125977,
        "3": 0.41315776109695435,
        "4": 0.4061945378780365,
        "5": 0.40577375888824463,
        "6": 0.40552544593811035,
        "7": 0.4041082561016083,
        "8": 0.40073150396347046,
        "9": 0.39836955070495605
    },
    "160": {
        "0": 0.44357097148895264,
        "1": 0.4288492798805237,
        "2": 0.42563045024871826,
        "3": 0.41866496205329895,
        "4": 0.4103396534919739,
        "5": 0.40958380699157715,
        "6": 0.4075201153755188,
        "7": 0.40711236000061035,
        "8": 0.40683484077453613,
        "9": 0.4044305682182312
    },
    "176": {
        "0": 0.4415375292301178,
        "1": 0.43009108304977417,
        "2": 0.4242183566093445,
        "3": 0.4157329201698303,
        "4": 0.4146230220794678,
        "5": 0.4072030782699585,
        "6": 0.40569156408309937,
        "7": 0.40431517362594604,
        "8": 0.4018130600452423,
        "9": 0.3991130590438843
    },
    "192": {
        "0": 0.45727312564849854,
        "1": 0.4457213282585144,
        "2": 0.43574267625808716,
        "3": 0.43012872338294983,
        "4": 0.4241611361503601,
        "5": 0.41574135422706604,
        "6": 0.4147549867630005,
        "7": 0.41293251514434814,
        "8": 0.41173791885375977,
        "9": 0.4079374074935913
    },
    "208": {
        "0": 0.4476276934146881,
        "1": 0.4357837438583374,
        "2": 0.42986902594566345,
        "3": 0.42175814509391785,
        "4": 0.4176439344882965,
        "5": 0.4117913842201233,
        "6": 0.4087727665901184,
        "7": 0.4073273539543152,
        "8": 0.40581953525543213,
        "9": 0.4019757807254791
    },
    "224": {
        "0": 0.4508974254131317,
        "1": 0.4382379353046417,
        "2": 0.43386605381965637,
        "3": 0.42730385065078735,
        "4": 0.4243468940258026,
        "5": 0.41971367597579956,
        "6": 0.41696977615356445,
        "7": 0.41365474462509155,
        "8": 0.4107421636581421,
        "9": 0.40874695777893066
    },
    "240": {
        "0": 0.46211689710617065,
        "1": 0.4486972391605377,
        "2": 0.4392823576927185,
        "3": 0.42918965220451355,
        "4": 0.4282561242580414,
        "5": 0.42202937602996826,
        "6": 0.41988950967788696,
        "7": 0.4190155267715454,
        "8": 0.4155332148075104,
        "9": 0.41544151306152344
    },
    "256": {
        "0": 0.4659044146537781,
        "1": 0.45380735397338867,
        "2": 0.44461920857429504,
        "3": 0.4323204755783081,
        "4": 0.42493388056755066,
        "5": 0.42246320843696594,
        "6": 0.42114967107772827,
        "7": 0.4201124906539917,
        "8": 0.41977086663246155,
        "9": 0.4195556342601776
    },
    "272": {
        "0": 0.46290135383605957,
        "1": 0.45038536190986633,
        "2": 0.4430667459964752,
        "3": 0.4310481548309326,
        "4": 0.4214025139808655,
        "5": 0.42118847370147705,
        "6": 0.4200744330883026,
        "7": 0.4194110929965973,
        "8": 0.418032169342041,
        "9": 0.4164327085018158
    },
    "288": {
        "0": 0.46738487482070923,
        "1": 0.4542941749095917,
        "2": 0.44495412707328796,
        "3": 0.43195292353630066,
        "4": 0.42595624923706055,
        "5": 0.4230813682079315,
        "6": 0.42176201939582825,
        "7": 0.42128121852874756,
        "8": 0.42118069529533386,
        "9": 0.4178556799888611
    },
    "304": {
        "0": 0.459614634513855,
        "1": 0.4476933777332306,
        "2": 0.4393024444580078,
        "3": 0.4273282587528229,
        "4": 0.4247228801250458,
        "5": 0.4212353825569153,
        "6": 0.41890496015548706,
        "7": 0.4175589680671692,
        "8": 0.4156361222267151,
        "9": 0.41376739740371704
    },
    "320": {
        "0": 0.44589918851852417,
        "1": 0.4346989691257477,
        "2": 0.43016743659973145,
        "3": 0.42945438623428345,
        "4": 0.41645509004592896,
        "5": 0.41289323568344116,
        "6": 0.4123494625091553,
        "7": 0.40991365909576416,
        "8": 0.40340787172317505,
        "9": 0.4017091393470764
    },
    "336": {
        "0": 0.4456382393836975,
        "1": 0.43230316042900085,
        "2": 0.4297153055667877,
        "3": 0.42522841691970825,
        "4": 0.41697201132774353,
        "5": 0.4133782982826233,
        "6": 0.4124808609485626,
        "7": 0.4094092845916748,
        "8": 0.40711331367492676,
        "9": 0.40365856885910034
    },
    "352": {
        "0": 0.4415556490421295,
        "1": 0.42719125747680664,
        "2": 0.42395541071891785,
        "3": 0.4197757840156555,
        "4": 0.4140617549419403,
        "5": 0.4117050766944885,