{
    "0": {
        "0": 0.35805201530456543,
        "1": 0.34702783823013306,
        "2": 0.3433261513710022,
        "3": 0.33962756395339966,
        "4": 0.336425244808197,
        "5": 0.33614397048950195,
        "6": 0.33575382828712463,
        "7": 0.32923850417137146,
        "8": 0.3286462128162384,
        "9": 0.327863872051239
    },
    "16": {
        "0": 0.35603344440460205,
        "1": 0.3436662554740906,
        "2": 0.3358069360256195,
        "3": 0.33380424976348877,
        "4": 0.33186763525009155,
        "5": 0.32815608382225037,
        "6": 0.3255379796028137,
        "7": 0.324937641620636,
        "8": 0.3245813846588135,
        "9": 0.32286757230758667
    },
    "32": {
        "0": 0.35599520802497864,
        "1": 0.3422638475894928,
        "2": 0.3378039002418518,
        "3": 0.33555516600608826,
        "4": 0.3344263434410095,
        "5": 0.330233633518219,
        "6": 0.32995906472206116,
        "7": 0.3245398998260498,
        "8": 0.323464572429657,
        "9": 0.32265380024909973
    },
    "48": {
        "0": 0.35697299242019653,
        "1": 0.34343376755714417,
        "2": 0.3392822742462158,
        "3": 0.3367798924446106,
        "4": 0.33552229404449463,
        "5": 0.3317064940929413,
        "6": 0.33144378662109375,
        "7": 0.3259497284889221,
        "8": 0.32495588064193726,
        "9": 0.32389897108078003
    },
    "64": {
        "0": 0.35893893241882324,
        "1": 0.3459424078464508,
        "2": 0.3406364917755127,
        "3": 0.33865976333618164,
        "4": 0.33688318729400635,
        "5": 0.3330038785934448,
        "6": 0.33291736245155334,
        "7": 0.32687848806381226,
        "8": 0.3260886073112488,
        "9": 0.32570043206214905
    },
    "80": {
        "0": 0.35031092166900635,
        "1": 0.33789291977882385,
        "2": 0.33141636848449707,
        "3": 0.3296879529953003,
        "4": 0.3274160921573639,
        "5": 0.3245454430580139,
        "6": 0.3241954445838928,
        "7": 0.32029879093170166,
        "8": 0.31896737217903137,
        "9": 0.31798839569091797
    },
    "96": {
        "0": 0.3507186770439148,
        "1": 0.3382074534893036,
        "2": 0.3324895203113556,
        "3": 0.3306806683540344,
        "4": 0.3285759389400482,
        "5": 0.3254774212837219,
        "6": 0.3248196542263031,
        "7": 0.32013416290283203,
        "8": 0.3200131058692932,
        "9": 0.3191360831260681
    },
    "112": {
        "0": 0.3507186770439148,
        "1": 0.3382074534893036,
        "2": 0.3324895203113556,
        "3": 0.3306806683540344,
        "4": 0.3285759389400482,
        "5": 0.3254774212837219,
        "6": 0.3248196542263031,
        "7": 0.32013416290283203,
        "8": 0.3200131058692932,
        "9": 0.3191360831260681
    },
    "128": {
        "0": 0.3507186770439148,
        "1": 0.3382074534893036,
        "2": 0.3324895203113556,
        "3": 0.3306806683540344,
        "4": 0.3285759389400482,
        "5": 0.3254774212837219,
        "6": 0.3248196542263031,
        "7": 0.32013416290283203,
        "8": 0.3200131058692932,
        "9": 0.3191360831260681
    },
    "144": {
        "0": 0.3507186770439148,
        "1": 0.3382074534893036,
        "2": 0.3324895203113556,
        "3": 0.3306806683540344,
        "4": 0.3285759389400482,
        "5": 0.3254774212837219,
        "6": 0.3248196542263031,
        "7": 0.32013416290283203,
        "8": 0.3200131058692932,
        "9": 0.3191360831260681
    },
    "160": {
        "0": 0.34704944491386414,
        "1": 0.33509522676467896,
        "2": 0.33005034923553467,
        "3": 0.32782936096191406,
        "4": 0.3277195990085602,
        "5": 0.323586642742157,
        "6": 0.3235688805580139,
        "7": 0.31790870428085327,
        "8": 0.3167746663093567,
        "9": 0.31666114926338196
    },
    "176": {
        "0": 0.3422064483165741,
        "1": 0.33501285314559937,
        "2": 0.3312811851501465,
        "3": 0.32797932624816895,
        "4": 0.32691842317581177,
        "5": 0.32452166080474854,
        "6": 0.3236933648586273,
        "7": 0.3187674582004547,
        "8": 0.3171267509460449,
        "9": 0.3151412904262543
    },
    "192": {
        "0": 0.3515864610671997,
        "1": 0.3426115810871124,
        "2": 0.33747464418411255,
        "3": 0.335213840007782,
        "4": 0.3329486846923828,
        "5": 0.3315853476524353,
        "6": 0.3306281566619873,
        "7": 0.32547155022621155,
        "8": 0.32363319396972656,
        "9": 0.32173871994018555
    },
    "208": {
        "0": 0.35134637355804443,
        "1": 0.341591477394104,
        "2": 0.33845722675323486,
        "3": 0.33672472834587097,
        "4": 0.33384156227111816,
        "5": 0.3318250775337219,
        "6": 0.33119645714759827,
        "7": 0.3263220191001892,
        "8": 0.32255178689956665,
        "9": 0.32157832384109497
    },
    "224": {
        "0": 0.3464165925979614,
        "1": 0.3354603052139282,
        "2": 0.3326375186443329,
        "3": 0.3312479853630066,
        "4": 0.33030349016189575,
        "5": 0.32161974906921387,
        "6": 0.3199234902858734,
        "7": 0.3199039697647095,
        "8": 0.31884464621543884,
        "9": 0.3174910247325897
    },
    "240": {
        "0": 0.35985004901885986,
        "1": 0.34709399938583374,
        "2": 0.3421463370323181,
        "3": 0.3412705361843109,
        "4": 0.3390180766582489,
        "5": 0.3342284858226776,
        "6": 0.33224135637283325,
        "7": 0.33172154426574707,
        "8": 0.33084794878959656,
        "9": 0.33026355504989624
    }
}