{
    "0": {
        "0": 0.3621790409088135,
        "1": 0.36200228333473206,
        "2": 0.35884273052215576,
        "3": 0.3559268116950989,
        "4": 0.3556097149848938,
        "5": 0.350527286529541,
        "6": 0.3463114798069,
        "7": 0.3454768657684326,
        "8": 0.34286123514175415,
        "9": 0.34068751335144043
    },
    "16": {
        "0": 0.36699187755584717,
        "1": 0.36448901891708374,
        "2": 0.3633749485015869,
        "3": 0.3604041635990143,
        "4": 0.35689887404441833,
        "5": 0.3546404242515564,
        "6": 0.345821738243103,
        "7": 0.3457638621330261,
        "8": 0.3451489508152008,
        "9": 0.3443906009197235
    },
    "32": {
        "0": 0.3658870458602905,
        "1": 0.3651347756385803,
        "2": 0.36475643515586853,
        "3": 0.3595693111419678,
        "4": 0.3595286011695862,
        "5": 0.3580494225025177,
        "6": 0.35082656145095825,
        "7": 0.3457261621952057,
        "8": 0.34397831559181213,
        "9": 0.34306812286376953
    },
    "48": {
        "0": 0.3848395347595215,
        "1": 0.38035091757774353,
        "2": 0.3797086775302887,
        "3": 0.37728387117385864,
        "4": 0.3762068748474121,
        "5": 0.3670451045036316,
        "6": 0.3648081421852112,
        "7": 0.35863959789276123,
        "8": 0.35352545976638794,
        "9": 0.347347617149353
    },
    "64": {
        "0": 0.3798803389072418,
        "1": 0.3751944303512573,
        "2": 0.36839303374290466,
        "3": 0.36536598205566406,
        "4": 0.36393317580223083,
        "5": 0.3592923581600189,
        "6": 0.35610413551330566,
        "7": 0.35158559679985046,
        "8": 0.34750962257385254,
        "9": 0.3457319140434265
    },
    "80": {
        "0": 0.36585479974746704,
        "1": 0.3595694601535797,
        "2": 0.3568768799304962,
        "3": 0.35671767592430115,
        "4": 0.35101062059402466,
        "5": 0.3448486924171448,
        "6": 0.3426954746246338,
        "7": 0.3369816243648529,
        "8": 0.3362651467323303,
        "9": 0.33624884486198425
    },
    "96": {
        "0": 0.35363471508026123,
        "1": 0.3517167866230011,
        "2": 0.3441840410232544,
        "3": 0.3412674367427826,
        "4": 0.33852875232696533,
        "5": 0.3328164517879486,
        "6": 0.3290608525276184,
        "7": 0.3231334090232849,
        "8": 0.32304874062538147,
        "9": 0.322174996137619
    },
    "112": {
        "0": 0.3456943929195404,
        "1": 0.33926108479499817,
        "2": 0.3357830345630646,
        "3": 0.33380651473999023,
        "4": 0.3286295533180237,
        "5": 0.32355788350105286,
        "6": 0.3194258213043213,
        "7": 0.31614264845848083,
        "8": 0.3148191571235657,
        "9": 0.3147072494029999
    },
    "128": {
        "0": 0.34797126054763794,
        "1": 0.34347543120384216,
        "2": 0.34234848618507385,
        "3": 0.3420202136039734,
        "4": 0.3415021002292633,
        "5": 0.34047579765319824,
        "6": 0.33449336886405945,
        "7": 0.3338145315647125,
        "8": 0.3285263776779175,
        "9": 0.3284822702407837
    },
    "144": {
        "0": 0.34389904141426086,
        "1": 0.3436887264251709,
        "2": 0.338848739862442,
        "3": 0.3384229838848114,
        "4": 0.3382813036441803,
        "5": 0.3359847962856293,
        "6": 0.3334659934043884,
        "7": 0.3310967981815338,
        "8": 0.3266351521015167,
        "9": 0.3252907693386078
    },
    "160": {
        "0": 0.33754605054855347,
        "1": 0.3344496488571167,
        "2": 0.3333413600921631,
        "3": 0.33206120133399963,
        "4": 0.3319784998893738,
        "5": 0.33125123381614685,
        "6": 0.32965087890625,
        "7": 0.32592806220054626,
        "8": 0.3236648738384247,
        "9": 0.32321232557296753
    },
    "176": {
        "0": 0.35473188757896423,
        "1": 0.34878766536712646,
        "2": 0.34858953952789307,
        "3": 0.34756362438201904,
        "4": 0.345244824886322,
        "5": 0.3443949222564697,
        "6": 0.34099483489990234,
        "7": 0.3407685160636902,
        "8": 0.33990800380706787,
        "9": 0.33967041969299316
    },
    "192": {
        "0": 0.35771748423576355,
        "1": 0.3519660532474518,
        "2": 0.3510996401309967,
        "3": 0.3502805531024933,
        "4": 0.3470912277698517,
        "5": 0.34429726004600525,
        "6": 0.3418641686439514,
        "7": 0.34155723452568054,
        "8": 0.3414410650730133,
        "9": 0.3411899507045746
    },
    "208": {
        "0": 0.354954332113266,
        "1": 0.3486441671848297,
        "2": 0.3486120104789734,
        "3": 0.3472484052181244,
        "4": 0.34371525049209595,
        "5": 0.3425725996494293,
        "6": 0.34030643105506897,
        "7": 0.3399624526500702,
        "8": 0.3398401439189911,
        "9": 0.3372029662132263
    },
    "224": {
        "0": 0.3554205894470215,
        "1": 0.34970688819885254,
        "2": 0.34873926639556885,
        "3": 0.34794798493385315,
        "4": 0.345043420791626,
        "5": 0.3403056561946869,
        "6": 0.3397010862827301,
        "7": 0.3389733135700226,
        "8": 0.33882594108581543,
        "9": 0.3377743363380432
    },
    "240": {
        "0": 0.35545653104782104,
        "1": 0.3501015603542328,
        "2": 0.34826746582984924,
        "3": 0.3479626476764679,
        "4": 0.3451964855194092,
        "5": 0.33976617455482483,
        "6": 0.3396152853965759,
        "7": 0.3389260470867157,
        "8": 0.33667701482772827,
        "9": 0.33608031272888184
    },
    "256": {
        "0": 0.36019793152809143,
        "1": 0.35412463545799255,
        "2": 0.3523026406764984,
        "3": 0.34974977374076843,
        "4": 0.3463301360607147,
        "5": 0.3408048748970032,
        "6": 0.3402719795703888,
        "7": 0.3402089476585388,
        "8": 0.3386956751346588,
        "9": 0.337773859500885
    },
    "272": {
        "0": 0.3560120165348053,
        "1": 0.3502766788005829,
        "2": 0.3483313024044037,
        "3": 0.3440839946269989,
        "4": 0.34350770711898804,
        "5": 0.3390316367149353,
        "6": 0.3372291922569275,
        "7": 0.3367156982421875,
        "8": 0.3336857855319977,
        "9": 0.332481324672699
    },
    "288": {
        "0": 0.33172154426574707,
        "1": 0.32893630862236023,
        "2": 0.3249189555644989,
        "3": 0.3247966766357422,
        "4": 0.3241770267486572,
        "5": 0.3217785656452179,
        "6": 0.3213944733142853,
        "7": 0.3207296133041382,
        "8": 0.3201979100704193,
        "9": 0.3180218040943146
    },
    "304": {
        "0": 0.34105220437049866,
        "1": 0.3398439288139343,
        "2": 0.338358074426651,
        "3": 0.33755654096603394,
        "4": 0.33667391538619995,
        "5": 0.3356868624687195,
        "6": 0.3352207839488983,
        "7": 0.33489811420440674,
        "8": 0.3346777558326721,
        "9": 0.3289799094200134
    },
    "320": {
        "0": 0.34448909759521484,
        "1": 0.3420429527759552,
        "2": 0.34137198328971863,
        "3": 0.3407971262931824,
        "4": 0.34019193053245544,
        "5": 0.3390960693359375,
        "6": 0.33893918991088867,
        "7": 0.3380410373210907,
        "8": 0.3375890552997589,
        "9": 0.33279716968536377
    },
    "336": {
        "0": 0.33932971954345703,
        "1": 0.3362339735031128,
        "2": 0.33556172251701355,
        "3": 0.33394259214401245,
        "4": 0.33304059505462646,
        "5": 0.3328765034675598,
        "6": 0.331045001745224,
        "7": 0.3310002088546753,
        "8": 0.328646183013916,
        "9": 0.3260301947593689
    },
    "352": {
        "0": 0.3663596212863922,
        "1": 0.3578847050666809,
        "2": 0.3556544780731201,
        "3": 0.3542552888393402,
        "4": 0.35376864671707153,
        "5": 0.35184770822525024,
        "6": 0.34544336795806885,