{
    "0": {
        "0": 0.31438592076301575,
        "1": 0.31038403511047363,
        "2": 0.3063860535621643,
        "3": 0.30610838532447815,
        "4": 0.3036876916885376,
        "5": 0.29913634061813354,
        "6": 0.29619938135147095,
        "7": 0.29273682832717896,
        "8": 0.2814866304397583,
        "9": 0.26203858852386475
    },
    "16": {
        "0": 0.3124212920665741,
        "1": 0.3086538016796112,
        "2": 0.3058702051639557,
        "3": 0.3050042986869812,
        "4": 0.3031344413757324,
        "5": 0.29965850710868835,
        "6": 0.29533833265304565,
        "7": 0.2925027906894684,
        "8": 0.2801685929298401,
        "9": 0.2624608278274536
    },
    "32": {
        "0": 0.3105285167694092,
        "1": 0.3073463439941406,
        "2": 0.3050384819507599,
        "3": 0.30342212319374084,
        "4": 0.302249014377594,
        "5": 0.29851093888282776,
        "6": 0.2941186726093292,
        "7": 0.29098400473594666,
        "8": 0.2784823179244995,
        "9": 0.26224684715270996
    },
    "48": {
        "0": 0.3123178780078888,
        "1": 0.30876410007476807,
        "2": 0.3037567138671875,
        "3": 0.3009675145149231,
        "4": 0.29573336243629456,
        "5": 0.29393455386161804,
        "6": 0.29231706261634827,
        "7": 0.290700763463974,
        "8": 0.28176015615463257,
        "9": 0.265167772769928
    },
    "64": {
        "0": 0.3061913251876831,
        "1": 0.30160051584243774,
        "2": 0.29482847452163696,
        "3": 0.29364386200904846,
        "4": 0.290008008480072,
        "5": 0.287086546421051,
        "6": 0.2848029136657715,
        "7": 0.283035010099411,
        "8": 0.27571940422058105,
        "9": 0.2569263279438019
    },
    "80": {
        "0": 0.307842493057251,
        "1": 0.3011406362056732,
        "2": 0.29324403405189514,
        "3": 0.29278334975242615,
        "4": 0.2896198630332947,
        "5": 0.28607407212257385,
        "6": 0.2824018597602844,
        "7": 0.2809930741786957,
        "8": 0.27535733580589294,
        "9": 0.25415846705436707
    },
    "96": {
        "0": 0.3058163523674011,
        "1": 0.3016866147518158,
        "2": 0.2944323420524597,
        "3": 0.2933627963066101,
        "4": 0.2900104522705078,
        "5": 0.28629419207572937,
        "6": 0.28321513533592224,
        "7": 0.2815453112125397,
        "8": 0.27325180172920227,
        "9": 0.2527078688144684
    },
    "112": {
        "0": 0.31120362877845764,
        "1": 0.3069855272769928,
        "2": 0.29995766282081604,
        "3": 0.29961928725242615,
        "4": 0.29506078362464905,
        "5": 0.2910425066947937,
        "6": 0.28958815336227417,
        "7": 0.2874268591403961,
        "8": 0.2795213460922241,
        "9": 0.25933295488357544
    },
    "128": {
        "0": 0.30000540614128113,
        "1": 0.29340997338294983,
        "2": 0.2848818600177765,
        "3": 0.284182071685791,
        "4": 0.2816099226474762,
        "5": 0.27661845088005066,
        "6": 0.27281779050827026,
        "7": 0.27210119366645813,
        "8": 0.26423177123069763,
        "9": 0.2470751851797104
    },
    "144": {
        "0": 0.30276474356651306,
        "1": 0.2967088222503662,
        "2": 0.28825435042381287,
        "3": 0.28801342844963074,
        "4": 0.2845443785190582,
        "5": 0.28011354804039,
        "6": 0.27659621834754944,
        "7": 0.275648295879364,
        "8": 0.2691304683685303,
        "9": 0.2513727843761444
    },
    "160": {
        "0": 0.30404898524284363,
        "1": 0.2981862723827362,
        "2": 0.2886797785758972,
        "3": 0.28857141733169556,
        "4": 0.28571075201034546,
        "5": 0.27954795956611633,
        "6": 0.27609241008758545,
        "7": 0.27588367462158203,
        "8": 0.26674872636795044,
        "9": 0.24991168081760406
    },
    "176": {
        "0": 0.297002911567688,
        "1": 0.290298193693161,
        "2": 0.2820136845111847,
        "3": 0.281581848859787,
        "4": 0.27960091829299927,
        "5": 0.273021399974823,
        "6": 0.2704731225967407,
        "7": 0.27036410570144653,
        "8": 0.2635013461112976,
        "9": 0.24667562544345856
    },
    "192": {
        "0": 0.2953684329986572,
        "1": 0.2881307899951935,
        "2": 0.28027161955833435,
        "3": 0.27644822001457214,
        "4": 0.2762681841850281,
        "5": 0.2717461585998535,
        "6": 0.26800116896629333,
        "7": 0.26526132225990295,
        "8": 0.2621956765651703,
        "9": 0.24789467453956604
    },
    "208": {
        "0": 0.2996804416179657,
        "1": 0.29246434569358826,
        "2": 0.2833598256111145,
        "3": 0.28067272901535034,
        "4": 0.2802077829837799,
        "5": 0.27616238594055176,
        "6": 0.27082332968711853,
        "7": 0.2684318721294403,
        "8": 0.2638333737850189,
        "9": 0.2496981918811798
    },
    "224": {
        "0": 0.3025233745574951,
        "1": 0.2940730154514313,
        "2": 0.28546568751335144,
        "3": 0.28216826915740967,
        "4": 0.2817520201206207,
        "5": 0.27745679020881653,
        "6": 0.27316367626190186,
        "7": 0.2696422338485718,
        "8": 0.2675732970237732,
        "9": 0.2523224353790283
    },
    "240": {
        "0": 0.3053820729255676,
        "1": 0.2967369854450226,
        "2": 0.28799062967300415,
        "3": 0.2875343859195709,
        "4": 0.2860869765281677,
        "5": 0.2811027765274048,
        "6": 0.27712246775627136,
        "7": 0.2761411964893341,
        "8": 0.2716297209262848,
        "9": 0.2557283639907837
    },
    "256": {
        "0": 0.30332234501838684,
        "1": 0.2945307791233063,
        "2": 0.28473374247550964,
        "3": 0.284280925989151,
        "4": 0.28282231092453003,
        "5": 0.2778310477733612,
        "6": 0.2725982069969177,
        "7": 0.2716023921966553,
        "8": 0.2665168344974518,
        "9": 0.24746644496917725
    },
    "272": {
        "0": 0.3051806390285492,
        "1": 0.29633399844169617,
        "2": 0.2860935926437378,
        "3": 0.2858213782310486,
        "4": 0.2847808003425598,
        "5": 0.2806151509284973,
        "6": 0.27417027950286865,
        "7": 0.2725953459739685,
        "8": 0.2697599530220032,
        "9": 0.25179746747016907
    },
    "288": {
        "0": 0.29602912068367004,
        "1": 0.28757739067077637,
        "2": 0.27775469422340393,
        "3": 0.2777383327484131,
        "4": 0.27630916237831116,
        "5": 0.27452051639556885,
        "6": 0.26606374979019165,
        "7": 0.2648562788963318,
        "8": 0.260947585105896,
        "9": 0.2452399879693985
    },
    "304": {
        "0": 0.2984071969985962,
        "1": 0.29015105962753296,
        "2": 0.28014931082725525,
        "3": 0.27969348430633545,
        "4": 0.2789091169834137,
        "5": 0.27357369661331177,
        "6": 0.2679963707923889,
        "7": 0.26678499579429626,
        "8": 0.26335394382476807,
        "9": 0.24696466326713562
    },
    "320": {
        "0": 0.2971862554550171,
        "1": 0.2897382974624634,
        "2": 0.28012046217918396,
        "3": 0.2786419987678528,
        "4": 0.2775021493434906,
        "5": 0.2703109085559845,
        "6": 0.2661389112472534,
        "7": 0.26602569222450256,
        "8": 0.26028820872306824,
        "9": 0.24523401260375977
    },
    "336": {
        "0": 0.30248427391052246,
        "1": 0.29478809237480164,
        "2": 0.2851206362247467,
        "3": 0.2841942608356476,
        "4": 0.28298452496528625,
        "5": 0.2786112427711487,
        "6": 0.27188539505004883,
        "7": 0.2717803120613098,
        "8": 0.2664363384246826,
        "9": 0.24772243201732635
    },
    "352": {
        "0": 0.30331936478614807,
        "1": 0.3000502586364746,
        "2": 0.2911446690559387,
        "3": 0.2909647822380066,
        "4": 0.28866562247276306,
        "5": 0.28070762753486633,