{
    "0": {
        "0": 0.394565612077713,
        "1": 0.3880924582481384,
        "2": 0.384581983089447,
        "3": 0.3785819709300995,
        "4": 0.3779476284980774,
        "5": 0.3759230971336365,
        "6": 0.37103214859962463,
        "7": 0.3689931631088257,
        "8": 0.3666639029979706,
        "9": 0.36627116799354553
    },
    "16": {
        "0": 0.394839346408844,
        "1": 0.3891904056072235,
        "2": 0.3839864134788513,
        "3": 0.37906771898269653,
        "4": 0.3786197304725647,
        "5": 0.37677866220474243,
        "6": 0.36911076307296753,
        "7": 0.368622362613678,
        "8": 0.3685874342918396,
        "9": 0.36658281087875366
    },
    "32": {
        "0": 0.39983808994293213,
        "1": 0.39757615327835083,
        "2": 0.387270987033844,
        "3": 0.38689088821411133,
        "4": 0.38285812735557556,
        "5": 0.3824385702610016,
        "6": 0.3740033209323883,
        "7": 0.3713423013687134,
        "8": 0.3712311387062073,
        "9": 0.37007442116737366
    },
    "48": {
        "0": 0.3917716145515442,
        "1": 0.3883959650993347,
        "2": 0.38087376952171326,
        "3": 0.3802404999732971,
        "4": 0.3784762918949127,
        "5": 0.37635618448257446,
        "6": 0.37139490246772766,
        "7": 0.36892127990722656,
        "8": 0.3657115697860718,
        "9": 0.3653371036052704
    },
    "64": {
        "0": 0.38968783617019653,
        "1": 0.38674694299697876,
        "2": 0.3786226511001587,
        "3": 0.3741207718849182,
        "4": 0.3738672733306885,
        "5": 0.37329572439193726,
        "6": 0.36450281739234924,
        "7": 0.3643714487552643,
        "8": 0.36432257294654846,
        "9": 0.36357641220092773
    },
    "80": {
        "0": 0.39817142486572266,
        "1": 0.3922034502029419,
        "2": 0.3858240842819214,
        "3": 0.38190343976020813,
        "4": 0.3811744153499603,
        "5": 0.3796685039997101,
        "6": 0.3724099099636078,
        "7": 0.37113049626350403,
        "8": 0.3706624507904053,
        "9": 0.3705673813819885
    },
    "96": {
        "0": 0.3973940312862396,
        "1": 0.39274752140045166,
        "2": 0.38622260093688965,
        "3": 0.3829566240310669,
        "4": 0.38080933690071106,
        "5": 0.3801760971546173,
        "6": 0.372503399848938,
        "7": 0.3721081614494324,
        "8": 0.3713471293449402,
        "9": 0.3704502582550049
    },
    "112": {
        "0": 0.3990207016468048,
        "1": 0.39367878437042236,
        "2": 0.38759753108024597,
        "3": 0.384460985660553,
        "4": 0.3812987506389618,
        "5": 0.3809870183467865,
        "6": 0.3725685179233551,
        "7": 0.37111565470695496,
        "8": 0.37109100818634033,
        "9": 0.3710494935512543
    },
    "128": {
        "0": 0.39916419982910156,
        "1": 0.39118504524230957,
        "2": 0.389965295791626,
        "3": 0.3895731270313263,
        "4": 0.3828589618206024,
        "5": 0.3804537355899811,
        "6": 0.3771510124206543,
        "7": 0.3765828013420105,
        "8": 0.3755204975605011,
        "9": 0.3718102276325226
    },
    "144": {
        "0": 0.40000125765800476,
        "1": 0.3938400149345398,
        "2": 0.3881528973579407,
        "3": 0.3849508464336395,
        "4": 0.3816635012626648,
        "5": 0.37967759370803833,
        "6": 0.37418100237846375,
        "7": 0.3736887574195862,
        "8": 0.37051987648010254,
        "9": 0.3675430715084076
    },
    "160": {
        "0": 0.3961791396141052,
        "1": 0.3889814615249634,
        "2": 0.38688984513282776,
        "3": 0.3811131715774536,
        "4": 0.37754178047180176,
        "5": 0.3749909996986389,
        "6": 0.37160730361938477,
        "7": 0.3708324730396271,
        "8": 0.3701937794685364,
        "9": 0.3679550290107727
    },
    "176": {
        "0": 0.39870619773864746,
        "1": 0.3986215889453888,
        "2": 0.3871714472770691,
        "3": 0.38427427411079407,
        "4": 0.383511483669281,
        "5": 0.38179588317871094,
        "6": 0.3812912404537201,
        "7": 0.37735670804977417,
        "8": 0.3742366433143616,
        "9": 0.37323644757270813
    },
    "192": {
        "0": 0.39756670594215393,
        "1": 0.3924151659011841,
        "2": 0.3902163803577423,
        "3": 0.3874967098236084,
        "4": 0.3822551965713501,
        "5": 0.38015779852867126,
        "6": 0.37933188676834106,
        "7": 0.37385815382003784,
        "8": 0.3716157376766205,
        "9": 0.37069186568260193
    },
    "208": {
        "0": 0.39941850304603577,
        "1": 0.39491450786590576,
        "2": 0.38932737708091736,
        "3": 0.3881796598434448,
        "4": 0.3831498324871063,
        "5": 0.37896373867988586,
        "6": 0.37812960147857666,
        "7": 0.37740910053253174,
        "8": 0.37492209672927856,
        "9": 0.372241735458374
    },
    "224": {
        "0": 0.3991123139858246,
        "1": 0.3928711712360382,
        "2": 0.3878951072692871,
        "3": 0.38725516200065613,
        "4": 0.3831474483013153,
        "5": 0.3796740174293518,
        "6": 0.37946727871894836,
        "7": 0.37597498297691345,
        "8": 0.37591275572776794,
        "9": 0.37104901671409607
    },
    "240": {
        "0": 0.3984609842300415,
        "1": 0.3901921808719635,
        "2": 0.3881186842918396,
        "3": 0.384178102016449,
        "4": 0.3814079761505127,
        "5": 0.37788692116737366,
        "6": 0.37374719977378845,
        "7": 0.3727475106716156,
        "8": 0.37236225605010986,
        "9": 0.368384450674057
    },
    "256": {
        "0": 0.40267717838287354,
        "1": 0.395902156829834,
        "2": 0.39260777831077576,
        "3": 0.39239275455474854,
        "4": 0.38746580481529236,
        "5": 0.38429003953933716,
        "6": 0.3812423646450043,
        "7": 0.3805805444717407,
        "8": 0.37861964106559753,
        "9": 0.37515848875045776
    },
    "272": {
        "0": 0.40084683895111084,
        "1": 0.3949131965637207,
        "2": 0.39086827635765076,
        "3": 0.3906269669532776,
        "4": 0.38498029112815857,
        "5": 0.3798868656158447,
        "6": 0.3787364363670349,
        "7": 0.3784860372543335,
        "8": 0.37590456008911133,
        "9": 0.3738086521625519
    },
    "288": {
        "0": 0.39907997846603394,
        "1": 0.3914770781993866,
        "2": 0.38766950368881226,
        "3": 0.3876516819000244,
        "4": 0.38180261850357056,
        "5": 0.3769286274909973,
        "6": 0.37665849924087524,
        "7": 0.37532684206962585,
        "8": 0.37432998418807983,
        "9": 0.37174513936042786
    },
    "304": {
        "0": 0.40108710527420044,
        "1": 0.3952740728855133,
        "2": 0.3902825713157654,
        "3": 0.3897576332092285,
        "4": 0.3846997320652008,
        "5": 0.38033103942871094,
        "6": 0.3798026442527771,
        "7": 0.37862932682037354,
        "8": 0.37506604194641113,
        "9": 0.3739739954471588
    },
    "320": {
        "0": 0.39847904443740845,
        "1": 0.39180850982666016,
        "2": 0.3888203203678131,
        "3": 0.3883894085884094,
        "4": 0.38402917981147766,
        "5": 0.3793632686138153,
        "6": 0.378831684589386,
        "7": 0.37715640664100647,
        "8": 0.375976026058197,
        "9": 0.372588574886322
    },
    "336": {
        "0": 0.3891339600086212,
        "1": 0.3850952386856079,
        "2": 0.38088178634643555,
        "3": 0.3785627782344818,
        "4": 0.37536707520484924,
        "5": 0.37153980135917664,
        "6": 0.3697700500488281,
        "7": 0.3691723644733429,
        "8": 0.36763471364974976,
        "9": 0.36649712920188904
    },
    "352": {
        "0": 0.3948805630207062,
        "1": 0.3911869525909424,
        "2": 0.3842979073524475,
        "3": 0.3834439814090729,
        "4": 0.3828960061073303,
        "5": 0.3799850642681122,
        "6": 0.37965211272239685,