{
    "0": {
        "0": 0.36717474460601807,
        "1": 0.36560213565826416,
        "2": 0.36459559202194214,
        "3": 0.3620886206626892,
        "4": 0.3611958622932434,
        "5": 0.35840490460395813,
        "6": 0.35560208559036255,
        "7": 0.3545949459075928,
        "8": 0.35440850257873535,
        "9": 0.35313451290130615
    },
    "16": {
        "0": 0.37432873249053955,
        "1": 0.37036773562431335,
        "2": 0.36951708793640137,
        "3": 0.368391215801239,
        "4": 0.36709773540496826,
        "5": 0.3595244884490967,
        "6": 0.35922661423683167,
        "7": 0.35735926032066345,
        "8": 0.356575071811676,
        "9": 0.3558198809623718
    },
    "32": {
        "0": 0.37543463706970215,
        "1": 0.36836928129196167,
        "2": 0.3678704500198364,
        "3": 0.36578747630119324,
        "4": 0.36574432253837585,
        "5": 0.3579598367214203,
        "6": 0.35736238956451416,
        "7": 0.35637912154197693,
        "8": 0.35596537590026855,
        "9": 0.35518571734428406
    },
    "48": {
        "0": 0.3856295943260193,
        "1": 0.37910395860671997,
        "2": 0.3788175880908966,
        "3": 0.3740195631980896,
        "4": 0.3732813596725464,
        "5": 0.3712650537490845,
        "6": 0.36857011914253235,
        "7": 0.36822420358657837,
        "8": 0.3679540157318115,
        "9": 0.3676917552947998
    },
    "64": {
        "0": 0.379167765378952,
        "1": 0.37624749541282654,
        "2": 0.37345680594444275,
        "3": 0.3726637065410614,
        "4": 0.37256520986557007,
        "5": 0.3669535219669342,
        "6": 0.36644622683525085,
        "7": 0.3650057017803192,
        "8": 0.3643225431442261,
        "9": 0.36332347989082336
    },
    "80": {
        "0": 0.37660351395606995,
        "1": 0.37632113695144653,
        "2": 0.37167903780937195,
        "3": 0.3709665536880493,
        "4": 0.3679962158203125,
        "5": 0.3657183349132538,
        "6": 0.364998459815979,
        "7": 0.36475101113319397,
        "8": 0.3635275363922119,
        "9": 0.36174526810646057
    },
    "96": {
        "0": 0.38170021772384644,
        "1": 0.38037240505218506,
        "2": 0.37794002890586853,
        "3": 0.3732214570045471,
        "4": 0.3716794550418854,
        "5": 0.3701745569705963,
        "6": 0.36888283491134644,
        "7": 0.36800870299339294,
        "8": 0.36628878116607666,
        "9": 0.3657477796077728
    },
    "112": {
        "0": 0.38168421387672424,
        "1": 0.37947186827659607,
        "2": 0.3788420557975769,
        "3": 0.3732733130455017,
        "4": 0.37319695949554443,
        "5": 0.3683159053325653,
        "6": 0.36784231662750244,
        "7": 0.36647045612335205,
        "8": 0.36549413204193115,
        "9": 0.3632281422615051
    },
    "128": {
        "0": 0.37919771671295166,
        "1": 0.3776111304759979,
        "2": 0.37565985321998596,
        "3": 0.37422308325767517,
        "4": 0.37068790197372437,
        "5": 0.3677176237106323,
        "6": 0.3673423230648041,
        "7": 0.364376962184906,
        "8": 0.3638378381729126,
        "9": 0.3625953793525696
    },
    "144": {
        "0": 0.3804795444011688,
        "1": 0.3785973787307739,
        "2": 0.3782194256782532,
        "3": 0.37746670842170715,
        "4": 0.37434911727905273,
        "5": 0.37086448073387146,
        "6": 0.3685997724533081,
        "7": 0.3668109178543091,
        "8": 0.36562758684158325,
        "9": 0.3638691306114197
    },
    "160": {
        "0": 0.38385578989982605,
        "1": 0.3824467658996582,
        "2": 0.38102367520332336,
        "3": 0.37941330671310425,
        "4": 0.3768807649612427,
        "5": 0.3741489052772522,
        "6": 0.3739088773727417,
        "7": 0.3723107576370239,
        "8": 0.3705269694328308,
        "9": 0.3682572543621063
    },
    "176": {
        "0": 0.38546013832092285,
        "1": 0.3826628625392914,
        "2": 0.38210469484329224,
        "3": 0.3766968250274658,
        "4": 0.37662217020988464,
        "5": 0.3726981282234192,
        "6": 0.37199461460113525,
        "7": 0.3719075620174408,
        "8": 0.36767125129699707,
        "9": 0.36696991324424744
    },
    "192": {
        "0": 0.3842882215976715,
        "1": 0.3835145831108093,
        "2": 0.3825778365135193,
        "3": 0.376995325088501,
        "4": 0.37527552247047424,
        "5": 0.37403830885887146,
        "6": 0.3736502528190613,
        "7": 0.3730570673942566,
        "8": 0.3690572679042816,
        "9": 0.3671278953552246
    },
    "208": {
        "0": 0.3537890315055847,
        "1": 0.3464600741863251,
        "2": 0.3462299704551697,
        "3": 0.3458433747291565,
        "4": 0.34356287121772766,
        "5": 0.3425556421279907,
        "6": 0.3367518186569214,
        "7": 0.3355107605457306,
        "8": 0.3353147804737091,
        "9": 0.3317924737930298
    },
    "224": {
        "0": 0.34889575839042664,
        "1": 0.34652048349380493,
        "2": 0.3433493673801422,
        "3": 0.3390883803367615,
        "4": 0.3375246226787567,
        "5": 0.33744892477989197,
        "6": 0.33287495374679565,
        "7": 0.3322561979293823,
        "8": 0.3316827416419983,
        "9": 0.3283333480358124
    },
    "240": {
        "0": 0.3476048409938812,
        "1": 0.33995410799980164,
        "2": 0.3395860493183136,
        "3": 0.338340163230896,
        "4": 0.3322729468345642,
        "5": 0.33152875304222107,
        "6": 0.32846638560295105,
        "7": 0.32764267921447754,
        "8": 0.32703036069869995,
        "9": 0.32401758432388306
    },
    "256": {
        "0": 0.36588677763938904,
        "1": 0.36013326048851013,
        "2": 0.352816104888916,
        "3": 0.349838525056839,
        "4": 0.34915632009506226,
        "5": 0.3481903076171875,
        "6": 0.3475179076194763,
        "7": 0.34619155526161194,
        "8": 0.3461010456085205,
        "9": 0.34582945704460144
    },
    "272": {
        "0": 0.3675740659236908,
        "1": 0.36751824617385864,
        "2": 0.3643392324447632,
        "3": 0.36419257521629333,
        "4": 0.35860955715179443,
        "5": 0.3556869328022003,
        "6": 0.3552379310131073,
        "7": 0.3507148325443268,
        "8": 0.34965780377388,
        "9": 0.3490368127822876
    },
    "288": {
        "0": 0.37626224756240845,
        "1": 0.3721420168876648,
        "2": 0.37102416157722473,
        "3": 0.36807364225387573,
        "4": 0.36711081862449646,
        "5": 0.3669830560684204,
        "6": 0.3654755651950836,
        "7": 0.363566130399704,
        "8": 0.3628753125667572,
        "9": 0.36188584566116333
    },
    "304": {
        "0": 0.3812335729598999,
        "1": 0.38001906871795654,
        "2": 0.3794708549976349,
        "3": 0.37214288115501404,
        "4": 0.3713085949420929,
        "5": 0.37019291520118713,
        "6": 0.3697395324707031,
        "7": 0.36967921257019043,
        "8": 0.366000771522522,
        "9": 0.36559754610061646
    },
    "320": {
        "0": 0.3798378109931946,
        "1": 0.37940335273742676,
        "2": 0.3773167133331299,
        "3": 0.37355226278305054,
        "4": 0.3734867572784424,
        "5": 0.36963707208633423,
        "6": 0.36655953526496887,
        "7": 0.3641091287136078,
        "8": 0.363752543926239,
        "9": 0.36003875732421875
    },
    "336": {
        "0": 0.3735157251358032,
        "1": 0.37283840775489807,
        "2": 0.37249791622161865,
        "3": 0.36711716651916504,
        "4": 0.360755980014801,
        "5": 0.3591354787349701,
        "6": 0.3570891320705414,
        "7": 0.3563583791255951,
        "8": 0.35458892583847046,
        "9": 0.35327690839767456
    },
    "352": {
        "0": 0.3896072506904602,
        "1": 0.38819605112075806,
        "2": 0.3849242925643921,
        "3": 0.3800397217273712,
        "4": 0.3798038959503174,
        "5": 0.37838834524154663,