{
    "0": {
        "0": 0.3733097314834595,
        "1": 0.3678394556045532,
        "2": 0.3659602105617523,
        "3": 0.3640667498111725,
        "4": 0.363958477973938,
        "5": 0.3591914474964142,
        "6": 0.35530340671539307,
        "7": 0.3537629246711731,
        "8": 0.35205259919166565,
        "9": 0.35109376907348633
    },
    "16": {
        "0": 0.37382829189300537,
        "1": 0.36886531114578247,
        "2": 0.3653050363063812,
        "3": 0.3609125018119812,
        "4": 0.3605641722679138,
        "5": 0.35910505056381226,
        "6": 0.35773026943206787,
        "7": 0.349337637424469,
        "8": 0.34687700867652893,
        "9": 0.3456857204437256
    },
    "32": {
        "0": 0.3787316083908081,
        "1": 0.37610432505607605,
        "2": 0.37396490573883057,
        "3": 0.3727341890335083,
        "4": 0.3724603056907654,
        "5": 0.3667283356189728,
        "6": 0.3627048134803772,
        "7": 0.36136555671691895,
        "8": 0.35912930965423584,
        "9": 0.3583431541919708
    },
    "48": {
        "0": 0.376125693321228,
        "1": 0.37574291229248047,
        "2": 0.37347474694252014,
        "3": 0.37247195839881897,
        "4": 0.37151604890823364,
        "5": 0.3643614649772644,
        "6": 0.3611728250980377,
        "7": 0.3603912889957428,
        "8": 0.3581865131855011,
        "9": 0.3547556400299072
    },
    "64": {
        "0": 0.3796653151512146,
        "1": 0.375108927488327,
        "2": 0.3748112618923187,
        "3": 0.3747401535511017,
        "4": 0.3712332546710968,
        "5": 0.3663894832134247,
        "6": 0.36230045557022095,
        "7": 0.35792189836502075,
        "8": 0.356972873210907,
        "9": 0.3543848395347595
    },
    "80": {
        "0": 0.37467607855796814,
        "1": 0.37314045429229736,
        "2": 0.37077322602272034,
        "3": 0.3697532117366791,
        "4": 0.36729252338409424,
        "5": 0.36284035444259644,
        "6": 0.36014077067375183,
        "7": 0.3594430983066559,
        "8": 0.35554489493370056,
        "9": 0.35221391916275024
    },
    "96": {
        "0": 0.3736110031604767,
        "1": 0.3724104166030884,
        "2": 0.37014272809028625,
        "3": 0.36946117877960205,
        "4": 0.3686564564704895,
        "5": 0.3654770255088806,
        "6": 0.35866057872772217,
        "7": 0.35815873742103577,
        "8": 0.35606831312179565,
        "9": 0.3525877594947815
    },
    "112": {
        "0": 0.3763437271118164,
        "1": 0.36627286672592163,
        "2": 0.36445966362953186,
        "3": 0.36288079619407654,
        "4": 0.36193960905075073,
        "5": 0.36102718114852905,
        "6": 0.3578905463218689,
        "7": 0.3537358045578003,
        "8": 0.3506602644920349,
        "9": 0.34926652908325195
    },
    "128": {
        "0": 0.3811476528644562,
        "1": 0.3665393590927124,
        "2": 0.3657063841819763,
        "3": 0.35759466886520386,
        "4": 0.35291457176208496,
        "5": 0.35097938776016235,
        "6": 0.348995566368103,
        "7": 0.3468201458454132,
        "8": 0.3457510471343994,
        "9": 0.3453095853328705
    },
    "144": {
        "0": 0.37852242588996887,
        "1": 0.3701344430446625,
        "2": 0.3655092120170593,
        "3": 0.36404234170913696,
        "4": 0.36314961314201355,
        "5": 0.3625234365463257,
        "6": 0.357302188873291,
        "7": 0.35600149631500244,
        "8": 0.3549554944038391,
        "9": 0.3468121588230133
    },
    "160": {
        "0": 0.39973872900009155,
        "1": 0.3786764442920685,
        "2": 0.37744197249412537,
        "3": 0.3711901307106018,
        "4": 0.3688869774341583,
        "5": 0.36695751547813416,
        "6": 0.36644113063812256,
        "7": 0.35923802852630615,
        "8": 0.35721248388290405,
        "9": 0.3569440245628357
    },
    "176": {
        "0": 0.396842896938324,
        "1": 0.39380761981010437,
        "2": 0.3840811252593994,
        "3": 0.37694936990737915,
        "4": 0.3768475651741028,
        "5": 0.3735014498233795,
        "6": 0.36919236183166504,
        "7": 0.3689018487930298,
        "8": 0.3685287833213806,
        "9": 0.36827293038368225
    },
    "192": {
        "0": 0.40582650899887085,
        "1": 0.39849430322647095,
        "2": 0.39748063683509827,
        "3": 0.39228689670562744,
        "4": 0.3918319642543793,
        "5": 0.3865666389465332,
        "6": 0.38593095541000366,
        "7": 0.38059258460998535,
        "8": 0.3791676163673401,
        "9": 0.37714651226997375
    },
    "208": {
        "0": 0.3849841356277466,
        "1": 0.38314101099967957,
        "2": 0.3820230960845947,
        "3": 0.3813803493976593,
        "4": 0.3809138834476471,
        "5": 0.3791491389274597,
        "6": 0.3753475546836853,
        "7": 0.37504711747169495,
        "8": 0.37431800365448,
        "9": 0.37292757630348206
    },
    "224": {
        "0": 0.38480281829833984,
        "1": 0.3837258219718933,
        "2": 0.38227370381355286,
        "3": 0.38201603293418884,
        "4": 0.3805147409439087,
        "5": 0.37738651037216187,
        "6": 0.3762422800064087,
        "7": 0.37598055601119995,
        "8": 0.36927467584609985,
        "9": 0.36556074023246765
    },
    "240": {
        "0": 0.37807682156562805,
        "1": 0.3740582764148712,
        "2": 0.36667218804359436,
        "3": 0.35998329520225525,
        "4": 0.3590160012245178,
        "5": 0.3588717579841614,
        "6": 0.3571065068244934,
        "7": 0.35560157895088196,
        "8": 0.35451120138168335,
        "9": 0.3530167043209076
    },
    "256": {
        "0": 0.38001304864883423,
        "1": 0.3780921995639801,
        "2": 0.37775760889053345,
        "3": 0.377734899520874,
        "4": 0.37773096561431885,
        "5": 0.3758067488670349,
        "6": 0.37519028782844543,
        "7": 0.37219542264938354,
        "8": 0.37009239196777344,
        "9": 0.36843985319137573
    },
    "272": {
        "0": 0.39377692341804504,
        "1": 0.39157426357269287,
        "2": 0.38011035323143005,
        "3": 0.3780648410320282,
        "4": 0.37536194920539856,
        "5": 0.3738420903682709,
        "6": 0.373695969581604,
        "7": 0.37176769971847534,
        "8": 0.37149858474731445,
        "9": 0.3684360980987549
    },
    "288": {
        "0": 0.3965820372104645,
        "1": 0.3960621953010559,
        "2": 0.38619184494018555,
        "3": 0.3827078640460968,
        "4": 0.3790651559829712,
        "5": 0.37899917364120483,
        "6": 0.3766613006591797,
        "7": 0.37439724802970886,
        "8": 0.37367698550224304,
        "9": 0.3726218044757843
    },
    "304": {
        "0": 0.39510202407836914,
        "1": 0.39163824915885925,
        "2": 0.38391682505607605,
        "3": 0.38264650106430054,
        "4": 0.3820410370826721,
        "5": 0.38078904151916504,
        "6": 0.3744879961013794,
        "7": 0.3729081451892853,
        "8": 0.3699387311935425,
        "9": 0.3690063953399658
    },
    "320": {
        "0": 0.381698340177536,
        "1": 0.37550926208496094,
        "2": 0.37329453229904175,
        "3": 0.37241873145103455,
        "4": 0.3661171793937683,
        "5": 0.3623010218143463,
        "6": 0.36219123005867004,
        "7": 0.36197027564048767,
        "8": 0.35929733514785767,
        "9": 0.35513797402381897
    },
    "336": {
        "0": 0.38691553473472595,
        "1": 0.3794758915901184,
        "2": 0.3779016137123108,
        "3": 0.36860600113868713,
        "4": 0.3649898171424866,
        "5": 0.3625803589820862,
        "6": 0.3623221218585968,
        "7": 0.36082082986831665,
        "8": 0.3604320287704468,
        "9": 0.35867559909820557
    },
    "352": {
        "0": 0.3843002915382385,
        "1": 0.3766286075115204,
        "2": 0.3692397475242615,
        "3": 0.3654005229473114,
        "4": 0.3633894920349121,
        "5": 0.3613984286785126,