{
    "0": {
        "0": 0.3538001477718353,
        "1": 0.35367193818092346,
        "2": 0.3534235954284668,
        "3": 0.35304802656173706,
        "4": 0.35117796063423157,
        "5": 0.34991171956062317,
        "6": 0.3491777181625366,
        "7": 0.34786543250083923,
        "8": 0.3468282222747803,
        "9": 0.3441460132598877
    },
    "16": {
        "0": 0.3571774959564209,
        "1": 0.35632842779159546,
        "2": 0.35624033212661743,
        "3": 0.3540492355823517,
        "4": 0.3539392054080963,
        "5": 0.3526028096675873,
        "6": 0.35111069679260254,
        "7": 0.3486298620700836,
        "8": 0.34806036949157715,
        "9": 0.347879022359848
    },
    "32": {
        "0": 0.3534047603607178,
        "1": 0.3533525764942169,
        "2": 0.35257887840270996,
        "3": 0.3508748412132263,
        "4": 0.350521981716156,
        "5": 0.349468469619751,
        "6": 0.3471207320690155,
        "7": 0.34503909945487976,
        "8": 0.3447906970977783,
        "9": 0.34405839443206787
    },
    "48": {
        "0": 0.3550058603286743,
        "1": 0.35446906089782715,
        "2": 0.35344377160072327,
        "3": 0.3524589538574219,
        "4": 0.3521328270435333,
        "5": 0.3518262505531311,
        "6": 0.349042147397995,
        "7": 0.34696564078330994,
        "8": 0.34658676385879517,
        "9": 0.3464498519897461
    },
    "64": {
        "0": 0.3580777943134308,
        "1": 0.35805922746658325,
        "2": 0.35687243938446045,
        "3": 0.35519859194755554,
        "4": 0.3535670340061188,
        "5": 0.351630836725235,
        "6": 0.3494519293308258,
        "7": 0.34863224625587463,
        "8": 0.34661370515823364,
        "9": 0.34659087657928467
    },
    "80": {
        "0": 0.35730254650115967,
        "1": 0.35607779026031494,
        "2": 0.35540834069252014,
        "3": 0.3542051911354065,
        "4": 0.3517361879348755,
        "5": 0.35144785046577454,
        "6": 0.3488735258579254,
        "7": 0.34810876846313477,
        "8": 0.34668397903442383,
        "9": 0.34646522998809814
    },
    "96": {
        "0": 0.3504474461078644,
        "1": 0.3498128056526184,
        "2": 0.3492045998573303,
        "3": 0.34747350215911865,
        "4": 0.3460496962070465,
        "5": 0.3441809415817261,
        "6": 0.34227144718170166,
        "7": 0.34099408984184265,
        "8": 0.3406660854816437,
        "9": 0.3390916883945465
    },
    "112": {
        "0": 0.3507177233695984,
        "1": 0.3504977226257324,
        "2": 0.3496672809123993,
        "3": 0.34780699014663696,
        "4": 0.34699392318725586,
        "5": 0.3467118740081787,
        "6": 0.3439956605434418,
        "7": 0.34239840507507324,
        "8": 0.3421938717365265,
        "9": 0.3417186737060547
    },
    "128": {
        "0": 0.3562868535518646,
        "1": 0.35608556866645813,
        "2": 0.3554547429084778,
        "3": 0.35317113995552063,
        "4": 0.35203245282173157,
        "5": 0.34929078817367554,
        "6": 0.34673506021499634,
        "7": 0.3466593027114868,
        "8": 0.3448173403739929,
        "9": 0.3440716564655304
    },
    "144": {
        "0": 0.358174204826355,
        "1": 0.3577888607978821,
        "2": 0.35723334550857544,
        "3": 0.35530662536621094,
        "4": 0.3544762432575226,
        "5": 0.3543907403945923,
        "6": 0.35178256034851074,
        "7": 0.351169228553772,
        "8": 0.3486391007900238,
        "9": 0.3480900824069977
    },
    "160": {
        "0": 0.35762593150138855,
        "1": 0.35749247670173645,
        "2": 0.3570486307144165,
        "3": 0.3555522561073303,
        "4": 0.35484832525253296,
        "5": 0.3532736599445343,
        "6": 0.3530988395214081,
        "7": 0.35285845398902893,
        "8": 0.35103848576545715,
        "9": 0.3507641553878784
    },
    "176": {
        "0": 0.36207255721092224,
        "1": 0.3617626428604126,
        "2": 0.3609548807144165,
        "3": 0.35932040214538574,
        "4": 0.3589203655719757,
        "5": 0.35653364658355713,
        "6": 0.35412901639938354,
        "7": 0.3525739908218384,
        "8": 0.3519647419452667,
        "9": 0.35149508714675903
    },
    "192": {
        "0": 0.3528851270675659,
        "1": 0.35244929790496826,
        "2": 0.35206955671310425,
        "3": 0.3498869240283966,
        "4": 0.3492482900619507,
        "5": 0.3487394154071808,
        "6": 0.34824955463409424,
        "7": 0.34752631187438965,
        "8": 0.3442133069038391,
        "9": 0.34389570355415344
    },
    "208": {
        "0": 0.360579252243042,
        "1": 0.359992653131485,
        "2": 0.3586094081401825,
        "3": 0.3577289581298828,
        "4": 0.35715070366859436,
        "5": 0.35670387744903564,
        "6": 0.35620641708374023,
        "7": 0.3543477952480316,
        "8": 0.35200291872024536,
        "9": 0.35188499093055725
    },
    "224": {
        "0": 0.35569292306900024,
        "1": 0.3550106883049011,
        "2": 0.3546353876590729,
        "3": 0.352885901927948,
        "4": 0.35208675265312195,
        "5": 0.35201311111450195,
        "6": 0.34994903206825256,
        "7": 0.34906357526779175,
        "8": 0.346710741519928,
        "9": 0.34625157713890076
    },
    "240": {
        "0": 0.35486188530921936,
        "1": 0.35478758811950684,
        "2": 0.35457924008369446,
        "3": 0.35449057817459106,
        "4": 0.352261483669281,
        "5": 0.35216718912124634,
        "6": 0.3520767390727997,
        "7": 0.35138314962387085,
        "8": 0.3490254282951355,
        "9": 0.3487158715724945
    },
    "256": {
        "0": 0.3540555238723755,
        "1": 0.3526109755039215,
        "2": 0.35242679715156555,
        "3": 0.3524017035961151,
        "4": 0.35141026973724365,
        "5": 0.3511561155319214,
        "6": 0.35001134872436523,
        "7": 0.34989863634109497,
        "8": 0.34814900159835815,
        "9": 0.34797272086143494
    },
    "272": {
        "0": 0.35756298899650574,
        "1": 0.3572833240032196,
        "2": 0.3565758168697357,
        "3": 0.3563106060028076,
        "4": 0.35493189096450806,
        "5": 0.35464516282081604,
        "6": 0.353149950504303,
        "7": 0.3526996672153473,
        "8": 0.350724995136261,
        "9": 0.3506096303462982
    },
    "288": {
        "0": 0.3581313192844391,
        "1": 0.35803478956222534,
        "2": 0.3576779365539551,
        "3": 0.35763826966285706,
        "4": 0.3551948368549347,
        "5": 0.3549266755580902,
        "6": 0.35438209772109985,
        "7": 0.3543347120285034,
        "8": 0.35181981325149536,
        "9": 0.3516821563243866
    },
    "304": {
        "0": 0.3580043911933899,
        "1": 0.357399582862854,
        "2": 0.3567045331001282,
        "3": 0.35519275069236755,
        "4": 0.35496148467063904,
        "5": 0.35438796877861023,
        "6": 0.35356178879737854,
        "7": 0.35169148445129395,
        "8": 0.35108041763305664,
        "9": 0.35054776072502136
    },
    "320": {
        "0": 0.3618331253528595,
        "1": 0.3613201677799225,
        "2": 0.36022305488586426,
        "3": 0.35921552777290344,
        "4": 0.3591453731060028,
        "5": 0.3577726483345032,
        "6": 0.356513112783432,
        "7": 0.35511350631713867,
        "8": 0.35320842266082764,
        "9": 0.3527452051639557
    },
    "336": {
        "0": 0.3588484227657318,
        "1": 0.3576369285583496,
        "2": 0.357538640499115,
        "3": 0.3569364845752716,
        "4": 0.35605570673942566,
        "5": 0.35431748628616333,
        "6": 0.3539701998233795,
        "7": 0.35227397084236145,
        "8": 0.3511572778224945,
        "9": 0.3507876992225647
    },
    "352": {
        "0": 0.3601822257041931,
        "1": 0.3593505322933197,
        "2": 0.35830456018447876,
        "3": 0.3581692576408386,
        "4": 0.3574993312358856,
        "5": 0.3559032380580902,