{
    "0": {
        "0": 0.3806493878364563,
        "1": 0.37503379583358765,
        "2": 0.3412605822086334,
        "3": 0.3410664498806,
        "4": 0.3379781246185303,
        "5": 0.3340406119823456,
        "6": 0.33330127596855164,
        "7": 0.33271580934524536,
        "8": 0.3085147440433502,
        "9": 0.3083034157752991
    },
    "16": {
        "0": 0.37525635957717896,
        "1": 0.3652116060256958,
        "2": 0.3308825194835663,
        "3": 0.3289107382297516,
        "4": 0.32781463861465454,
        "5": 0.32412612438201904,
        "6": 0.3236566185951233,
        "7": 0.32247117161750793,
        "8": 0.30000436305999756,
        "9": 0.2980320453643799
    },
    "32": {
        "0": 0.38068947196006775,
        "1": 0.37275978922843933,
        "2": 0.34072256088256836,
        "3": 0.3371058702468872,
        "4": 0.3367711007595062,
        "5": 0.33238205313682556,
        "6": 0.3322336673736572,
        "7": 0.3320855498313904,
        "8": 0.3064672648906708,
        "9": 0.3053041696548462
    },
    "48": {
        "0": 0.37504905462265015,
        "1": 0.3680395781993866,
        "2": 0.3350069522857666,
        "3": 0.3310323655605316,
        "4": 0.33080583810806274,
        "5": 0.3285994231700897,
        "6": 0.32738393545150757,
        "7": 0.32678163051605225,
        "8": 0.30115607380867004,
        "9": 0.30023491382598877
    },
    "64": {
        "0": 0.37968358397483826,
        "1": 0.37717771530151367,
        "2": 0.3521066904067993,
        "3": 0.3479307293891907,
        "4": 0.3472970724105835,
        "5": 0.34488731622695923,
        "6": 0.34419047832489014,
        "7": 0.3407374322414398,
        "8": 0.3259514570236206,
        "9": 0.3188503682613373
    },
    "80": {
        "0": 0.384794682264328,
        "1": 0.3829346001148224,
        "2": 0.35452544689178467,
        "3": 0.35308682918548584,
        "4": 0.3501262962818146,
        "5": 0.34910809993743896,
        "6": 0.34871914982795715,
        "7": 0.34536483883857727,
        "8": 0.3311086595058441,
        "9": 0.32508614659309387
    },
    "96": {
        "0": 0.369453489780426,
        "1": 0.3635646402835846,
        "2": 0.3315347135066986,
        "3": 0.33120355010032654,
        "4": 0.32760027050971985,
        "5": 0.32681530714035034,
        "6": 0.3255879282951355,
        "7": 0.32309046387672424,
        "8": 0.3040372431278229,
        "9": 0.29665639996528625
    },
    "112": {
        "0": 0.3856268525123596,
        "1": 0.38381385803222656,
        "2": 0.35920172929763794,
        "3": 0.3543849587440491,
        "4": 0.35108691453933716,
        "5": 0.34850627183914185,
        "6": 0.34757092595100403,
        "7": 0.34683507680892944,
        "8": 0.3322783410549164,
        "9": 0.3287542164325714
    },
    "128": {
        "0": 0.3764173686504364,
        "1": 0.3750991225242615,
        "2": 0.3422691524028778,
        "3": 0.34138843417167664,
        "4": 0.33911260962486267,
        "5": 0.33780843019485474,
        "6": 0.3348231613636017,
        "7": 0.33350875973701477,
        "8": 0.31368786096572876,
        "9": 0.30649539828300476
    },
    "144": {
        "0": 0.3712088167667389,
        "1": 0.36760213971138,
        "2": 0.3391793370246887,
        "3": 0.3360391855239868,
        "4": 0.3333095610141754,
        "5": 0.33327630162239075,
        "6": 0.3310336470603943,
        "7": 0.33044731616973877,
        "8": 0.31283655762672424,
        "9": 0.3078821301460266
    },
    "160": {
        "0": 0.3855626583099365,
        "1": 0.38103216886520386,
        "2": 0.36455270648002625,
        "3": 0.3536655008792877,
        "4": 0.35101285576820374,
        "5": 0.349301815032959,
        "6": 0.3479517698287964,
        "7": 0.34596434235572815,
        "8": 0.3384304940700531,
        "9": 0.3337998390197754
    },
    "176": {
        "0": 0.3659053146839142,
        "1": 0.36196860671043396,
        "2": 0.34013354778289795,
        "3": 0.33475732803344727,
        "4": 0.3313211500644684,
        "5": 0.33125483989715576,
        "6": 0.33115726709365845,
        "7": 0.3296734094619751,
        "8": 0.3272514343261719,
        "9": 0.3197427988052368
    },
    "192": {
        "0": 0.37591850757598877,
        "1": 0.3622739911079407,
        "2": 0.3561946153640747,
        "3": 0.3472987711429596,
        "4": 0.3469010591506958,
        "5": 0.3442540764808655,
        "6": 0.34249627590179443,
        "7": 0.3420426547527313,
        "8": 0.3400944769382477,
        "9": 0.33689042925834656
    },
    "208": {
        "0": 0.37079066038131714,
        "1": 0.3608858287334442,
        "2": 0.3472495675086975,
        "3": 0.34461286664009094,
        "4": 0.3414245545864105,
        "5": 0.340827077627182,
        "6": 0.33925342559814453,
        "7": 0.33883219957351685,
        "8": 0.3371366262435913,
        "9": 0.33288058638572693
    },
    "224": {
        "0": 0.3720095753669739,
        "1": 0.3659956157207489,
        "2": 0.3478703796863556,
        "3": 0.346542090177536,
        "4": 0.34289947152137756,
        "5": 0.33960580825805664,
        "6": 0.33912569284439087,
        "7": 0.33728548884391785,
        "8": 0.3372398912906647,
        "9": 0.3367132544517517
    },
    "240": {
        "0": 0.37371423840522766,
        "1": 0.3674549162387848,
        "2": 0.34925153851509094,
        "3": 0.348860502243042,
        "4": 0.34080925583839417,
        "5": 0.3400377035140991,
        "6": 0.33995741605758667,
        "7": 0.33939000964164734,
        "8": 0.33750611543655396,
        "9": 0.33630427718162537
    },
    "256": {
        "0": 0.37399759888648987,
        "1": 0.373069703578949,
        "2": 0.35137057304382324,
        "3": 0.34780049324035645,
        "4": 0.3445777893066406,
        "5": 0.34403660893440247,
        "6": 0.3437477946281433,
        "7": 0.34270352125167847,
        "8": 0.3414197564125061,
        "9": 0.3409963846206665
    },
    "272": {
        "0": 0.37494921684265137,
        "1": 0.36467039585113525,
        "2": 0.35627710819244385,
        "3": 0.3469332456588745,
        "4": 0.3435589373111725,
        "5": 0.3419032692909241,
        "6": 0.3415088653564453,
        "7": 0.34134313464164734,
        "8": 0.34012430906295776,
        "9": 0.3346194624900818
    },
    "288": {
        "0": 0.37817272543907166,
        "1": 0.37546783685684204,
        "2": 0.35705915093421936,
        "3": 0.3524741530418396,
        "4": 0.34895971417427063,
        "5": 0.34853994846343994,
        "6": 0.3464532196521759,
        "7": 0.3462299704551697,
        "8": 0.34591948986053467,
        "9": 0.3450581133365631
    },
    "304": {
        "0": 0.38227900862693787,
        "1": 0.3728078007698059,
        "2": 0.36215412616729736,
        "3": 0.3547542095184326,
        "4": 0.34803441166877747,
        "5": 0.3479662835597992,
        "6": 0.3459915816783905,
        "7": 0.3459502160549164,
        "8": 0.34592577815055847,
        "9": 0.3449152112007141
    },
    "320": {
        "0": 0.37467920780181885,
        "1": 0.3667391538619995,
        "2": 0.3560374081134796,
        "3": 0.34850186109542847,
        "4": 0.3416975140571594,
        "5": 0.3411739766597748,
        "6": 0.34022948145866394,
        "7": 0.3393356502056122,
        "8": 0.3387242257595062,
        "9": 0.33854126930236816
    },
    "336": {
        "0": 0.3746372163295746,
        "1": 0.3608214855194092,
        "2": 0.3604225516319275,
        "3": 0.3469611704349518,
        "4": 0.3404957056045532,
        "5": 0.33843621611595154,
        "6": 0.3381340801715851,
        "7": 0.3380833566188812,
        "8": 0.3379769027233124,
        "9": 0.3331294357776642
    }
}