{
    "0": {
        "0": 0.3620408773422241,
        "1": 0.3591921627521515,
        "2": 0.3574761748313904,
        "3": 0.35607051849365234,
        "4": 0.35579997301101685,
        "5": 0.35392823815345764,
        "6": 0.35164496302604675,
        "7": 0.350146621465683,
        "8": 0.34953638911247253,
        "9": 0.34400635957717896
    },
    "16": {
        "0": 0.3667702078819275,
        "1": 0.3640499413013458,
        "2": 0.36326882243156433,
        "3": 0.3628900349140167,
        "4": 0.362852543592453,
        "5": 0.3623656928539276,
        "6": 0.3550035357475281,
        "7": 0.3537856340408325,
        "8": 0.35355302691459656,
        "9": 0.34718450903892517
    },
    "32": {
        "0": 0.3663889467716217,
        "1": 0.3640078902244568,
        "2": 0.36222410202026367,
        "3": 0.3621823191642761,
        "4": 0.3604423999786377,
        "5": 0.3584546744823456,
        "6": 0.35429510474205017,
        "7": 0.35428351163864136,
        "8": 0.3536495268344879,
        "9": 0.3486875593662262
    },
    "48": {
        "0": 0.36830517649650574,
        "1": 0.36764296889305115,
        "2": 0.36207297444343567,
        "3": 0.3593808114528656,
        "4": 0.3593226671218872,
        "5": 0.3586820960044861,
        "6": 0.35663190484046936,
        "7": 0.3559856116771698,
        "8": 0.35487672686576843,
        "9": 0.35271838307380676
    },
    "64": {
        "0": 0.3844681978225708,
        "1": 0.3811822235584259,
        "2": 0.38092660903930664,
        "3": 0.3802865445613861,
        "4": 0.3785575330257416,
        "5": 0.3782159090042114,
        "6": 0.3675577938556671,
        "7": 0.36621028184890747,
        "8": 0.365918904542923,
        "9": 0.36520451307296753
    },
    "80": {
        "0": 0.38387995958328247,
        "1": 0.3835922181606293,
        "2": 0.38123539090156555,
        "3": 0.3807564675807953,
        "4": 0.37777605652809143,
        "5": 0.3713862895965576,
        "6": 0.37002962827682495,
        "7": 0.3686560392379761,
        "8": 0.36781245470046997,
        "9": 0.36757245659828186
    },
    "96": {
        "0": 0.3723251223564148,
        "1": 0.3712044954299927,
        "2": 0.3653203547000885,
        "3": 0.3648565113544464,
        "4": 0.3638165593147278,
        "5": 0.3601951599121094,
        "6": 0.3593660593032837,
        "7": 0.35814210772514343,
        "8": 0.35721510648727417,
        "9": 0.3529931604862213
    },
    "112": {
        "0": 0.37694495916366577,
        "1": 0.3716796934604645,
        "2": 0.3706914186477661,
        "3": 0.3646206557750702,
        "4": 0.3645533621311188,
        "5": 0.3643897771835327,
        "6": 0.36260196566581726,
        "7": 0.3620797097682953,
        "8": 0.3572554290294647,
        "9": 0.35608285665512085
    },
    "128": {
        "0": 0.38038796186447144,
        "1": 0.37776631116867065,
        "2": 0.37046918272972107,
        "3": 0.3680911362171173,
        "4": 0.3666354715824127,
        "5": 0.366026908159256,
        "6": 0.3649980127811432,
        "7": 0.36426377296447754,
        "8": 0.36399132013320923,
        "9": 0.3632037043571472
    },
    "144": {
        "0": 0.384515643119812,
        "1": 0.3808199465274811,
        "2": 0.3726460933685303,
        "3": 0.37082919478416443,
        "4": 0.37031877040863037,
        "5": 0.3699916899204254,
        "6": 0.36845844984054565,
        "7": 0.36759310960769653,
        "8": 0.3652195334434509,
        "9": 0.3651841878890991
    },
    "160": {
        "0": 0.3856413662433624,
        "1": 0.3827992379665375,
        "2": 0.37782514095306396,
        "3": 0.37647759914398193,
        "4": 0.37632283568382263,
        "5": 0.3747664988040924,
        "6": 0.3745923638343811,
        "7": 0.3727911114692688,
        "8": 0.37236708402633667,
        "9": 0.37216678261756897
    },
    "176": {
        "0": 0.3860800862312317,
        "1": 0.382940411567688,
        "2": 0.3773564398288727,
        "3": 0.3763951361179352,
        "4": 0.3732360005378723,
        "5": 0.3720364272594452,
        "6": 0.3715272843837738,
        "7": 0.37055155634880066,
        "8": 0.3694056272506714,
        "9": 0.3690961003303528
    },
    "192": {
        "0": 0.3918212056159973,
        "1": 0.3884068727493286,
        "2": 0.38192060589790344,
        "3": 0.3796101212501526,
        "4": 0.3768397271633148,
        "5": 0.375260591506958,
        "6": 0.37468910217285156,
        "7": 0.3735901117324829,
        "8": 0.37347105145454407,
        "9": 0.3730997145175934
    },
    "208": {
        "0": 0.3991563022136688,
        "1": 0.39581137895584106,
        "2": 0.3921799063682556,
        "3": 0.39098381996154785,
        "4": 0.3896561563014984,
        "5": 0.38812941312789917,
        "6": 0.3872200846672058,
        "7": 0.3869090676307678,
        "8": 0.3847264349460602,
        "9": 0.3837103247642517
    },
    "224": {
        "0": 0.3959895372390747,
        "1": 0.394073486328125,
        "2": 0.388875812292099,
        "3": 0.3884684443473816,
        "4": 0.38614797592163086,
        "5": 0.3846380412578583,
        "6": 0.382412850856781,
        "7": 0.38191503286361694,
        "8": 0.38174208998680115,
        "9": 0.38097330927848816
    },
    "240": {
        "0": 0.3913987874984741,
        "1": 0.38887882232666016,
        "2": 0.38211143016815186,
        "3": 0.3803872764110565,
        "4": 0.37708401679992676,
        "5": 0.37599965929985046,
        "6": 0.3758155405521393,
        "7": 0.3750605583190918,
        "8": 0.37493881583213806,
        "9": 0.3745037615299225
    },
    "256": {
        "0": 0.3960611820220947,
        "1": 0.3943888247013092,
        "2": 0.38882869482040405,
        "3": 0.3868347406387329,
        "4": 0.38388070464134216,
        "5": 0.38301506638526917,
        "6": 0.3823682963848114,
        "7": 0.3799822926521301,
        "8": 0.3797372877597809,
        "9": 0.3788219392299652
    },
    "272": {
        "0": 0.4005672037601471,
        "1": 0.396677702665329,
        "2": 0.3907163739204407,
        "3": 0.3899343013763428,
        "4": 0.38628852367401123,
        "5": 0.3857990503311157,
        "6": 0.3850939869880676,
        "7": 0.38490739464759827,
        "8": 0.3834860622882843,
        "9": 0.3818705081939697
    },
    "288": {
        "0": 0.3872320353984833,
        "1": 0.3833480775356293,
        "2": 0.3801165223121643,
        "3": 0.37845897674560547,
        "4": 0.3742581903934479,
        "5": 0.37416398525238037,
        "6": 0.3733828365802765,
        "7": 0.3721178472042084,
        "8": 0.37181928753852844,
        "9": 0.3711838126182556
    },
    "304": {
        "0": 0.398543119430542,
        "1": 0.394120454788208,
        "2": 0.38917502760887146,
        "3": 0.3851148188114166,
        "4": 0.3841778635978699,
        "5": 0.3841649889945984,
        "6": 0.38346484303474426,
        "7": 0.38207244873046875,
        "8": 0.3820580244064331,
        "9": 0.38096126914024353
    },
    "320": {
        "0": 0.39100879430770874,
        "1": 0.3873741924762726,
        "2": 0.3848646879196167,
        "3": 0.3818642795085907,
        "4": 0.3799054026603699,
        "5": 0.3782450258731842,
        "6": 0.37673407793045044,
        "7": 0.376483291387558,
        "8": 0.37646564841270447,
        "9": 0.3753729462623596
    },
    "336": {
        "0": 0.3915744423866272,
        "1": 0.3893830478191376,
        "2": 0.38383105397224426,
        "3": 0.3817000389099121,
        "4": 0.37880682945251465,
        "5": 0.3782873749732971,
        "6": 0.376481294631958,
        "7": 0.37626397609710693,
        "8": 0.3747863471508026,
        "9": 0.374714195728302
    },
    "352": {
        "0": 0.39022085070610046,
        "1": 0.3875032961368561,
        "2": 0.38314443826675415,
        "3": 0.38270753622055054,
        "4": 0.37921324372291565,
        "5": 0.3790455758571625,
        "6": 0.377482533454895,