{
    "0": {
        "0": 0.39145809412002563,
        "1": 0.38086608052253723,
        "2": 0.37091559171676636,
        "3": 0.34260571002960205,
        "4": 0.30606794357299805,
        "5": -3.4028234663852886e+38,
        "6": -3.4028234663852886e+38,
        "7": -3.4028234663852886e+38,
        "8": -3.4028234663852886e+38,
        "9": -3.4028234663852886e+38
    },
    "16": {
        "0": 0.3891085982322693,
        "1": 0.3788549602031708,
        "2": 0.36969247460365295,
        "3": 0.33882564306259155,
        "4": 0.30439653992652893,
        "5": -3.4028234663852886e+38,
        "6": -3.4028234663852886e+38,
        "7": -3.4028234663852886e+38,
        "8": -3.4028234663852886e+38,
        "9": -3.4028234663852886e+38
    },
    "32": {
        "0": 0.3891085982322693,
        "1": 0.3788549602031708,
        "2": 0.36969247460365295,
        "3": 0.33882564306259155,
        "4": 0.30439653992652893,
        "5": -3.4028234663852886e+38,
        "6": -3.4028234663852886e+38,
        "7": -3.4028234663852886e+38,
        "8": -3.4028234663852886e+38,
        "9": -3.4028234663852886e+38
    },
    "48": {
        "0": 0.3891085982322693,
        "1": 0.3788549602031708,
        "2": 0.36969247460365295,
        "3": 0.33882564306259155,
        "4": 0.30439653992652893,
        "5": -3.4028234663852886e+38,
        "6": -3.4028234663852886e+38,
        "7": -3.4028234663852886e+38,
        "8": -3.4028234663852886e+38,
        "9": -3.4028234663852886e+38
    },
    "64": {
        "0": 0.3891085982322693,
        "1": 0.3788549602031708,
        "2": 0.36969247460365295,
        "3": 0.33882564306259155,
        "4": 0.30439653992652893,
        "5": -3.4028234663852886e+38,
        "6": -3.4028234663852886e+38,
        "7": -3.4028234663852886e+38,
        "8": -3.4028234663852886e+38,
        "9": -3.4028234663852886e+38
    },
    "80": {
        "0": 0.3891085982322693,
        "1": 0.3788549602031708,
        "2": 0.36969247460365295,
        "3": 0.33882564306259155,
        "4": 0.30439653992652893,
        "5": -3.4028234663852886e+38,
        "6": -3.4028234663852886e+38,
        "7": -3.4028234663852886e+38,
        "8": -3.4028234663852886e+38,
        "9": -3.4028234663852886e+38
    },
    "96": {
        "0": 0.3891085982322693,
        "1": 0.3788549602031708,
        "2": 0.36969247460365295,
        "3": 0.33882564306259155,
        "4": 0.30439653992652893,
        "5": -3.4028234663852886e+38,
        "6": -3.4028234663852886e+38,
        "7": -3.4028234663852886e+38,
        "8": -3.4028234663852886e+38,
        "9": -3.4028234663852886e+38
    },
    "112": {
        "0": 0.3891085982322693,
        "1": 0.3788549602031708,
        "2": 0.36969247460365295,
        "3": 0.33882564306259155,
        "4": 0.30439653992652893,
        "5": -3.4028234663852886e+38,
        "6": -3.4028234663852886e+38,
        "7": -3.4028234663852886e+38,
        "8": -3.4028234663852886e+38,
        "9": -3.4028234663852886e+38
    },
    "128": {
        "0": 0.3891085982322693,
        "1": 0.3788549602031708,
        "2": 0.36969247460365295,
        "3": 0.33882564306259155,
        "4": 0.30439653992652893,
        "5": -3.4028234663852886e+38,
        "6": -3.4028234663852886e+38,
        "7": -3.4028234663852886e+38,
        "8": -3.4028234663852886e+38,
        "9": -3.4028234663852886e+38
    },
    "144": {
        "0": 0.3891085982322693,
        "1": 0.3788549602031708,
        "2": 0.36969247460365295,
        "3": 0.33882564306259155,
        "4": 0.30439653992652893,
        "5": -3.4028234663852886e+38,
        "6": -3.4028234663852886e+38,
        "7": -3.4028234663852886e+38,
        "8": -3.4028234663852886e+38,
        "9": -3.4028234663852886e+38
    }
}