{
    "0": {
        "0": 0.3658125400543213,
        "1": 0.363665908575058,
        "2": 0.3635435402393341,
        "3": 0.3614785373210907,
        "4": 0.3602794408798218,
        "5": 0.3559599220752716,
        "6": 0.3493081033229828,
        "7": 0.33951687812805176,
        "8": 0.33951494097709656,
        "9": 0.33784452080726624
    },
    "16": {
        "0": 0.3708573579788208,
        "1": 0.36773157119750977,
        "2": 0.36771488189697266,
        "3": 0.3676387667655945,
        "4": 0.3639851212501526,
        "5": 0.3614354729652405,
        "6": 0.3484492897987366,
        "7": 0.3443549871444702,
        "8": 0.3394491672515869,
        "9": 0.3379104435443878
    },
    "32": {
        "0": 0.362811416387558,
        "1": 0.36221906542778015,
        "2": 0.36165937781333923,
        "3": 0.36112070083618164,
        "4": 0.3585168421268463,
        "5": 0.3546825051307678,
        "6": 0.3403174579143524,
        "7": 0.3377498388290405,
        "8": 0.3320724070072174,
        "9": 0.32996127009391785
    },
    "48": {
        "0": 0.3630967438220978,
        "1": 0.36092066764831543,
        "2": 0.3553778827190399,
        "3": 0.3537331521511078,
        "4": 0.35170724987983704,
        "5": 0.3492998778820038,
        "6": 0.334361732006073,
        "7": 0.33316275477409363,
        "8": 0.3253353238105774,
        "9": 0.3229905962944031
    },
    "64": {
        "0": 0.36281928420066833,
        "1": 0.3596836030483246,
        "2": 0.35638272762298584,
        "3": 0.35509026050567627,
        "4": 0.35260137915611267,
        "5": 0.3499583303928375,
        "6": 0.3361137807369232,
        "7": 0.3352261483669281,
        "8": 0.3270401656627655,
        "9": 0.3250747323036194
    },
    "80": {
        "0": 0.3630151152610779,
        "1": 0.3602122962474823,
        "2": 0.3589693307876587,
        "3": 0.35771575570106506,
        "4": 0.35532182455062866,
        "5": 0.35274651646614075,
        "6": 0.3384683132171631,
        "7": 0.335300087928772,
        "8": 0.32948628067970276,
        "9": 0.3287513256072998
    },
    "96": {
        "0": 0.3580324053764343,
        "1": 0.35652247071266174,
        "2": 0.3533424437046051,
        "3": 0.35327979922294617,
        "4": 0.35191428661346436,
        "5": 0.3474072813987732,
        "6": 0.3342955708503723,
        "7": 0.3333318829536438,
        "8": 0.327226459980011,
        "9": 0.3269413709640503
    },
    "112": {
        "0": 0.35694894194602966,
        "1": 0.35625067353248596,
        "2": 0.35114651918411255,
        "3": 0.35095587372779846,
        "4": 0.3492772877216339,
        "5": 0.3433828055858612,
        "6": 0.3313428461551666,
        "7": 0.32977476716041565,
        "8": 0.3292698562145233,
        "9": 0.326050341129303
    },
    "128": {
        "0": 0.3584532141685486,
        "1": 0.35822799801826477,
        "2": 0.35059577226638794,
        "3": 0.3505605459213257,
        "4": 0.3489059507846832,
        "5": 0.3432247042655945,
        "6": 0.32991254329681396,
        "7": 0.32963791489601135,
        "8": 0.32943326234817505,
        "9": 0.32479265332221985
    },
    "144": {
        "0": 0.35792869329452515,
        "1": 0.3576129376888275,
        "2": 0.3510475158691406,
        "3": 0.35049736499786377,
        "4": 0.3496345281600952,
        "5": 0.34349265694618225,
        "6": 0.33004632592201233,
        "7": 0.3295341730117798,
        "8": 0.3289943337440491,
        "9": 0.32472729682922363
    },
    "160": {
        "0": 0.3608000576496124,
        "1": 0.3600049614906311,
        "2": 0.3556744456291199,
        "3": 0.35518863797187805,
        "4": 0.353414922952652,
        "5": 0.3469991981983185,
        "6": 0.3339405953884125,
        "7": 0.33388999104499817,
        "8": 0.33217594027519226,
        "9": 0.32853856682777405
    },
    "176": {
        "0": 0.3594854474067688,
        "1": 0.35866186022758484,
        "2": 0.3542962670326233,
        "3": 0.35392671823501587,
        "4": 0.35220324993133545,
        "5": 0.3458443284034729,
        "6": 0.3323363959789276,
        "7": 0.3322831988334656,
        "8": 0.3304438591003418,
        "9": 0.32681599259376526
    },
    "192": {
        "0": 0.3587786853313446,
        "1": 0.35858747363090515,
        "2": 0.35356730222702026,
        "3": 0.35288122296333313,
        "4": 0.35132572054862976,
        "5": 0.34471938014030457,
        "6": 0.3317827582359314,
        "7": 0.33085504174232483,
        "8": 0.32932934165000916,
        "9": 0.32619062066078186
    },
    "208": {
        "0": 0.3633441627025604,
        "1": 0.36080458760261536,
        "2": 0.35819748044013977,
        "3": 0.35688573122024536,
        "4": 0.3567120432853699,
        "5": 0.34982362389564514,
        "6": 0.3373156189918518,
        "7": 0.33524370193481445,
        "8": 0.3308600187301636,
        "9": 0.32958871126174927
    },
    "224": {
        "0": 0.3600226044654846,
        "1": 0.3586868941783905,
        "2": 0.35776177048683167,
        "3": 0.35549312829971313,
        "4": 0.3536071181297302,
        "5": 0.35187047719955444,
        "6": 0.3413558602333069,
        "7": 0.3342607617378235,
        "8": 0.3274306654930115,
        "9": 0.3251391053199768
    },
    "240": {
        "0": 0.36344242095947266,
        "1": 0.3623080849647522,
        "2": 0.3604741394519806,
        "3": 0.3583917021751404,
        "4": 0.3573009669780731,
        "5": 0.35421034693717957,
        "6": 0.345451682806015,
        "7": 0.3420821726322174,
        "8": 0.33439719676971436,
        "9": 0.3323929011821747
    },
    "256": {
        "0": 0.36411580443382263,
        "1": 0.3631877899169922,
        "2": 0.36200931668281555,
        "3": 0.35910558700561523,
        "4": 0.35802629590034485,
        "5": 0.35733097791671753,
        "6": 0.3448735177516937,
        "7": 0.3407032787799835,
        "8": 0.33290231227874756,
        "9": 0.33120501041412354
    },
    "272": {
        "0": 0.36208575963974,
        "1": 0.3604612648487091,
        "2": 0.3583522140979767,
        "3": 0.35824084281921387,
        "4": 0.3551318049430847,
        "5": 0.3549671173095703,
        "6": 0.3406590223312378,
        "7": 0.3401859998703003,
        "8": 0.33090439438819885,
        "9": 0.3305310010910034
    },
    "288": {
        "0": 0.36154600977897644,
        "1": 0.3589487373828888,
        "2": 0.3560143709182739,
        "3": 0.3542653024196625,
        "4": 0.3537113666534424,
        "5": 0.3510974943637848,
        "6": 0.3398793041706085,
        "7": 0.3350367546081543,
        "8": 0.3314676880836487,
        "9": 0.330641508102417
    },
    "304": {
        "0": 0.36886343359947205,
        "1": 0.36764681339263916,
        "2": 0.36511659622192383,
        "3": 0.3648359179496765,
        "4": 0.3638059198856354,
        "5": 0.35847029089927673,
        "6": 0.3468394875526428,
        "7": 0.3397715091705322,
        "8": 0.3376235365867615,
        "9": 0.33637523651123047
    }
}