{
    "0": {
        "0": 0.35743212699890137,
        "1": 0.35356205701828003,
        "2": 0.3483528792858124,
        "3": 0.34585505723953247,
        "4": 0.34119510650634766,
        "5": 0.34012770652770996,
        "6": 0.33626776933670044,
        "7": 0.3345552682876587,
        "8": 0.3333510458469391,
        "9": 0.333350270986557
    },
    "16": {
        "0": 0.3569045066833496,
        "1": 0.3526901602745056,
        "2": 0.34707796573638916,
        "3": 0.3460595905780792,
        "4": 0.3391166627407074,
        "5": 0.3391105830669403,
        "6": 0.3342052102088928,
        "7": 0.33398547768592834,
        "8": 0.333003968000412,
        "9": 0.33143672347068787
    },
    "32": {
        "0": 0.3619515597820282,
        "1": 0.35696694254875183,
        "2": 0.3507545292377472,
        "3": 0.3498798906803131,
        "4": 0.3442247211933136,
        "5": 0.3439095914363861,
        "6": 0.3392554521560669,
        "7": 0.3374941051006317,
        "8": 0.3365342915058136,
        "9": 0.3351227939128876
    },
    "48": {
        "0": 0.35715004801750183,
        "1": 0.3523552417755127,
        "2": 0.3448813855648041,
        "3": 0.3447113633155823,
        "4": 0.34040671586990356,
        "5": 0.33834415674209595,
        "6": 0.3353252410888672,
        "7": 0.334600567817688,
        "8": 0.3329881429672241,
        "9": 0.33276796340942383
    },
    "64": {
        "0": 0.353387713432312,
        "1": 0.34917151927948,
        "2": 0.34195882081985474,
        "3": 0.3414418399333954,
        "4": 0.3359258472919464,
        "5": 0.33573588728904724,
        "6": 0.3316889703273773,
        "7": 0.33149904012680054,
        "8": 0.32878708839416504,
        "9": 0.3280410170555115
    },
    "80": {
        "0": 0.3539087772369385,
        "1": 0.3494407534599304,
        "2": 0.3421400785446167,
        "3": 0.34154462814331055,
        "4": 0.33680546283721924,
        "5": 0.33571258187294006,
        "6": 0.331287145614624,
        "7": 0.3307783901691437,
        "8": 0.32877787947654724,
        "9": 0.32872429490089417
    },
    "96": {
        "0": 0.3549535870552063,
        "1": 0.3502082824707031,
        "2": 0.34469810128211975,
        "3": 0.34279730916023254,
        "4": 0.33870625495910645,
        "5": 0.3384937047958374,
        "6": 0.3336789608001709,
        "7": 0.332710862159729,
        "8": 0.3309852182865143,
        "9": 0.32956454157829285
    },
    "112": {
        "0": 0.3557218611240387,
        "1": 0.3505763113498688,
        "2": 0.3480813801288605,
        "3": 0.34414437413215637,
        "4": 0.3413654863834381,
        "5": 0.3409377932548523,
        "6": 0.33648788928985596,
        "7": 0.3345448672771454,
        "8": 0.33370617032051086,
        "9": 0.33263516426086426
    },
    "128": {
        "0": 0.35746216773986816,
        "1": 0.35148319602012634,
        "2": 0.35070526599884033,
        "3": 0.34595245122909546,
        "4": 0.3438897132873535,
        "5": 0.3425847887992859,
        "6": 0.338289737701416,
        "7": 0.336436003446579,
        "8": 0.3355485796928406,
        "9": 0.33302024006843567
    },
    "144": {
        "0": 0.3580920100212097,
        "1": 0.35230401158332825,
        "2": 0.35023629665374756,
        "3": 0.34630218148231506,
        "4": 0.3429471254348755,
        "5": 0.3406757414340973,
        "6": 0.3393879532814026,
        "7": 0.33651861548423767,
        "8": 0.3355441689491272,
        "9": 0.332927942276001
    },
    "160": {
        "0": 0.3644423484802246,
        "1": 0.3589981496334076,
        "2": 0.3569580316543579,
        "3": 0.3527408838272095,
        "4": 0.35053732991218567,
        "5": 0.348897248506546,
        "6": 0.34462377429008484,
        "7": 0.3415922522544861,
        "8": 0.3401072025299072,
        "9": 0.3397448658943176
    },
    "176": {
        "0": 0.3626808524131775,
        "1": 0.3564544916152954,
        "2": 0.35573068261146545,
        "3": 0.35172417759895325,
        "4": 0.34964385628700256,
        "5": 0.347233384847641,
        "6": 0.34405791759490967,
        "7": 0.3410724997520447,
        "8": 0.3400372266769409,
        "9": 0.34002745151519775
    },
    "192": {
        "0": 0.3556135892868042,
        "1": 0.34898319840431213,
        "2": 0.3476445972919464,
        "3": 0.34248942136764526,
        "4": 0.34068790078163147,
        "5": 0.3349255323410034,
        "6": 0.33416929841041565,
        "7": 0.33126014471054077,
        "8": 0.3310767412185669,
        "9": 0.32924479246139526
    },
    "208": {
        "0": 0.3503020107746124,
        "1": 0.3432561457157135,
        "2": 0.3396044671535492,
        "3": 0.33737942576408386,
        "4": 0.33707195520401,
        "5": 0.3319861888885498,
        "6": 0.3307904303073883,
        "7": 0.3284584879875183,
        "8": 0.3252984583377838,
        "9": 0.32305583357810974
    },
    "224": {
        "0": 0.34180521965026855,
        "1": 0.336015522480011,
        "2": 0.332665354013443,
        "3": 0.3279629945755005,
        "4": 0.32255345582962036,
        "5": 0.32082119584083557,
        "6": 0.31888797879219055,
        "7": 0.31728506088256836,
        "8": 0.31662267446517944,
        "9": 0.3143720030784607
    },
    "240": {
        "0": 0.33402368426322937,
        "1": 0.3280930817127228,
        "2": 0.3221297860145569,
        "3": 0.3216169774532318,
        "4": 0.31273624300956726,
        "5": 0.31156763434410095,
        "6": 0.3088776767253876,
        "7": 0.30799490213394165,
        "8": 0.3074841797351837,
        "9": 0.3064441382884979
    },
    "256": {
        "0": 0.3407076895236969,
        "1": 0.33492085337638855,
        "2": 0.33218106627464294,
        "3": 0.32841968536376953,
        "4": 0.3283638656139374,
        "5": 0.32498008012771606,
        "6": 0.32282754778862,
        "7": 0.31946152448654175,
        "8": 0.3190014660358429,
        "9": 0.3167063891887665
    },
    "272": {
        "0": 0.33375105261802673,
        "1": 0.32777032256126404,
        "2": 0.3242579698562622,
        "3": 0.32035014033317566,
        "4": 0.31541556119918823,
        "5": 0.31325358152389526,
        "6": 0.31202277541160583,
        "7": 0.31128808856010437,
        "8": 0.3103410303592682,
        "9": 0.308115690946579
    },
    "288": {
        "0": 0.33602944016456604,
        "1": 0.32926103472709656,
        "2": 0.3286098539829254,
        "3": 0.32147103548049927,
        "4": 0.31915152072906494,
        "5": 0.31597572565078735,
        "6": 0.31446152925491333,
        "7": 0.3137439489364624,
        "8": 0.31348153948783875,
        "9": 0.30922946333885193
    },
    "304": {
        "0": 0.3375674784183502,
        "1": 0.3297853469848633,
        "2": 0.32656246423721313,
        "3": 0.3215108811855316,
        "4": 0.32116109132766724,
        "5": 0.31553027033805847,
        "6": 0.31508275866508484,
        "7": 0.31359177827835083,
        "8": 0.3132619559764862,
        "9": 0.3120281994342804
    },
    "320": {
        "0": 0.33366215229034424,
        "1": 0.3271235525608063,
        "2": 0.32493337988853455,
        "3": 0.3199642598628998,
        "4": 0.31971704959869385,
        "5": 0.3136146664619446,
        "6": 0.31354519724845886,
        "7": 0.3131108283996582,
        "8": 0.3109879791736603,
        "9": 0.30793997645378113
    },
    "336": {
        "0": 0.3337464928627014,
        "1": 0.3260151445865631,
        "2": 0.323894202709198,
        "3": 0.32012176513671875,
        "4": 0.31840139627456665,
        "5": 0.313884437084198,
        "6": 0.3136676847934723,
        "7": 0.3120913505554199,
        "8": 0.31165018677711487,
        "9": 0.306774377822876
    },
    "352": {
        "0": 0.3352072536945343,
        "1": 0.3264494836330414,
        "2": 0.3264124393463135,
        "3": 0.3204260468482971,
        "4": 0.3201743960380554,
        "5": 0.3157087564468384,
        "6": 0.3154509365558624,