{
    "0": {
        "0": 0.365689218044281,
        "1": 0.3631478548049927,
        "2": 0.36189770698547363,
        "3": 0.3560240864753723,
        "4": 0.3482413589954376,
        "5": 0.34685567021369934,
        "6": 0.3464879095554352,
        "7": 0.34305110573768616,
        "8": 0.3429683744907379,
        "9": 0.3429342210292816
    },
    "16": {
        "0": 0.36586061120033264,
        "1": 0.36284685134887695,
        "2": 0.3613792061805725,
        "3": 0.35530492663383484,
        "4": 0.34744367003440857,
        "5": 0.3468450903892517,
        "6": 0.3446630835533142,
        "7": 0.3412550389766693,
        "8": 0.33913707733154297,
        "9": 0.33904168009757996
    },
    "32": {
        "0": 0.36723563075065613,
        "1": 0.3650057911872864,
        "2": 0.363802433013916,
        "3": 0.35539141297340393,
        "4": 0.35150375962257385,
        "5": 0.35010531544685364,
        "6": 0.3486786484718323,
        "7": 0.34843504428863525,
        "8": 0.3472311198711395,
        "9": 0.34521499276161194
    },
    "48": {
        "0": 0.3593161404132843,
        "1": 0.3572804629802704,
        "2": 0.35599157214164734,
        "3": 0.3502453863620758,
        "4": 0.34280306100845337,
        "5": 0.34191006422042847,
        "6": 0.3403018116950989,
        "7": 0.33980536460876465,
        "8": 0.3393920660018921,
        "9": 0.33825796842575073
    },
    "64": {
        "0": 0.3669278621673584,
        "1": 0.36437737941741943,
        "2": 0.36080771684646606,
        "3": 0.35883140563964844,
        "4": 0.34932270646095276,
        "5": 0.3477517366409302,
        "6": 0.34317487478256226,
        "7": 0.34122639894485474,
        "8": 0.3392890691757202,
        "9": 0.33454352617263794
    },
    "80": {
        "0": 0.36252647638320923,
        "1": 0.3593711853027344,
        "2": 0.3568234145641327,
        "3": 0.3554752469062805,
        "4": 0.34414389729499817,
        "5": 0.3421093821525574,
        "6": 0.3398418724536896,
        "7": 0.33638331294059753,
        "8": 0.33516615629196167,
        "9": 0.3350776433944702
    },
    "96": {
        "0": 0.36434128880500793,
        "1": 0.36194464564323425,
        "2": 0.35759231448173523,
        "3": 0.3564513623714447,
        "4": 0.3491881489753723,
        "5": 0.34736016392707825,
        "6": 0.33959683775901794,
        "7": 0.3395288586616516,
        "8": 0.3385244607925415,
        "9": 0.3306736648082733
    },
    "112": {
        "0": 0.3644062876701355,
        "1": 0.36156386137008667,
        "2": 0.35896387696266174,
        "3": 0.35623615980148315,
        "4": 0.3467879593372345,
        "5": 0.345869243144989,
        "6": 0.3430255055427551,
        "7": 0.3399962782859802,
        "8": 0.3394213318824768,
        "9": 0.33039551973342896
    },
    "128": {
        "0": 0.3651617765426636,
        "1": 0.36273589730262756,
        "2": 0.3592792749404907,
        "3": 0.3581327199935913,
        "4": 0.3477831184864044,
        "5": 0.3465740382671356,
        "6": 0.34584930539131165,
        "7": 0.3403560519218445,
        "8": 0.33986949920654297,
        "9": 0.3311251401901245
    },
    "144": {
        "0": 0.36576807498931885,
        "1": 0.36279457807540894,
        "2": 0.35996925830841064,
        "3": 0.35736677050590515,
        "4": 0.3472640812397003,
        "5": 0.3458361029624939,
        "6": 0.34442567825317383,
        "7": 0.33962589502334595,
        "8": 0.3395008444786072,
        "9": 0.33134469389915466
    },
    "160": {
        "0": 0.37034738063812256,
        "1": 0.36731529235839844,
        "2": 0.36299797892570496,
        "3": 0.36137527227401733,
        "4": 0.3528962731361389,
        "5": 0.3514379560947418,
        "6": 0.3454977869987488,
        "7": 0.3423425853252411,
        "8": 0.3394243121147156,
        "9": 0.3351220190525055
    },
    "176": {
        "0": 0.36758220195770264,
        "1": 0.36370253562927246,
        "2": 0.36065346002578735,
        "3": 0.3577549159526825,
        "4": 0.3488228917121887,
        "5": 0.346827894449234,
        "6": 0.3459652364253998,
        "7": 0.34078294038772583,
        "8": 0.3400665521621704,
        "9": 0.33474230766296387
    },
    "192": {
        "0": 0.3702121376991272,
        "1": 0.3662613332271576,
        "2": 0.3631949722766876,
        "3": 0.36078640818595886,
        "4": 0.3529082238674164,
        "5": 0.35126110911369324,
        "6": 0.3458036184310913,
        "7": 0.34366077184677124,
        "8": 0.3394322991371155,
        "9": 0.33554795384407043
    },
    "208": {
        "0": 0.3628186881542206,
        "1": 0.3594881594181061,
        "2": 0.35657799243927,
        "3": 0.35657376050949097,
        "4": 0.3434315025806427,
        "5": 0.3426111340522766,
        "6": 0.34131404757499695,
        "7": 0.3363604247570038,
        "8": 0.33620506525039673,
        "9": 0.3291665017604828
    },
    "224": {
        "0": 0.3747130036354065,
        "1": 0.37000513076782227,
        "2": 0.36647436022758484,
        "3": 0.36349523067474365,
        "4": 0.3566334843635559,
        "5": 0.35355305671691895,
        "6": 0.35077401995658875,
        "7": 0.34537941217422485,
        "8": 0.34423667192459106,
        "9": 0.3408530354499817
    },
    "240": {
        "0": 0.3752901554107666,
        "1": 0.37004122138023376,
        "2": 0.3686334490776062,
        "3": 0.36550378799438477,
        "4": 0.35687771439552307,
        "5": 0.35342100262641907,
        "6": 0.3479883372783661,
        "7": 0.346917062997818,
        "8": 0.34206753969192505,
        "9": 0.33741235733032227
    },
    "256": {
        "0": 0.3734125792980194,
        "1": 0.370608389377594,
        "2": 0.3655868470668793,
        "3": 0.36102724075317383,
        "4": 0.3526555895805359,
        "5": 0.3505264222621918,
        "6": 0.3458665609359741,
        "7": 0.34250617027282715,
        "8": 0.34232181310653687,
        "9": 0.3390500843524933
    },
    "272": {
        "0": 0.37177538871765137,
        "1": 0.36763083934783936,
        "2": 0.36298003792762756,
        "3": 0.36137235164642334,
        "4": 0.35297390818595886,
        "5": 0.34931039810180664,
        "6": 0.34675511717796326,
        "7": 0.34276971220970154,
        "8": 0.3424668610095978,
        "9": 0.3378084897994995
    },
    "288": {
        "0": 0.37288898229599,
        "1": 0.3701775074005127,
        "2": 0.365210622549057,
        "3": 0.361544668674469,
        "4": 0.35480570793151855,
        "5": 0.3522367477416992,
        "6": 0.3451163172721863,
        "7": 0.3440300524234772,
        "8": 0.3422377407550812,
        "9": 0.33728834986686707
    },
    "304": {
        "0": 0.3725011646747589,
        "1": 0.36817172169685364,
        "2": 0.36466675996780396,
        "3": 0.3610188961029053,
        "4": 0.3553141951560974,
        "5": 0.3529789447784424,
        "6": 0.34387636184692383,
        "7": 0.3397061228752136,
        "8": 0.3385659456253052,
        "9": 0.3380303680896759
    },
    "320": {
        "0": 0.3673974275588989,
        "1": 0.36401838064193726,
        "2": 0.36034247279167175,
        "3": 0.3555581569671631,
        "4": 0.34689852595329285,
        "5": 0.34498777985572815,
        "6": 0.34142881631851196,
        "7": 0.33766278624534607,
        "8": 0.337021142244339,
        "9": 0.3321213126182556
    },
    "336": {
        "0": 0.36845189332962036,
        "1": 0.3649944067001343,
        "2": 0.36148303747177124,
        "3": 0.35584956407546997,
        "4": 0.3485642373561859,
        "5": 0.3461952209472656,
        "6": 0.3393125832080841,
        "7": 0.33821216225624084,
        "8": 0.33744674921035767,
        "9": 0.3296537399291992
    },
    "352": {
        "0": 0.3658636212348938,
        "1": 0.3630549907684326,
        "2": 0.35968926548957825,
        "3": 0.3538838326931,
        "4": 0.3485126495361328,
        "5": 0.346844345331192,