{
    "0": {
        "0": 0.3507962226867676,
        "1": 0.3486361801624298,
        "2": 0.3442879617214203,
        "3": 0.3438287377357483,
        "4": 0.3421611487865448,
        "5": 0.3390733003616333,
        "6": 0.33718258142471313,
        "7": 0.3332121968269348,
        "8": 0.33281493186950684,
        "9": 0.33041125535964966
    },
    "16": {
        "0": 0.3443702459335327,
        "1": 0.3337962031364441,
        "2": 0.33344700932502747,
        "3": 0.3313937485218048,
        "4": 0.33092132210731506,
        "5": 0.324925035238266,
        "6": 0.32483240962028503,
        "7": 0.31934189796447754,
        "8": 0.31700071692466736,
        "9": 0.3131040036678314
    },
    "32": {
        "0": 0.37106797099113464,
        "1": 0.369901567697525,
        "2": 0.36637744307518005,
        "3": 0.3660542964935303,
        "4": 0.3650970757007599,
        "5": 0.3586270809173584,
        "6": 0.35841596126556396,
        "7": 0.356317400932312,
        "8": 0.35408684611320496,
        "9": 0.3428214192390442
    },
    "48": {
        "0": 0.36225625872612,
        "1": 0.3601452112197876,
        "2": 0.3565985858440399,
        "3": 0.3563564121723175,
        "4": 0.35573309659957886,
        "5": 0.35411572456359863,
        "6": 0.3539807200431824,
        "7": 0.35134726762771606,
        "8": 0.34407997131347656,
        "9": 0.33233413100242615
    },
    "64": {
        "0": 0.36323457956314087,
        "1": 0.34119659662246704,
        "2": 0.33857810497283936,
        "3": 0.3352685272693634,
        "4": 0.3334967792034149,
        "5": 0.32972589135169983,
        "6": 0.3293965458869934,
        "7": 0.3256564736366272,
        "8": 0.3233356773853302,
        "9": 0.3227766454219818
    },
    "80": {
        "0": 0.34993693232536316,
        "1": 0.3394562900066376,
        "2": 0.33689025044441223,
        "3": 0.3318491578102112,
        "4": 0.32826462388038635,
        "5": 0.32425668835639954,
        "6": 0.3233366012573242,
        "7": 0.3218424916267395,
        "8": 0.31827375292778015,
        "9": 0.30724793672561646
    },
    "96": {
        "0": 0.32999566197395325,
        "1": 0.32239872217178345,
        "2": 0.32006850838661194,
        "3": 0.31604433059692383,
        "4": 0.31258684396743774,
        "5": 0.3107118308544159,
        "6": 0.3072759509086609,
        "7": 0.3036133944988251,
        "8": 0.2987369894981384,
        "9": 0.29566389322280884
    },
    "112": {
        "0": 0.3100241422653198,
        "1": 0.2970864772796631,
        "2": 0.2965739667415619,
        "3": 0.29423391819000244,
        "4": 0.29390037059783936,
        "5": 0.293393611907959,
        "6": 0.28992924094200134,
        "7": 0.2895151376724243,
        "8": 0.2891051769256592,
        "9": 0.28901612758636475
    },
    "128": {
        "0": 0.3151446580886841,
        "1": 0.3135843575000763,
        "2": 0.30763620138168335,
        "3": 0.30457785725593567,
        "4": 0.3034898638725281,
        "5": 0.3020138144493103,
        "6": 0.30075547099113464,
        "7": 0.2978737950325012,
        "8": 0.28027886152267456,
        "9": 0.27966734766960144
    },
    "144": {
        "0": 0.31888189911842346,
        "1": 0.31735679507255554,
        "2": 0.3114016652107239,
        "3": 0.30943021178245544,
        "4": 0.3083569407463074,
        "5": 0.30750730633735657,
        "6": 0.3034464418888092,
        "7": 0.3025473356246948,
        "8": 0.2882440984249115,
        "9": 0.2877326011657715
    },
    "160": {
        "0": 0.3508821427822113,
        "1": 0.33739691972732544,
        "2": 0.3369923233985901,
        "3": 0.3351987600326538,
        "4": 0.3348671495914459,
        "5": 0.33376628160476685,
        "6": 0.32948848605155945,
        "7": 0.3274437189102173,
        "8": 0.31424617767333984,
        "9": 0.3068927824497223
    },
    "176": {
        "0": 0.3475111722946167,
        "1": 0.3304750919342041,
        "2": 0.32514214515686035,
        "3": 0.32304030656814575,
        "4": 0.31962576508522034,
        "5": 0.3166843056678772,
        "6": 0.3103860318660736,
        "7": 0.304512083530426,
        "8": 0.30234235525131226,
        "9": 0.29679325222969055
    },
    "192": {
        "0": 0.33087584376335144,
        "1": 0.32090118527412415,
        "2": 0.32056957483291626,
        "3": 0.31814900040626526,
        "4": 0.31455501914024353,
        "5": 0.31343647837638855,
        "6": 0.311915785074234,
        "7": 0.31120049953460693,
        "8": 0.30639827251434326,
        "9": 0.3035205900669098
    },
    "208": {
        "0": 0.36130431294441223,
        "1": 0.3570181131362915,
        "2": 0.3472742438316345,
        "3": 0.34363019466400146,
        "4": 0.3424631357192993,
        "5": 0.3417624831199646,
        "6": 0.3412688970565796,
        "7": 0.3393969237804413,
        "8": 0.3391963839530945,
        "9": 0.33466655015945435
    },
    "224": {
        "0": 0.32464903593063354,
        "1": 0.3224930465221405,
        "2": 0.316179484128952,
        "3": 0.310184508562088,
        "4": 0.30830663442611694,
        "5": 0.3049755096435547,
        "6": 0.3032965064048767,
        "7": 0.30136793851852417,
        "8": 0.29919761419296265,
        "9": 0.28557828068733215
    },
    "240": {
        "0": 0.2807014584541321,
        "1": 0.27977001667022705,
        "2": 0.2722988426685333,
        "3": 0.2690224051475525,
        "4": 0.26839664578437805,
        "5": 0.2664504647254944,
        "6": 0.2647474706172943,
        "7": 0.25929269194602966,
        "8": 0.25726327300071716,
        "9": 0.2572529911994934
    },
    "256": {
        "0": 0.2915332317352295,
        "1": 0.2909185290336609,
        "2": 0.2753322124481201,
        "3": 0.2737152576446533,
        "4": 0.27340731024742126,
        "5": 0.267900675535202,
        "6": 0.2671646177768707,
        "7": 0.26346033811569214,
        "8": 0.2625681757926941,
        "9": 0.26118722558021545
    },
    "272": {
        "0": 0.3344480097293854,
        "1": 0.3281902074813843,
        "2": 0.3212941288948059,
        "3": 0.32112982869148254,
        "4": 0.31841135025024414,
        "5": 0.3155475854873657,
        "6": 0.31361013650894165,
        "7": 0.31276825070381165,
        "8": 0.2990773618221283,
        "9": 0.29871341586112976
    },
    "288": {
        "0": 0.32986265420913696,
        "1": 0.31763842701911926,
        "2": 0.3071678578853607,
        "3": 0.3063023090362549,
        "4": 0.3061222434043884,
        "5": 0.30175477266311646,
        "6": 0.2979063391685486,
        "7": 0.29728472232818604,
        "8": 0.2897799611091614,
        "9": 0.28694894909858704
    },
    "304": {
        "0": 0.33109813928604126,
        "1": 0.3143730163574219,
        "2": 0.31381770968437195,
        "3": 0.3118278682231903,
        "4": 0.30902308225631714,
        "5": 0.3052960932254791,
        "6": 0.3031010031700134,
        "7": 0.29622185230255127,
        "8": 0.29462623596191406,
        "9": 0.2935415208339691
    },
    "320": {
        "0": 0.2970775067806244,
        "1": 0.2863408029079437,
        "2": 0.2840944826602936,
        "3": 0.28308334946632385,
        "4": 0.28192391991615295,
        "5": 0.2815919518470764,
        "6": 0.2796626389026642,
        "7": 0.275553435087204,
        "8": 0.2730388939380646,
        "9": 0.271648645401001
    },
    "336": {
        "0": 0.28998303413391113,
        "1": 0.28763195872306824,
        "2": 0.2855468988418579,
        "3": 0.28472623229026794,
        "4": 0.2840465307235718,
        "5": 0.27803319692611694,
        "6": 0.2773912847042084,
        "7": 0.27426591515541077,
        "8": 0.2741314470767975,
        "9": 0.2711062729358673
    },
    "352": {
        "0": 0.27698707580566406,
        "1": 0.26460331678390503,
        "2": 0.26282957196235657,
        "3": 0.2607913613319397,
        "4": 0.2596079409122467,
        "5": 0.2591516077518463,