{
    "0": {
        "0": 0.3952206075191498,
        "1": 0.3906668424606323,
        "2": 0.3863670825958252,
        "3": 0.37909048795700073,
        "4": 0.3786841630935669,
        "5": 0.3671892285346985,
        "6": 0.36385002732276917,
        "7": 0.361427903175354,
        "8": 0.36112967133522034,
        "9": 0.3570118844509125
    },
    "16": {
        "0": 0.40019461512565613,
        "1": 0.3913266658782959,
        "2": 0.39087679982185364,
        "3": 0.3702811598777771,
        "4": 0.365824431180954,
        "5": 0.36403778195381165,
        "6": 0.36378154158592224,
        "7": 0.3556118309497833,
        "8": 0.3477916419506073,
        "9": 0.34777945280075073
    },
    "32": {
        "0": 0.4207266569137573,
        "1": 0.41258707642555237,
        "2": 0.4085143804550171,
        "3": 0.40044844150543213,
        "4": 0.39452794194221497,
        "5": 0.39436614513397217,
        "6": 0.3852043151855469,
        "7": 0.3790648281574249,
        "8": 0.3788178861141205,
        "9": 0.3777848482131958
    },
    "48": {
        "0": 0.4169420301914215,
        "1": 0.41665494441986084,
        "2": 0.3898404836654663,
        "3": 0.3839700520038605,
        "4": 0.3830072283744812,
        "5": 0.37869906425476074,
        "6": 0.3758672773838043,
        "7": 0.37391167879104614,
        "8": 0.3732028603553772,
        "9": 0.36764565110206604
    },
    "64": {
        "0": 0.3936603367328644,
        "1": 0.38784554600715637,
        "2": 0.38271909952163696,
        "3": 0.3782326281070709,
        "4": 0.3780408799648285,
        "5": 0.37759795784950256,
        "6": 0.3775102496147156,
        "7": 0.3771734833717346,
        "8": 0.3757535517215729,
        "9": 0.37499287724494934
    },
    "80": {
        "0": 0.41707903146743774,
        "1": 0.41146695613861084,
        "2": 0.4014953672885895,
        "3": 0.4006098806858063,
        "4": 0.39842262864112854,
        "5": 0.3984058201313019,
        "6": 0.39746490120887756,
        "7": 0.39578482508659363,
        "8": 0.3937179446220398,
        "9": 0.3934571146965027
    },
    "96": {
        "0": 0.41574448347091675,
        "1": 0.4143289625644684,
        "2": 0.4121841490268707,
        "3": 0.40827128291130066,
        "4": 0.40806373953819275,
        "5": 0.4063921570777893,
        "6": 0.4023391306400299,
        "7": 0.40158671140670776,
        "8": 0.40118110179901123,
        "9": 0.399601012468338
    },
    "112": {
        "0": 0.40975797176361084,
        "1": 0.4003598988056183,
        "2": 0.38695991039276123,
        "3": 0.3836704194545746,
        "4": 0.3808573782444,
        "5": 0.3790854811668396,
        "6": 0.37884917855262756,
        "7": 0.37841928005218506,
        "8": 0.37801235914230347,
        "9": 0.3762859106063843
    },
    "128": {
        "0": 0.41646185517311096,
        "1": 0.40332403779029846,
        "2": 0.4020407497882843,
        "3": 0.3892187178134918,
        "4": 0.3891707956790924,
        "5": 0.3860469460487366,
        "6": 0.3855031430721283,
        "7": 0.38539597392082214,
        "8": 0.3852307200431824,
        "9": 0.38209259510040283
    },
    "144": {
        "0": 0.3584926128387451,
        "1": 0.35688459873199463,
        "2": 0.35531795024871826,
        "3": 0.35363033413887024,
        "4": 0.35177069902420044,
        "5": 0.3455059826374054,
        "6": 0.3415253758430481,
        "7": 0.34099361300468445,
        "8": 0.33915621042251587,
        "9": 0.3384395241737366
    },
    "160": {
        "0": 0.41028934717178345,
        "1": 0.39729413390159607,
        "2": 0.3946167826652527,
        "3": 0.38954922556877136,
        "4": 0.3839517831802368,
        "5": 0.3830527067184448,
        "6": 0.3825794756412506,
        "7": 0.3815546929836273,
        "8": 0.37892377376556396,
        "9": 0.3779858350753784
    },
    "176": {
        "0": 0.394856721162796,
        "1": 0.3851255476474762,
        "2": 0.3787379860877991,
        "3": 0.37358617782592773,
        "4": 0.3707350194454193,
        "5": 0.3704744875431061,
        "6": 0.3689267039299011,
        "7": 0.3684774339199066,
        "8": 0.36606496572494507,
        "9": 0.3637984097003937
    },
    "192": {
        "0": 0.3732263445854187,
        "1": 0.3645419776439667,
        "2": 0.3626371920108795,
        "3": 0.35456493496894836,
        "4": 0.35229524970054626,
        "5": 0.3493390381336212,
        "6": 0.34841179847717285,
        "7": 0.34785592555999756,
        "8": 0.34711840748786926,
        "9": 0.34708043932914734
    },
    "208": {
        "0": 0.3743096590042114,
        "1": 0.37176764011383057,
        "2": 0.369428426027298,
        "3": 0.3676984906196594,
        "4": 0.35585683584213257,
        "5": 0.352974534034729,
        "6": 0.350926011800766,
        "7": 0.34930911660194397,
        "8": 0.3481796979904175,
        "9": 0.3454151749610901
    },
    "224": {
        "0": 0.3650442063808441,
        "1": 0.3562610149383545,
        "2": 0.35607823729515076,
        "3": 0.354163259267807,
        "4": 0.3489406108856201,
        "5": 0.34479784965515137,
        "6": 0.34335196018218994,
        "7": 0.3382124900817871,
        "8": 0.33785322308540344,
        "9": 0.33769431710243225
    },
    "240": {
        "0": 0.4183993935585022,
        "1": 0.3852684497833252,
        "2": 0.376803457736969,
        "3": 0.3737808167934418,
        "4": 0.37269580364227295,
        "5": 0.3726382851600647,
        "6": 0.37220001220703125,
        "7": 0.3708716034889221,
        "8": 0.36630889773368835,
        "9": 0.3635703921318054
    },
    "256": {
        "0": 0.35861581563949585,
        "1": 0.3499751687049866,
        "2": 0.3462425172328949,
        "3": 0.34051406383514404,
        "4": 0.3369520902633667,
        "5": 0.3360605239868164,
        "6": 0.33427050709724426,
        "7": 0.334247887134552,
        "8": 0.3332739770412445,
        "9": 0.3329366147518158
    },
    "272": {
        "0": 0.38778141140937805,
        "1": 0.37405169010162354,
        "2": 0.3731871545314789,
        "3": 0.3718547523021698,
        "4": 0.37119364738464355,
        "5": 0.3625276982784271,
        "6": 0.3621027171611786,
        "7": 0.3604086637496948,
        "8": 0.3596818745136261,
        "9": 0.3559914529323578
    },
    "288": {
        "0": 0.34065648913383484,
        "1": 0.332550585269928,
        "2": 0.33046311140060425,
        "3": 0.32924139499664307,
        "4": 0.32719382643699646,
        "5": 0.3231944143772125,
        "6": 0.3204725384712219,
        "7": 0.31963300704956055,
        "8": 0.3155277371406555,
        "9": 0.3150416910648346
    },
    "304": {
        "0": 0.39657384157180786,
        "1": 0.385457307100296,
        "2": 0.3768465518951416,
        "3": 0.37336835265159607,
        "4": 0.37239426374435425,
        "5": 0.372091144323349,
        "6": 0.3708159327507019,
        "7": 0.36899763345718384,
        "8": 0.36614805459976196,
        "9": 0.3659204840660095
    },
    "320": {
        "0": 0.3812241554260254,
        "1": 0.36800238490104675,
        "2": 0.364978551864624,
        "3": 0.3618389070034027,
        "4": 0.36106330156326294,
        "5": 0.36044394969940186,
        "6": 0.3597898483276367,
        "7": 0.35657522082328796,
        "8": 0.3552517890930176,
        "9": 0.3543824851512909
    },
    "336": {
        "0": 0.3910035192966461,
        "1": 0.376250296831131,
        "2": 0.37461957335472107,
        "3": 0.3744118809700012,
        "4": 0.37064051628112793,
        "5": 0.3688478469848633,
        "6": 0.36680126190185547,
        "7": 0.3664296269416809,
        "8": 0.36500778794288635,
        "9": 0.36466068029403687
    },
    "352": {
        "0": 0.40734028816223145,
        "1": 0.3893815279006958,
        "2": 0.3889320194721222,
        "3": 0.3880826532840729,
        "4": 0.3868589997291565,
        "5": 0.384397953748703,
        "6": 0.38408562541007996,