{
    "0": {
        "0": 0.35931748151779175,
        "1": 0.3325035274028778,
        "2": 0.32820963859558105,
        "3": 0.32780298590660095,
        "4": 0.3271980583667755,
        "5": 0.31800299882888794,
        "6": 0.3170725405216217,
        "7": 0.3153836131095886,
        "8": 0.31078770756721497,
        "9": 0.30897462368011475
    },
    "16": {
        "0": 0.36203697323799133,
        "1": 0.3371150493621826,
        "2": 0.32950839400291443,
        "3": 0.328389048576355,
        "4": 0.3252081871032715,
        "5": 0.32509201765060425,
        "6": 0.3248293101787567,
        "7": 0.32247403264045715,
        "8": 0.3201058506965637,
        "9": 0.31892210245132446
    },
    "32": {
        "0": 0.3657515347003937,
        "1": 0.3330681324005127,
        "2": 0.3230185806751251,
        "3": 0.32278838753700256,
        "4": 0.32090798020362854,
        "5": 0.3203974664211273,
        "6": 0.3195544183254242,
        "7": 0.31873953342437744,
        "8": 0.3181249797344208,
        "9": 0.31296855211257935
    },
    "48": {
        "0": 0.3624170422554016,
        "1": 0.33935073018074036,
        "2": 0.3309989273548126,
        "3": 0.32726576924324036,
        "4": 0.32393699884414673,
        "5": 0.3231852352619171,
        "6": 0.32255101203918457,
        "7": 0.3224237263202667,
        "8": 0.31961286067962646,
        "9": 0.31834712624549866
    },
    "64": {
        "0": 0.3500526249408722,
        "1": 0.32629287242889404,
        "2": 0.3153127133846283,
        "3": 0.3122977912425995,
        "4": 0.30886420607566833,
        "5": 0.3087673783302307,
        "6": 0.30822423100471497,
        "7": 0.30493125319480896,
        "8": 0.3036280572414398,
        "9": 0.3012847304344177
    },
    "80": {
        "0": 0.34449586272239685,
        "1": 0.3275376558303833,
        "2": 0.3228673040866852,
        "3": 0.32181811332702637,
        "4": 0.3201320469379425,
        "5": 0.3136511743068695,
        "6": 0.3135925829410553,
        "7": 0.3131561279296875,
        "8": 0.3120228350162506,
        "9": 0.30830398201942444
    },
    "96": {
        "0": 0.3447832465171814,
        "1": 0.3332688808441162,
        "2": 0.3304521441459656,
        "3": 0.3241386115550995,
        "4": 0.32225483655929565,
        "5": 0.3214435577392578,
        "6": 0.3211439847946167,
        "7": 0.31971031427383423,
        "8": 0.31580913066864014,
        "9": 0.3081866204738617
    },
    "112": {
        "0": 0.3237200975418091,
        "1": 0.32157623767852783,
        "2": 0.3032812476158142,
        "3": 0.30297109484672546,
        "4": 0.3010009229183197,
        "5": 0.29394641518592834,
        "6": 0.2911480963230133,
        "7": 0.2887350022792816,
        "8": 0.2827429175376892,
        "9": 0.2753765285015106
    },
    "128": {
        "0": 0.358369380235672,
        "1": 0.3411293923854828,
        "2": 0.33640608191490173,
        "3": 0.33365097641944885,
        "4": 0.330647349357605,
        "5": 0.3297059237957001,
        "6": 0.32492366433143616,
        "7": 0.3238120377063751,
        "8": 0.30888181924819946,
        "9": 0.30854231119155884
    },
    "144": {
        "0": 0.3432226777076721,
        "1": 0.33236947655677795,
        "2": 0.32387852668762207,
        "3": 0.3230170011520386,
        "4": 0.31896671652793884,
        "5": 0.3131248652935028,
        "6": 0.3107095956802368,
        "7": 0.3086407780647278,
        "8": 0.3019195795059204,
        "9": 0.29688456654548645
    },
    "160": {
        "0": 0.34375685453414917,
        "1": 0.3372054696083069,
        "2": 0.3258989155292511,
        "3": 0.32415851950645447,
        "4": 0.3233041763305664,
        "5": 0.32257288694381714,
        "6": 0.3172580897808075,
        "7": 0.3135205805301666,
        "8": 0.3119438588619232,
        "9": 0.3097509741783142
    },
    "176": {
        "0": 0.3070935010910034,
        "1": 0.30550017952919006,
        "2": 0.2936970889568329,
        "3": 0.2676416039466858,
        "4": 0.26756346225738525,
        "5": 0.26214277744293213,
        "6": 0.25408437848091125,
        "7": 0.250601202249527,
        "8": 0.24752768874168396,
        "9": 0.2474132776260376
    },
    "192": {
        "0": 0.349214643239975,
        "1": 0.3476985692977905,
        "2": 0.34481576085090637,
        "3": 0.3178562819957733,
        "4": 0.3073466718196869,
        "5": 0.3063081204891205,
        "6": 0.30596691370010376,
        "7": 0.2991977334022522,
        "8": 0.29683321714401245,
        "9": 0.2952136695384979
    },
    "208": {
        "0": 0.3647163510322571,
        "1": 0.3447872996330261,
        "2": 0.33901867270469666,
        "3": 0.338398814201355,
        "4": 0.3288189470767975,
        "5": 0.3288046717643738,
        "6": 0.32726985216140747,
        "7": 0.3269255757331848,
        "8": 0.32637548446655273,
        "9": 0.32597339153289795
    },
    "224": {
        "0": 0.3246164321899414,
        "1": 0.3158644139766693,
        "2": 0.3133985102176666,
        "3": 0.31255772709846497,
        "4": 0.31130051612854004,
        "5": 0.3064676821231842,
        "6": 0.3054261803627014,
        "7": 0.3040270507335663,
        "8": 0.2990501821041107,
        "9": 0.2982282042503357
    },
    "240": {
        "0": 0.3593733012676239,
        "1": 0.3514401316642761,
        "2": 0.3493504822254181,
        "3": 0.3469255864620209,
        "4": 0.34517407417297363,
        "5": 0.34153008460998535,
        "6": 0.3255947530269623,
        "7": 0.3133338987827301,
        "8": 0.31194552779197693,
        "9": 0.30851611495018005
    },
    "256": {
        "0": 0.3462676703929901,
        "1": 0.3396240770816803,
        "2": 0.32836923003196716,
        "3": 0.3250243663787842,
        "4": 0.31795915961265564,
        "5": 0.31328868865966797,
        "6": 0.3093957006931305,
        "7": 0.29898801445961,
        "8": 0.29261720180511475,
        "9": 0.2916457951068878
    },
    "272": {
        "0": 0.3508964478969574,
        "1": 0.33612060546875,
        "2": 0.33507969975471497,
        "3": 0.3273075819015503,
        "4": 0.3157708942890167,
        "5": 0.3087914288043976,
        "6": 0.3024313151836395,
        "7": 0.3001479208469391,
        "8": 0.2997627258300781,
        "9": 0.29906728863716125
    },
    "288": {
        "0": 0.3211493194103241,
        "1": 0.3091631531715393,
        "2": 0.30702656507492065,
        "3": 0.3048316240310669,
        "4": 0.29747384786605835,
        "5": 0.2887113094329834,
        "6": 0.28750529885292053,
        "7": 0.28050875663757324,
        "8": 0.26970338821411133,
        "9": 0.26383456587791443
    },
    "304": {
        "0": 0.32282382249832153,
        "1": 0.31393134593963623,
        "2": 0.3052447438240051,
        "3": 0.30146828293800354,
        "4": 0.29908064007759094,
        "5": 0.2810363471508026,
        "6": 0.2787259817123413,
        "7": 0.2772983908653259,
        "8": 0.2725515067577362,
        "9": 0.2707119584083557
    },
    "320": {
        "0": 0.3141203820705414,
        "1": 0.3084932565689087,
        "2": 0.2950189709663391,
        "3": 0.2886756956577301,
        "4": 0.2884170711040497,
        "5": 0.286683052778244,
        "6": 0.2767522931098938,
        "7": 0.2686006724834442,
        "8": 0.2684861719608307,
        "9": 0.2661289572715759
    },
    "336": {
        "0": 0.31731128692626953,
        "1": 0.316898912191391,
        "2": 0.29934367537498474,
        "3": 0.29380324482917786,
        "4": 0.2913161516189575,
        "5": 0.2871488928794861,
        "6": 0.2763323485851288,
        "7": 0.27550163865089417,
        "8": 0.27186161279678345,
        "9": 0.27095818519592285
    },
    "352": {
        "0": 0.32309457659721375,
        "1": 0.31822583079338074,
        "2": 0.30055928230285645,
        "3": 0.2973606586456299,
        "4": 0.29700300097465515,
        "5": 0.2809983491897583,
        "6": 0.275663286447525,