{
    "0": {
        "0": 0.36150428652763367,
        "1": 0.3593067228794098,
        "2": 0.35649147629737854,
        "3": 0.3552522361278534,
        "4": 0.3526372015476227,
        "5": 0.345172643661499,
        "6": 0.34330105781555176,
        "7": 0.34045955538749695,
        "8": 0.329627126455307,
        "9": 0.32827484607696533
    },
    "16": {
        "0": 0.3869730532169342,
        "1": 0.3789730370044708,
        "2": 0.3728485405445099,
        "3": 0.3708786070346832,
        "4": 0.3620201349258423,
        "5": 0.3584946393966675,
        "6": 0.35432910919189453,
        "7": 0.35107383131980896,
        "8": 0.34205132722854614,
        "9": 0.3413870930671692
    },
    "32": {
        "0": 0.3989746868610382,
        "1": 0.3888271450996399,
        "2": 0.380857914686203,
        "3": 0.38030990958213806,
        "4": 0.37219318747520447,
        "5": 0.3682861328125,
        "6": 0.3623494505882263,
        "7": 0.3577907979488373,
        "8": 0.3533208668231964,
        "9": 0.3475582003593445
    },
    "48": {
        "0": 0.38484060764312744,
        "1": 0.3751513659954071,
        "2": 0.37355342507362366,
        "3": 0.354848712682724,
        "4": 0.3499493896961212,
        "5": 0.346267431974411,
        "6": 0.34625443816185,
        "7": 0.3335619866847992,
        "8": 0.33083078265190125,
        "9": 0.3265591859817505
    },
    "64": {
        "0": 0.3473474979400635,
        "1": 0.34531641006469727,
        "2": 0.3442089259624481,
        "3": 0.34137722849845886,
        "4": 0.33677127957344055,
        "5": 0.33258292078971863,
        "6": 0.33182215690612793,
        "7": 0.33078914880752563,
        "8": 0.3289982080459595,
        "9": 0.3280082941055298
    },
    "80": {
        "0": 0.3673514723777771,
        "1": 0.36213505268096924,
        "2": 0.35889381170272827,
        "3": 0.3485543131828308,
        "4": 0.3404330313205719,
        "5": 0.3373464345932007,
        "6": 0.3356630802154541,
        "7": 0.3348667025566101,
        "8": 0.32941022515296936,
        "9": 0.32883280515670776
    },
    "96": {
        "0": 0.3957635164260864,
        "1": 0.38718095421791077,
        "2": 0.38515692949295044,
        "3": 0.3753405809402466,
        "4": 0.3715863823890686,
        "5": 0.3675910532474518,
        "6": 0.35797926783561707,
        "7": 0.3571763038635254,
        "8": 0.35616356134414673,
        "9": 0.35255998373031616
    },
    "112": {
        "0": 0.39133432507514954,
        "1": 0.38190096616744995,
        "2": 0.37819212675094604,
        "3": 0.36761143803596497,
        "4": 0.35230565071105957,
        "5": 0.3521861135959625,
        "6": 0.3516717851161957,
        "7": 0.34217047691345215,
        "8": 0.33724409341812134,
        "9": 0.3372398912906647
    },
    "128": {
        "0": 0.4084382653236389,
        "1": 0.4032309651374817,
        "2": 0.4006636440753937,
        "3": 0.39047911763191223,
        "4": 0.36792755126953125,
        "5": 0.36694827675819397,
        "6": 0.36407479643821716,
        "7": 0.36124905943870544,
        "8": 0.3568266034126282,
        "9": 0.3558088541030884
    },
    "144": {
        "0": 0.3812936544418335,
        "1": 0.3770889937877655,
        "2": 0.3653573989868164,
        "3": 0.3615930676460266,
        "4": 0.35849952697753906,
        "5": 0.3533654808998108,
        "6": 0.34046679735183716,
        "7": 0.33722740411758423,
        "8": 0.3302183151245117,
        "9": 0.32985013723373413
    },
    "160": {
        "0": 0.36852264404296875,
        "1": 0.36303722858428955,
        "2": 0.3626859486103058,
        "3": 0.35921671986579895,
        "4": 0.3558441698551178,
        "5": 0.3501882255077362,
        "6": 0.34929633140563965,
        "7": 0.3471432030200958,
        "8": 0.34604814648628235,
        "9": 0.34580445289611816
    },
    "176": {
        "0": 0.34375908970832825,
        "1": 0.33819779753685,
        "2": 0.3379790186882019,
        "3": 0.3371430039405823,
        "4": 0.33476942777633667,
        "5": 0.3317849040031433,
        "6": 0.3303494453430176,
        "7": 0.32452142238616943,
        "8": 0.3245052695274353,
        "9": 0.3222983479499817
    },
    "192": {
        "0": 0.32895034551620483,
        "1": 0.325912207365036,
        "2": 0.32514455914497375,
        "3": 0.31723666191101074,
        "4": 0.31135228276252747,
        "5": 0.3069362938404083,
        "6": 0.3065128028392792,
        "7": 0.3007403612136841,
        "8": 0.29497838020324707,
        "9": 0.29493284225463867
    },
    "208": {
        "0": 0.32679834961891174,
        "1": 0.31965312361717224,
        "2": 0.3172634541988373,
        "3": 0.3170193135738373,
        "4": 0.3153447210788727,
        "5": 0.3149714767932892,
        "6": 0.31442922353744507,
        "7": 0.3082432448863983,
        "8": 0.3068375587463379,
        "9": 0.3063247501850128
    },
    "224": {
        "0": 0.3137214481830597,
        "1": 0.3061448037624359,
        "2": 0.30523616075515747,
        "3": 0.2999994158744812,
        "4": 0.2996762990951538,
        "5": 0.29553523659706116,
        "6": 0.29529160261154175,
        "7": 0.293113648891449,
        "8": 0.2905386686325073,
        "9": 0.28539204597473145
    },
    "240": {
        "0": 0.31381234526634216,
        "1": 0.3104623854160309,
        "2": 0.30561888217926025,
        "3": 0.303393691778183,
        "4": 0.3017966151237488,
        "5": 0.29807642102241516,
        "6": 0.295663058757782,
        "7": 0.2939203977584839,
        "8": 0.29341694712638855,
        "9": 0.2882092297077179
    },
    "256": {
        "0": 0.3684789836406708,
        "1": 0.36555805802345276,
        "2": 0.3609069287776947,
        "3": 0.3443610668182373,
        "4": 0.34397709369659424,
        "5": 0.3436608910560608,
        "6": 0.3369588553905487,
        "7": 0.33122825622558594,
        "8": 0.32507121562957764,
        "9": 0.32372868061065674
    },
    "272": {
        "0": 0.37210890650749207,
        "1": 0.3682607114315033,
        "2": 0.3648717403411865,
        "3": 0.36191365122795105,
        "4": 0.35845088958740234,
        "5": 0.35219961404800415,
        "6": 0.34486478567123413,
        "7": 0.3392004668712616,
        "8": 0.33830496668815613,
        "9": 0.33239710330963135
    },
    "288": {
        "0": 0.3879585266113281,
        "1": 0.3790964186191559,
        "2": 0.37621980905532837,
        "3": 0.3674614429473877,
        "4": 0.3598148822784424,
        "5": 0.35913383960723877,
        "6": 0.3584737479686737,
        "7": 0.34999337792396545,
        "8": 0.3470084071159363,
        "9": 0.34606024622917175
    },
    "304": {
        "0": 0.34611690044403076,
        "1": 0.33820971846580505,
        "2": 0.3379162847995758,
        "3": 0.32892316579818726,
        "4": 0.32787683606147766,
        "5": 0.31892862915992737,
        "6": 0.31655266880989075,
        "7": 0.31531354784965515,
        "8": 0.3128522038459778,
        "9": 0.31081363558769226
    },
    "320": {
        "0": 0.34505772590637207,
        "1": 0.34269240498542786,
        "2": 0.3384605050086975,
        "3": 0.3369201421737671,
        "4": 0.32476645708084106,
        "5": 0.3243285119533539,
        "6": 0.32412925362586975,
        "7": 0.31984707713127136,
        "8": 0.31610316038131714,
        "9": 0.3114023506641388
    },
    "336": {
        "0": 0.3873875141143799,
        "1": 0.37144628167152405,
        "2": 0.370352178812027,
        "3": 0.36583226919174194,
        "4": 0.3638545870780945,
        "5": 0.3620121479034424,
        "6": 0.35986587405204773,
        "7": 0.359010249376297,
        "8": 0.3484399616718292,
        "9": 0.3437986373901367
    },
    "352": {
        "0": 0.36646586656570435,
        "1": 0.359511137008667,
        "2": 0.35269084572792053,
        "3": 0.34457311034202576,
        "4": 0.33497753739356995,
        "5": 0.33246341347694397,