{
    "0": {
        "0": 0.40787220001220703,
        "1": 0.3952469527721405,
        "2": 0.39441436529159546,
        "3": 0.39115792512893677,
        "4": 0.387908399105072,
        "5": 0.385128378868103,
        "6": 0.37804919481277466,
        "7": 0.3576751947402954,
        "8": 0.35111159086227417,
        "9": 0.3490736782550812
    },
    "16": {
        "0": 0.4272759258747101,
        "1": 0.4063728451728821,
        "2": 0.4045642018318176,
        "3": 0.3998717963695526,
        "4": 0.3958740234375,
        "5": 0.3941909968852997,
        "6": 0.38988247513771057,
        "7": 0.38987189531326294,
        "8": 0.37274959683418274,
        "9": 0.37212902307510376
    },
    "32": {
        "0": 0.4192318022251129,
        "1": 0.4189676344394684,
        "2": 0.4179614782333374,
        "3": 0.41602909564971924,
        "4": 0.4019698202610016,
        "5": 0.39373308420181274,
        "6": 0.3905918598175049,
        "7": 0.3875408172607422,
        "8": 0.387224406003952,
        "9": 0.3870944678783417
    },
    "48": {
        "0": 0.4133683741092682,
        "1": 0.40575096011161804,
        "2": 0.3964618146419525,
        "3": 0.3860451579093933,
        "4": 0.3805006444454193,
        "5": 0.3800751864910126,
        "6": 0.37382206320762634,
        "7": 0.3615199327468872,
        "8": 0.3610365688800812,
        "9": 0.36062294244766235
    },
    "64": {
        "0": 0.3829190731048584,
        "1": 0.3777869641780853,
        "2": 0.37265828251838684,
        "3": 0.35980263352394104,
        "4": 0.3576486110687256,
        "5": 0.3555663526058197,
        "6": 0.3544027805328369,
        "7": 0.3525966703891754,
        "8": 0.34905219078063965,
        "9": 0.3433374762535095
    },
    "80": {
        "0": 0.4302787184715271,
        "1": 0.4158000349998474,
        "2": 0.4133899211883545,
        "3": 0.40950310230255127,
        "4": 0.40922051668167114,
        "5": 0.39157766103744507,
        "6": 0.38658082485198975,
        "7": 0.3771424889564514,
        "8": 0.3754582107067108,
        "9": 0.37444818019866943
    },
    "96": {
        "0": 0.3926689326763153,
        "1": 0.3902963101863861,
        "2": 0.38558411598205566,
        "3": 0.3816557228565216,
        "4": 0.3763979971408844,
        "5": 0.3713471293449402,
        "6": 0.35631653666496277,
        "7": 0.3538450300693512,
        "8": 0.3443252742290497,
        "9": 0.3394368886947632
    },
    "112": {
        "0": 0.4178504943847656,
        "1": 0.409801185131073,
        "2": 0.4018615484237671,
        "3": 0.3892902731895447,
        "4": 0.3867872357368469,
        "5": 0.3845219910144806,
        "6": 0.3836655020713806,
        "7": 0.38354814052581787,
        "8": 0.3700169622898102,
        "9": 0.3613530397415161
    },
    "128": {
        "0": 0.4063109755516052,
        "1": 0.4035593867301941,
        "2": 0.39390724897384644,
        "3": 0.3929515480995178,
        "4": 0.39201775193214417,
        "5": 0.38939133286476135,
        "6": 0.3865396976470947,
        "7": 0.3822076916694641,
        "8": 0.3809660077095032,
        "9": 0.3569950461387634
    },
    "144": {
        "0": 0.3036055564880371,
        "1": 0.287916362285614,
        "2": 0.2867659032344818,
        "3": 0.285815954208374,
        "4": 0.28381964564323425,
        "5": 0.2832253873348236,
        "6": 0.2795645296573639,
        "7": 0.2761514186859131,
        "8": 0.2727879285812378,
        "9": 0.2721146047115326
    },
    "160": {
        "0": 0.36173421144485474,
        "1": 0.3567410707473755,
        "2": 0.3459120988845825,
        "3": 0.34546175599098206,
        "4": 0.3386051058769226,
        "5": 0.33772069215774536,
        "6": 0.336246132850647,
        "7": 0.33310338854789734,
        "8": 0.33288800716400146,
        "9": 0.3322731554508209
    },
    "176": {
        "0": 0.2878194749355316,
        "1": 0.27779635787010193,
        "2": 0.2770051956176758,
        "3": 0.2761867344379425,
        "4": 0.2710423469543457,
        "5": 0.2689298391342163,
        "6": 0.2658061683177948,
        "7": 0.2652418613433838,
        "8": 0.26514315605163574,
        "9": 0.26376408338546753
    },
    "192": {
        "0": 0.3354433476924896,
        "1": 0.3212769031524658,
        "2": 0.31623536348342896,
        "3": 0.3122486472129822,
        "4": 0.3117637634277344,
        "5": 0.30629274249076843,
        "6": 0.2977660596370697,
        "7": 0.29683917760849,
        "8": 0.2962328791618347,
        "9": 0.29569658637046814
    },
    "208": {
        "0": 0.3583095371723175,
        "1": 0.3463181257247925,
        "2": 0.3427741229534149,
        "3": 0.34097087383270264,
        "4": 0.33904483914375305,
        "5": 0.33763012290000916,
        "6": 0.3313361704349518,
        "7": 0.3310093879699707,
        "8": 0.3290500342845917,
        "9": 0.32680201530456543
    },
    "224": {
        "0": 0.3287414312362671,
        "1": 0.3285556733608246,
        "2": 0.3255368173122406,
        "3": 0.3231022357940674,
        "4": 0.3190954327583313,
        "5": 0.31040158867836,
        "6": 0.30729836225509644,
        "7": 0.305461049079895,
        "8": 0.3051985502243042,
        "9": 0.30513882637023926
    },
    "240": {
        "0": 0.29794877767562866,
        "1": 0.29677441716194153,
        "2": 0.2952357530593872,
        "3": 0.29126834869384766,
        "4": 0.2907313108444214,
        "5": 0.27766385674476624,
        "6": 0.27208030223846436,
        "7": 0.2714109718799591,
        "8": 0.2692846655845642,
        "9": 0.2670615315437317
    },
    "256": {
        "0": 0.2982088029384613,
        "1": 0.2968027591705322,
        "2": 0.2966931164264679,
        "3": 0.292458176612854,
        "4": 0.29203087091445923,
        "5": 0.28844016790390015,
        "6": 0.28654780983924866,
        "7": 0.28583839535713196,
        "8": 0.28269603848457336,
        "9": 0.2793642282485962
    },
    "272": {
        "0": 0.3624996840953827,
        "1": 0.34960198402404785,
        "2": 0.3486197888851166,
        "3": 0.34833240509033203,
        "4": 0.3431801497936249,
        "5": 0.3274078071117401,
        "6": 0.323342502117157,
        "7": 0.32167452573776245,
        "8": 0.3186997175216675,
        "9": 0.31187060475349426
    },
    "288": {
        "0": 0.3800205588340759,
        "1": 0.3660898804664612,
        "2": 0.35812216997146606,
        "3": 0.3573114573955536,
        "4": 0.32233554124832153,
        "5": 0.31995898485183716,
        "6": 0.3138742744922638,
        "7": 0.3129931390285492,
        "8": 0.30850210785865784,
        "9": 0.30692318081855774
    },
    "304": {
        "0": 0.35189348459243774,
        "1": 0.33381447196006775,
        "2": 0.3334003984928131,
        "3": 0.33262374997138977,
        "4": 0.32734760642051697,
        "5": 0.3212135136127472,
        "6": 0.3140704333782196,
        "7": 0.3128115236759186,
        "8": 0.31149208545684814,
        "9": 0.30945032835006714
    },
    "320": {
        "0": 0.3235289454460144,
        "1": 0.3223247826099396,
        "2": 0.31873026490211487,
        "3": 0.3178355395793915,
        "4": 0.3153008222579956,
        "5": 0.3129875659942627,
        "6": 0.31046849489212036,
        "7": 0.30973565578460693,
        "8": 0.3076404929161072,
        "9": 0.3045317530632019
    },
    "336": {
        "0": 0.30926114320755005,
        "1": 0.30644047260284424,
        "2": 0.30540788173675537,
        "3": 0.30538997054100037,
        "4": 0.30444759130477905,
        "5": 0.30268847942352295,
        "6": 0.3025280237197876,
        "7": 0.298557847738266,
        "8": 0.29573583602905273,
        "9": 0.29535332322120667
    },
    "352": {
        "0": 0.3320103585720062,
        "1": 0.32390227913856506,
        "2": 0.3183557689189911,
        "3": 0.3155140280723572,
        "4": 0.31453946232795715,
        "5": 0.31180328130722046,
        "6": 0.3095225393772125,