{
    "0": {
        "0": 0.36951902508735657,
        "1": 0.35520926117897034,
        "2": 0.3338017165660858,
        "3": 0.332122802734375,
        "4": 0.326837420463562,
        "5": 0.3264882564544678,
        "6": 0.3245130479335785,
        "7": 0.32238951325416565,
        "8": 0.31793078780174255,
        "9": 0.3163794279098511
    },
    "16": {
        "0": 0.36602747440338135,
        "1": 0.34563642740249634,
        "2": 0.32716667652130127,
        "3": 0.32561832666397095,
        "4": 0.3229699730873108,
        "5": 0.3171420097351074,
        "6": 0.31637269258499146,
        "7": 0.3145197331905365,
        "8": 0.31402790546417236,
        "9": 0.31148943305015564
    },
    "32": {
        "0": 0.35694265365600586,
        "1": 0.3361491560935974,
        "2": 0.323603093624115,
        "3": 0.31489264965057373,
        "4": 0.3132167160511017,
        "5": 0.31022152304649353,
        "6": 0.3090190589427948,
        "7": 0.30885443091392517,
        "8": 0.3083960711956024,
        "9": 0.3037432134151459
    },
    "48": {
        "0": 0.36131030321121216,
        "1": 0.33918124437332153,
        "2": 0.32698729634284973,
        "3": 0.3197195529937744,
        "4": 0.3169860541820526,
        "5": 0.31636205315589905,
        "6": 0.31626245379447937,
        "7": 0.3140271008014679,
        "8": 0.31385424733161926,
        "9": 0.3105615973472595
    },
    "64": {
        "0": 0.35442572832107544,
        "1": 0.32934126257896423,
        "2": 0.3190200924873352,
        "3": 0.3096699118614197,
        "4": 0.30895692110061646,
        "5": 0.3068378269672394,
        "6": 0.3030422329902649,
        "7": 0.30297714471817017,
        "8": 0.30194371938705444,
        "9": 0.3007480800151825
    },
    "80": {
        "0": 0.3587042987346649,
        "1": 0.33398890495300293,
        "2": 0.32389596104621887,
        "3": 0.3202207088470459,
        "4": 0.31923365592956543,
        "5": 0.30827993154525757,
        "6": 0.3065798282623291,
        "7": 0.30478721857070923,
        "8": 0.3018333911895752,
        "9": 0.3014526665210724
    },
    "96": {
        "0": 0.3635408580303192,
        "1": 0.3440200090408325,
        "2": 0.3350164294242859,
        "3": 0.3184269964694977,
        "4": 0.3161146640777588,
        "5": 0.3148002326488495,
        "6": 0.3142600953578949,
        "7": 0.3120073676109314,
        "8": 0.30947354435920715,
        "9": 0.3088432252407074
    },
    "112": {
        "0": 0.3631705045700073,
        "1": 0.3425614833831787,
        "2": 0.32624441385269165,
        "3": 0.3200630843639374,
        "4": 0.3190370798110962,
        "5": 0.31854286789894104,
        "6": 0.31767940521240234,
        "7": 0.3148592412471771,
        "8": 0.31427866220474243,
        "9": 0.3081420063972473
    },
    "128": {
        "0": 0.348714143037796,
        "1": 0.3255496919155121,
        "2": 0.3182288110256195,
        "3": 0.3074006140232086,
        "4": 0.3062552213668823,
        "5": 0.30134254693984985,
        "6": 0.2968927025794983,
        "7": 0.29507556557655334,
        "8": 0.29392534494400024,
        "9": 0.2932254672050476
    },
    "144": {
        "0": 0.35588473081588745,
        "1": 0.3523098826408386,
        "2": 0.3304488956928253,
        "3": 0.32740938663482666,
        "4": 0.317094087600708,
        "5": 0.3135814666748047,
        "6": 0.3119965195655823,
        "7": 0.31137222051620483,
        "8": 0.3090408742427826,
        "9": 0.3077909052371979
    },
    "160": {
        "0": 0.3624110817909241,
        "1": 0.35060515999794006,
        "2": 0.34256887435913086,
        "3": 0.32978925108909607,
        "4": 0.3233216404914856,
        "5": 0.32214224338531494,
        "6": 0.3201937675476074,
        "7": 0.31620416045188904,
        "8": 0.3160136342048645,
        "9": 0.31432294845581055
    },
    "176": {
        "0": 0.384529709815979,
        "1": 0.3569849133491516,
        "2": 0.3494601547718048,
        "3": 0.3380294740200043,
        "4": 0.3342401683330536,
        "5": 0.3335474133491516,
        "6": 0.3304536044597626,
        "7": 0.3292247951030731,
        "8": 0.3266533315181732,
        "9": 0.32426488399505615
    },
    "192": {
        "0": 0.32877856492996216,
        "1": 0.3188121020793915,
        "2": 0.30164965987205505,
        "3": 0.2992212176322937,
        "4": 0.2931208610534668,
        "5": 0.29298150539398193,
        "6": 0.29218342900276184,
        "7": 0.2895459234714508,
        "8": 0.2877402603626251,
        "9": 0.28636667132377625
    },
    "208": {
        "0": 0.35594457387924194,
        "1": 0.3366609811782837,
        "2": 0.33287036418914795,
        "3": 0.32430556416511536,
        "4": 0.3233349323272705,
        "5": 0.3076361119747162,
        "6": 0.30230122804641724,
        "7": 0.30179697275161743,
        "8": 0.30084842443466187,
        "9": 0.2996748387813568
    },
    "224": {
        "0": 0.33919861912727356,
        "1": 0.3136603832244873,
        "2": 0.3083767592906952,
        "3": 0.29783132672309875,
        "4": 0.2953125834465027,
        "5": 0.2818492352962494,
        "6": 0.2792382836341858,
        "7": 0.2769067585468292,
        "8": 0.2705720067024231,
        "9": 0.2700726389884949
    },
    "240": {
        "0": 0.3500254452228546,
        "1": 0.32855555415153503,
        "2": 0.308660626411438,
        "3": 0.3058813512325287,
        "4": 0.29246190190315247,
        "5": 0.2906908094882965,
        "6": 0.2840155065059662,
        "7": 0.27298006415367126,
        "8": 0.2695246934890747,
        "9": 0.2694666087627411
    },
    "256": {
        "0": 0.35573557019233704,
        "1": 0.33448487520217896,
        "2": 0.31578657031059265,
        "3": 0.31184956431388855,
        "4": 0.30095374584198,
        "5": 0.29463598132133484,
        "6": 0.2876441478729248,
        "7": 0.28327205777168274,
        "8": 0.2816739082336426,
        "9": 0.281656414270401
    },
    "272": {
        "0": 0.32848596572875977,
        "1": 0.3281297981739044,
        "2": 0.3223060965538025,
        "3": 0.3208889067173004,
        "4": 0.2990025579929352,
        "5": 0.2982289791107178,
        "6": 0.2916519045829773,
        "7": 0.2865835726261139,
        "8": 0.28571709990501404,
        "9": 0.28519269824028015
    },
    "288": {
        "0": 0.3309471905231476,
        "1": 0.32612907886505127,
        "2": 0.32140910625457764,
        "3": 0.3197738528251648,
        "4": 0.3151114583015442,
        "5": 0.3137515187263489,
        "6": 0.2953033149242401,
        "7": 0.29153454303741455,
        "8": 0.28627151250839233,
        "9": 0.2840575873851776
    },
    "304": {
        "0": 0.36499711871147156,
        "1": 0.3529589772224426,
        "2": 0.34814223647117615,
        "3": 0.34601089358329773,
        "4": 0.3419474959373474,
        "5": 0.3359048664569855,
        "6": 0.3180297613143921,
        "7": 0.31530123949050903,
        "8": 0.31183749437332153,
        "9": 0.3093653619289398
    },
    "320": {
        "0": 0.37070563435554504,
        "1": 0.3489842116832733,
        "2": 0.3472191393375397,
        "3": 0.34142816066741943,
        "4": 0.3388861119747162,
        "5": 0.31977468729019165,
        "6": 0.31924623250961304,
        "7": 0.31923291087150574,
        "8": 0.3126470148563385,
        "9": 0.309529572725296
    },
    "336": {
        "0": 0.3846311569213867,
        "1": 0.36185169219970703,
        "2": 0.36007997393608093,
        "3": 0.35414448380470276,
        "4": 0.3501599431037903,
        "5": 0.3423326015472412,
        "6": 0.3350701332092285,
        "7": 0.33326274156570435,
        "8": 0.3316769003868103,
        "9": 0.32686692476272583
    },
    "352": {
        "0": 0.4012576639652252,
        "1": 0.3756256103515625,
        "2": 0.36885714530944824,
        "3": 0.35526207089424133,
        "4": 0.35142824053764343,
        "5": 0.3480370044708252,