{
    "0": {
        "0": 0.3924986720085144,
        "1": 0.3794475197792053,
        "2": 0.3777526617050171,
        "3": 0.37375569343566895,
        "4": 0.3719709515571594,
        "5": 0.371243953704834,
        "6": 0.3541353642940521,
        "7": 0.3465397357940674,
        "8": 0.34087997674942017,
        "9": 0.34067270159721375
    },
    "16": {
        "0": 0.2798878252506256,
        "1": 0.2783537805080414,
        "2": 0.2720622420310974,
        "3": 0.2717929780483246,
        "4": 0.2704549729824066,
        "5": 0.2678862512111664,
        "6": 0.2627377212047577,
        "7": 0.25663501024246216,
        "8": 0.25162380933761597,
        "9": 0.24560602009296417
    },
    "32": {
        "0": 0.293046772480011,
        "1": 0.2832983732223511,
        "2": 0.27911248803138733,
        "3": 0.2751025855541229,
        "4": 0.2746390402317047,
        "5": 0.27231335639953613,
        "6": 0.26956963539123535,
        "7": 0.2573971748352051,
        "8": 0.2572936415672302,
        "9": 0.2558135688304901
    },
    "48": {
        "0": 0.3006645143032074,
        "1": 0.29344016313552856,
        "2": 0.29167884588241577,
        "3": 0.2833329141139984,
        "4": 0.2814176082611084,
        "5": 0.2795140743255615,
        "6": 0.27845171093940735,
        "7": 0.26681458950042725,
        "8": 0.2663726508617401,
        "9": 0.26633110642433167
    },
    "64": {
        "0": 0.3017987608909607,
        "1": 0.2995220124721527,
        "2": 0.2964254915714264,
        "3": 0.2949133813381195,
        "4": 0.29354584217071533,
        "5": 0.2894801199436188,
        "6": 0.28815901279449463,
        "7": 0.27741408348083496,
        "8": 0.2741934359073639,
        "9": 0.2738872468471527
    },
    "80": {
        "0": 0.31699174642562866,
        "1": 0.31408876180648804,
        "2": 0.30829864740371704,
        "3": 0.3058728575706482,
        "4": 0.3013980984687805,
        "5": 0.300114244222641,
        "6": 0.2954353094100952,
        "7": 0.29498058557510376,
        "8": 0.29408663511276245,
        "9": 0.29373812675476074
    },
    "96": {
        "0": 0.34052303433418274,
        "1": 0.32265883684158325,
        "2": 0.3191877603530884,
        "3": 0.2991813123226166,
        "4": 0.29732468724250793,
        "5": 0.29714536666870117,
        "6": 0.2910832464694977,
        "7": 0.2859238088130951,
        "8": 0.27694064378738403,
        "9": 0.276093065738678
    },
    "112": {
        "0": 0.33830520510673523,
        "1": 0.3270757794380188,
        "2": 0.32632461190223694,
        "3": 0.3044220805168152,
        "4": 0.2988155484199524,
        "5": 0.29824936389923096,
        "6": 0.29480135440826416,
        "7": 0.2938191294670105,
        "8": 0.28566887974739075,
        "9": 0.28351613879203796
    },
    "128": {
        "0": 0.37700155377388,
        "1": 0.3734923303127289,
        "2": 0.3683217167854309,
        "3": 0.3658283054828644,
        "4": 0.35896027088165283,
        "5": 0.35788148641586304,
        "6": 0.3563827872276306,
        "7": 0.35459640622138977,
        "8": 0.34375134110450745,
        "9": 0.34309133887290955
    },
    "144": {
        "0": 0.36449703574180603,
        "1": 0.3561355769634247,
        "2": 0.3490772247314453,
        "3": 0.34830692410469055,
        "4": 0.3421263098716736,
        "5": 0.33657947182655334,
        "6": 0.3357970714569092,
        "7": 0.3353032171726227,
        "8": 0.33013007044792175,
        "9": 0.3284936249256134
    },
    "160": {
        "0": 0.33402469754219055,
        "1": 0.3250942826271057,
        "2": 0.32391059398651123,
        "3": 0.32226282358169556,
        "4": 0.32005295157432556,
        "5": 0.3167705237865448,
        "6": 0.3165906071662903,
        "7": 0.3149981200695038,
        "8": 0.3144771158695221,
        "9": 0.3142922818660736
    },
    "176": {
        "0": 0.3701765537261963,
        "1": 0.3520943522453308,
        "2": 0.3508274257183075,
        "3": 0.34761759638786316,
        "4": 0.34285739064216614,
        "5": 0.3421555161476135,
        "6": 0.33516785502433777,
        "7": 0.3316163122653961,
        "8": 0.33154696226119995,
        "9": 0.3266865015029907
    },
    "192": {
        "0": 0.3683687448501587,
        "1": 0.36050480604171753,
        "2": 0.3563266396522522,
        "3": 0.3557698130607605,
        "4": 0.3463803231716156,
        "5": 0.3436110019683838,
        "6": 0.34080541133880615,
        "7": 0.33247414231300354,
        "8": 0.3301123380661011,
        "9": 0.3284098207950592
    },
    "208": {
        "0": 0.339683473110199,
        "1": 0.3282274901866913,
        "2": 0.32689613103866577,
        "3": 0.32134854793548584,
        "4": 0.32041141390800476,
        "5": 0.32005882263183594,
        "6": 0.31450915336608887,
        "7": 0.31342053413391113,
        "8": 0.31120532751083374,
        "9": 0.30870184302330017
    },
    "224": {
        "0": 0.3676278293132782,
        "1": 0.35722702741622925,
        "2": 0.35411494970321655,
        "3": 0.35373130440711975,
        "4": 0.35012632608413696,
        "5": 0.3442929685115814,
        "6": 0.3432157039642334,
        "7": 0.338303804397583,
        "8": 0.33738476037979126,
        "9": 0.33393988013267517
    },
    "240": {
        "0": 0.392450213432312,
        "1": 0.37540704011917114,
        "2": 0.3695690929889679,
        "3": 0.3660564422607422,
        "4": 0.36159032583236694,
        "5": 0.35876861214637756,
        "6": 0.35715171694755554,
        "7": 0.34962356090545654,
        "8": 0.34392935037612915,
        "9": 0.33363884687423706
    },
    "256": {
        "0": 0.2948361039161682,
        "1": 0.28099536895751953,
        "2": 0.2760930061340332,
        "3": 0.27422767877578735,
        "4": 0.271101713180542,
        "5": 0.2680256962776184,
        "6": 0.26500728726387024,
        "7": 0.2645339071750641,
        "8": 0.2635993957519531,
        "9": 0.2619902193546295
    },
    "272": {
        "0": 0.30625274777412415,
        "1": 0.30350261926651,
        "2": 0.3034994304180145,
        "3": 0.3012288212776184,
        "4": 0.29880282282829285,
        "5": 0.29481422901153564,
        "6": 0.29015836119651794,
        "7": 0.2884714901447296,
        "8": 0.28804489970207214,
        "9": 0.28784897923469543
    },
    "288": {
        "0": 0.28914541006088257,
        "1": 0.2883493900299072,
        "2": 0.2859468460083008,
        "3": 0.28228288888931274,
        "4": 0.2767018973827362,
        "5": 0.27341288328170776,
        "6": 0.27102741599082947,
        "7": 0.2686200737953186,
        "8": 0.2685963213443756,
        "9": 0.26491445302963257
    },
    "304": {
        "0": 0.3075943887233734,
        "1": 0.30440282821655273,
        "2": 0.2984444797039032,
        "3": 0.292441189289093,
        "4": 0.29061752557754517,
        "5": 0.2811735272407532,
        "6": 0.27507346868515015,
        "7": 0.2722054719924927,
        "8": 0.27215835452079773,
        "9": 0.2716054618358612
    },
    "320": {
        "0": 0.34917736053466797,
        "1": 0.3432888388633728,
        "2": 0.3335810899734497,
        "3": 0.33131223917007446,
        "4": 0.32843899726867676,
        "5": 0.31197234988212585,
        "6": 0.31183791160583496,
        "7": 0.30360710620880127,
        "8": 0.29855605959892273,
        "9": 0.2901192903518677
    },
    "336": {
        "0": 0.3202861547470093,
        "1": 0.2980725169181824,
        "2": 0.29154887795448303,
        "3": 0.28895798325538635,
        "4": 0.2825438678264618,
        "5": 0.28117063641548157,
        "6": 0.27938196063041687,
        "7": 0.27655163407325745,
        "8": 0.27473533153533936,
        "9": 0.2735666036605835
    },
    "352": {
        "0": 0.2982923686504364,
        "1": 0.2932540476322174,
        "2": 0.2834232449531555,
        "3": 0.2799595296382904,
        "4": 0.2772671580314636,
        "5": 0.267305850982666,