{
    "0": {
        "0": 0.2627822756767273,
        "1": 0.24804829061031342,
        "2": 0.2454332560300827,
        "3": 0.23824158310890198,
        "4": 0.23704898357391357,
        "5": 0.23635326325893402,
        "6": 0.2351197898387909,
        "7": 0.23188301920890808,
        "8": 0.2316884696483612,
        "9": 0.2297310084104538
    },
    "16": {
        "0": 0.3486383855342865,
        "1": 0.3249293267726898,
        "2": 0.3227519690990448,
        "3": 0.32130926847457886,
        "4": 0.31985604763031006,
        "5": 0.31519147753715515,
        "6": 0.3149271607398987,
        "7": 0.3132290244102478,
        "8": 0.3120741546154022,
        "9": 0.3079063296318054
    },
    "32": {
        "0": 0.35288524627685547,
        "1": 0.32450640201568604,
        "2": 0.32332438230514526,
        "3": 0.3199513852596283,
        "4": 0.31746795773506165,
        "5": 0.31657570600509644,
        "6": 0.3156121075153351,
        "7": 0.3131195902824402,
        "8": 0.3122808039188385,
        "9": 0.31137630343437195
    },
    "48": {
        "0": 0.35586822032928467,
        "1": 0.3275018334388733,
        "2": 0.32582682371139526,
        "3": 0.3224214017391205,
        "4": 0.32055389881134033,
        "5": 0.3186233639717102,
        "6": 0.3185354173183441,
        "7": 0.3150761127471924,
        "8": 0.3147605061531067,
        "9": 0.314357191324234
    },
    "64": {
        "0": 0.33129724860191345,
        "1": 0.3173542618751526,
        "2": 0.3170379400253296,
        "3": 0.31427937746047974,
        "4": 0.3099662661552429,
        "5": 0.30958011746406555,
        "6": 0.3039974272251129,
        "7": 0.30295583605766296,
        "8": 0.30222249031066895,
        "9": 0.30072298645973206
    },
    "80": {
        "0": 0.30589690804481506,
        "1": 0.2926326394081116,
        "2": 0.28467831015586853,
        "3": 0.28153273463249207,
        "4": 0.2779984772205353,
        "5": 0.2762073278427124,
        "6": 0.274413138628006,
        "7": 0.2703520953655243,
        "8": 0.26780036091804504,
        "9": 0.2652750611305237
    },
    "96": {
        "0": 0.33281609416007996,
        "1": 0.3233795464038849,
        "2": 0.3150794506072998,
        "3": 0.31270426511764526,
        "4": 0.3100002110004425,
        "5": 0.30289044976234436,
        "6": 0.3027251958847046,
        "7": 0.3021250069141388,
        "8": 0.29954010248184204,
        "9": 0.2994086444377899
    },
    "112": {
        "0": 0.3671450912952423,
        "1": 0.35273274779319763,
        "2": 0.3398222029209137,
        "3": 0.33528992533683777,
        "4": 0.33391159772872925,
        "5": 0.33342498540878296,
        "6": 0.3270288109779358,
        "7": 0.3254687190055847,
        "8": 0.32459133863449097,
        "9": 0.32454749941825867
    },
    "128": {
        "0": 0.3681873679161072,
        "1": 0.3587923049926758,
        "2": 0.34188112616539,
        "3": 0.340383380651474,
        "4": 0.33909064531326294,
        "5": 0.3366735577583313,
        "6": 0.33595797419548035,
        "7": 0.3332715928554535,
        "8": 0.3318701982498169,
        "9": 0.33148083090782166
    },
    "144": {
        "0": 0.3443225026130676,
        "1": 0.33832013607025146,
        "2": 0.3141587972640991,
        "3": 0.3132305443286896,
        "4": 0.3131241500377655,
        "5": 0.3118463158607483,
        "6": 0.3093807101249695,
        "7": 0.3090302348136902,
        "8": 0.3085170090198517,
        "9": 0.30564993619918823
    },
    "160": {
        "0": 0.35381829738616943,
        "1": 0.3379133641719818,
        "2": 0.334112286567688,
        "3": 0.33283698558807373,
        "4": 0.3270742893218994,
        "5": 0.3250799775123596,
        "6": 0.3162107765674591,
        "7": 0.3156673312187195,
        "8": 0.3148545026779175,
        "9": 0.31139010190963745
    },
    "176": {
        "0": 0.342528373003006,
        "1": 0.3364964723587036,
        "2": 0.3287781774997711,
        "3": 0.32042646408081055,
        "4": 0.31947797536849976,
        "5": 0.31867021322250366,
        "6": 0.31515803933143616,
        "7": 0.3144524395465851,
        "8": 0.31433331966400146,
        "9": 0.3138047158718109
    },
    "192": {
        "0": 0.3347790241241455,
        "1": 0.32766807079315186,
        "2": 0.3248865306377411,
        "3": 0.31698155403137207,
        "4": 0.3131951689720154,
        "5": 0.31244054436683655,
        "6": 0.31219685077667236,
        "7": 0.30670130252838135,
        "8": 0.30647748708724976,
        "9": 0.3058624863624573
    },
    "208": {
        "0": 0.3126128613948822,
        "1": 0.30836325883865356,
        "2": 0.299663782119751,
        "3": 0.2933727204799652,
        "4": 0.29257166385650635,
        "5": 0.2917462885379791,
        "6": 0.2911342978477478,
        "7": 0.2902682423591614,
        "8": 0.2889551520347595,
        "9": 0.2878466844558716
    },
    "224": {
        "0": 0.2902713716030121,
        "1": 0.2763097286224365,
        "2": 0.26750317215919495,
        "3": 0.26676324009895325,
        "4": 0.2656266391277313,
        "5": 0.26531973481178284,
        "6": 0.2592940032482147,
        "7": 0.25733137130737305,
        "8": 0.25638777017593384,
        "9": 0.2534846365451813
    },
    "240": {
        "0": 0.40192148089408875,
        "1": 0.3882288932800293,
        "2": 0.3778776526451111,
        "3": 0.37781593203544617,
        "4": 0.3770388960838318,
        "5": 0.3709891736507416,
        "6": 0.3620762825012207,
        "7": 0.3607454001903534,
        "8": 0.3589666187763214,
        "9": 0.35747212171554565
    },
    "256": {
        "0": 0.3578155040740967,
        "1": 0.3462015390396118,
        "2": 0.33978989720344543,
        "3": 0.33166179060935974,
        "4": 0.3258567750453949,
        "5": 0.3248163163661957,
        "6": 0.3186400234699249,
        "7": 0.3180190622806549,
        "8": 0.3178490102291107,
        "9": 0.31730982661247253
    },
    "272": {
        "0": 0.34717345237731934,
        "1": 0.32095620036125183,
        "2": 0.31765010952949524,
        "3": 0.31267353892326355,
        "4": 0.3070075809955597,
        "5": 0.3066772222518921,
        "6": 0.3062317371368408,
        "7": 0.30520427227020264,
        "8": 0.30178102850914,
        "9": 0.2986275851726532
    },
    "288": {
        "0": 0.35663145780563354,
        "1": 0.3260602355003357,
        "2": 0.3214217722415924,
        "3": 0.3106309473514557,
        "4": 0.3066295385360718,
        "5": 0.3062301576137543,
        "6": 0.30458152294158936,
        "7": 0.3037821054458618,
        "8": 0.3035624027252197,
        "9": 0.30312156677246094
    },
    "304": {
        "0": 0.3542724847793579,
        "1": 0.3256952464580536,
        "2": 0.3237743675708771,
        "3": 0.314451664686203,
        "4": 0.30746451020240784,
        "5": 0.30739226937294006,
        "6": 0.3047288954257965,
        "7": 0.30098116397857666,
        "8": 0.2998518645763397,
        "9": 0.298806369304657
    },
    "320": {
        "0": 0.32631248235702515,
        "1": 0.3046593964099884,
        "2": 0.3014167547225952,
        "3": 0.28554365038871765,
        "4": 0.2853311002254486,
        "5": 0.27986887097358704,
        "6": 0.2785135805606842,
        "7": 0.27619993686676025,
        "8": 0.2756190598011017,
        "9": 0.27480632066726685
    },
    "336": {
        "0": 0.3398733139038086,
        "1": 0.32910436391830444,
        "2": 0.3178567886352539,
        "3": 0.31395822763442993,
        "4": 0.311477929353714,
        "5": 0.3034270405769348,
        "6": 0.30300983786582947,
        "7": 0.3015042543411255,
        "8": 0.3012314438819885,
        "9": 0.29976850748062134
    },
    "352": {
        "0": 0.3689391314983368,
        "1": 0.3575967848300934,
        "2": 0.3352314531803131,
        "3": 0.33126670122146606,
        "4": 0.32663336396217346,
        "5": 0.32579153776168823,
        "6": 0.323860764503479,