{
    "0": {
        "0": 0.3193962574005127,
        "1": 0.3143998384475708,
        "2": 0.3120953142642975,
        "3": 0.3044479489326477,
        "4": 0.30226945877075195,
        "5": 0.29901203513145447,
        "6": 0.2984650135040283,
        "7": 0.2976314425468445,
        "8": 0.2935464084148407,
        "9": 0.2908749282360077
    },
    "16": {
        "0": 0.3331263065338135,
        "1": 0.32847079634666443,
        "2": 0.31952592730522156,
        "3": 0.3190046548843384,
        "4": 0.31711336970329285,
        "5": 0.3136720061302185,
        "6": 0.31142038106918335,
        "7": 0.30925583839416504,
        "8": 0.30781975388526917,
        "9": 0.3057938516139984
    },
    "32": {
        "0": 0.37832316756248474,
        "1": 0.3756996989250183,
        "2": 0.37392061948776245,
        "3": 0.3709622621536255,
        "4": 0.3697454333305359,
        "5": 0.36564725637435913,
        "6": 0.3638589084148407,
        "7": 0.36189743876457214,
        "8": 0.36177197098731995,
        "9": 0.3607899248600006
    },
    "48": {
        "0": 0.33884957432746887,
        "1": 0.3326111435890198,
        "2": 0.32869818806648254,
        "3": 0.3278684616088867,
        "4": 0.32613229751586914,
        "5": 0.3252374827861786,
        "6": 0.3218926787376404,
        "7": 0.3214181959629059,
        "8": 0.31969282031059265,
        "9": 0.31710952520370483
    },
    "64": {
        "0": 0.3045375943183899,
        "1": 0.2984164357185364,
        "2": 0.29695945978164673,
        "3": 0.2964271903038025,
        "4": 0.29615628719329834,
        "5": 0.295971542596817,
        "6": 0.2910207509994507,
        "7": 0.2901732325553894,
        "8": 0.2901531159877777,
        "9": 0.28254804015159607
    },
    "80": {
        "0": 0.30942681431770325,
        "1": 0.30633780360221863,
        "2": 0.30136042833328247,
        "3": 0.2989821135997772,
        "4": 0.2926323711872101,
        "5": 0.2891882658004761,
        "6": 0.2887471914291382,
        "7": 0.28595981001853943,
        "8": 0.28526514768600464,
        "9": 0.28231558203697205
    },
    "96": {
        "0": 0.32967105507850647,
        "1": 0.3260647654533386,
        "2": 0.3241332173347473,
        "3": 0.3208746016025543,
        "4": 0.3151901662349701,
        "5": 0.31060463190078735,
        "6": 0.3072214722633362,
        "7": 0.3037010729312897,
        "8": 0.3022705614566803,
        "9": 0.29758867621421814
    },
    "112": {
        "0": 0.312383770942688,
        "1": 0.3117772936820984,
        "2": 0.3103809654712677,
        "3": 0.3093155324459076,
        "4": 0.3063211739063263,
        "5": 0.30323275923728943,
        "6": 0.30173516273498535,
        "7": 0.29998600482940674,
        "8": 0.2981647849082947,
        "9": 0.29777055978775024
    },
    "128": {
        "0": 0.3561062514781952,
        "1": 0.3560158610343933,
        "2": 0.3543706238269806,
        "3": 0.3494742512702942,
        "4": 0.3483973443508148,
        "5": 0.34292855858802795,
        "6": 0.34143537282943726,
        "7": 0.34016314148902893,
        "8": 0.3399897813796997,
        "9": 0.33232107758522034
    },
    "144": {
        "0": 0.38629162311553955,
        "1": 0.36946749687194824,
        "2": 0.3595820963382721,
        "3": 0.35865429043769836,
        "4": 0.3498464822769165,
        "5": 0.3369825780391693,
        "6": 0.3334174156188965,
        "7": 0.3237692713737488,
        "8": 0.3204271197319031,
        "9": 0.3192801773548126
    },
    "160": {
        "0": 0.3948827385902405,
        "1": 0.39386269450187683,
        "2": 0.37796080112457275,
        "3": 0.3657935857772827,
        "4": 0.362519770860672,
        "5": 0.355227530002594,
        "6": 0.3549126982688904,
        "7": 0.35033756494522095,
        "8": 0.3443182706832886,
        "9": 0.32631492614746094
    },
    "176": {
        "0": 0.40535154938697815,
        "1": 0.3955135941505432,
        "2": 0.38352805376052856,
        "3": 0.36957812309265137,
        "4": 0.36638760566711426,
        "5": 0.36435022950172424,
        "6": 0.3627159297466278,
        "7": 0.3525254428386688,
        "8": 0.33004486560821533,
        "9": 0.3140169680118561
    },
    "192": {
        "0": 0.3998771607875824,
        "1": 0.3876998722553253,
        "2": 0.3870108723640442,
        "3": 0.37125644087791443,
        "4": 0.3691096603870392,
        "5": 0.3643352687358856,
        "6": 0.35889583826065063,
        "7": 0.3575360178947449,
        "8": 0.34756410121917725,
        "9": 0.34684106707572937
    },
    "208": {
        "0": 0.40300020575523376,
        "1": 0.3895646631717682,
        "2": 0.38888227939605713,
        "3": 0.3729095757007599,
        "4": 0.37284496426582336,
        "5": 0.36983242630958557,
        "6": 0.3643089234828949,
        "7": 0.36418038606643677,
        "8": 0.34768858551979065,
        "9": 0.34743037819862366
    },
    "224": {
        "0": 0.3868364691734314,
        "1": 0.3400637209415436,
        "2": 0.3362821340560913,
        "3": 0.332558274269104,
        "4": 0.33016517758369446,
        "5": 0.3248928487300873,
        "6": 0.3197096884250641,
        "7": 0.3136545717716217,
        "8": 0.31209853291511536,
        "9": 0.30851852893829346
    },
    "240": {
        "0": 0.36587071418762207,
        "1": 0.3344370722770691,
        "2": 0.327054500579834,
        "3": 0.32651621103286743,
        "4": 0.321177214384079,
        "5": 0.319473534822464,
        "6": 0.31848978996276855,
        "7": 0.3150368928909302,
        "8": 0.31280145049095154,
        "9": 0.3123438060283661
    },
    "256": {
        "0": 0.3932972252368927,
        "1": 0.35948508977890015,
        "2": 0.35831594467163086,
        "3": 0.3581850230693817,
        "4": 0.34771475195884705,
        "5": 0.346525639295578,
        "6": 0.34639307856559753,
        "7": 0.33986222743988037,
        "8": 0.336638867855072,
        "9": 0.33329713344573975
    },
    "272": {
        "0": 0.37133336067199707,
        "1": 0.36614447832107544,
        "2": 0.364440381526947,
        "3": 0.3590441048145294,
        "4": 0.35826513171195984,
        "5": 0.34994029998779297,
        "6": 0.34811273217201233,
        "7": 0.34493935108184814,
        "8": 0.34414586424827576,
        "9": 0.3420056998729706
    },
    "288": {
        "0": 0.3797881007194519,
        "1": 0.3791543245315552,
        "2": 0.37484198808670044,
        "3": 0.3698579967021942,
        "4": 0.3643364906311035,
        "5": 0.3523057699203491,
        "6": 0.35185033082962036,
        "7": 0.3455348014831543,
        "8": 0.34160396456718445,
        "9": 0.34155717492103577
    },
    "304": {
        "0": 0.34518060088157654,
        "1": 0.34268918633461,
        "2": 0.33003148436546326,
        "3": 0.3216221332550049,
        "4": 0.3098977506160736,
        "5": 0.29721906781196594,
        "6": 0.2889404892921448,
        "7": 0.2888317108154297,
        "8": 0.28739607334136963,
        "9": 0.28219103813171387
    },
    "320": {
        "0": 0.37612348794937134,
        "1": 0.36127176880836487,
        "2": 0.35962486267089844,
        "3": 0.3442322015762329,
        "4": 0.3439858853816986,
        "5": 0.32972294092178345,
        "6": 0.32297736406326294,
        "7": 0.319109708070755,
        "8": 0.3158278167247772,
        "9": 0.3130453824996948
    },
    "336": {
        "0": 0.3425137996673584,
        "1": 0.33100593090057373,
        "2": 0.32433241605758667,
        "3": 0.31426453590393066,
        "4": 0.31169432401657104,
        "5": 0.29920053482055664,
        "6": 0.28935718536376953,
        "7": 0.2841506004333496,
        "8": 0.2829204797744751,
        "9": 0.28256914019584656
    },
    "352": {
        "0": 0.37737739086151123,
        "1": 0.37685656547546387,
        "2": 0.3502204716205597,
        "3": 0.34981289505958557,
        "4": 0.34750065207481384,
        "5": 0.33721551299095154,