{
    "0": {
        "0": 0.42693862318992615,
        "1": 0.4084170162677765,
        "2": 0.3913896083831787,
        "3": 0.39062970876693726,
        "4": 0.39009931683540344,
        "5": 0.3887453079223633,
        "6": 0.3876572549343109,
        "7": 0.38634517788887024,
        "8": 0.3759115934371948,
        "9": 0.3756333291530609
    },
    "16": {
        "0": 0.4205825626850128,
        "1": 0.39983999729156494,
        "2": 0.3888216018676758,
        "3": 0.38785624504089355,
        "4": 0.3876180350780487,
        "5": 0.3839278221130371,
        "6": 0.3838673233985901,
        "7": 0.3826903998851776,
        "8": 0.38242924213409424,
        "9": 0.3789987564086914
    },
    "32": {
        "0": 0.4101219177246094,
        "1": 0.4080241322517395,
        "2": 0.4026252329349518,
        "3": 0.39626196026802063,
        "4": 0.38759467005729675,
        "5": 0.3844267725944519,
        "6": 0.3837119936943054,
        "7": 0.38147246837615967,
        "8": 0.3794296681880951,
        "9": 0.3788522481918335
    },
    "48": {
        "0": 0.42619964480400085,
        "1": 0.4149688482284546,
        "2": 0.40150272846221924,
        "3": 0.39345207810401917,
        "4": 0.3894652724266052,
        "5": 0.3892747759819031,
        "6": 0.3852454721927643,
        "7": 0.384307324886322,
        "8": 0.38239288330078125,
        "9": 0.3772648572921753
    },
    "64": {
        "0": 0.3925535976886749,
        "1": 0.38218802213668823,
        "2": 0.37980690598487854,
        "3": 0.37676534056663513,
        "4": 0.364372581243515,
        "5": 0.36181381344795227,
        "6": 0.36180126667022705,
        "7": 0.36108627915382385,
        "8": 0.3593543469905853,
        "9": 0.3591431677341461
    },
    "80": {
        "0": 0.44036537408828735,
        "1": 0.4239242374897003,
        "2": 0.4055540859699249,
        "3": 0.4034796953201294,
        "4": 0.40086600184440613,
        "5": 0.4000406861305237,
        "6": 0.39973288774490356,
        "7": 0.39826834201812744,
        "8": 0.3873533606529236,
        "9": 0.38672301173210144
    },
    "96": {
        "0": 0.3989064693450928,
        "1": 0.3942495882511139,
        "2": 0.37855443358421326,
        "3": 0.3650786280632019,
        "4": 0.36160212755203247,
        "5": 0.35915693640708923,
        "6": 0.35785192251205444,
        "7": 0.35507383942604065,
        "8": 0.3543075919151306,
        "9": 0.3542775809764862
    },
    "112": {
        "0": 0.39787033200263977,
        "1": 0.39705735445022583,
        "2": 0.37754738330841064,
        "3": 0.3760964274406433,
        "4": 0.37549516558647156,
        "5": 0.3740861117839813,
        "6": 0.3725324869155884,
        "7": 0.3706066310405731,
        "8": 0.3660655915737152,
        "9": 0.3647584319114685
    },
    "128": {
        "0": 0.40468668937683105,
        "1": 0.3845720887184143,
        "2": 0.3844834566116333,
        "3": 0.38334575295448303,
        "4": 0.38077712059020996,
        "5": 0.377778023481369,
        "6": 0.36721494793891907,
        "7": 0.3656424283981323,
        "8": 0.36440932750701904,
        "9": 0.356810063123703
    },
    "144": {
        "0": 0.3798678517341614,
        "1": 0.37009844183921814,
        "2": 0.36332595348358154,
        "3": 0.35988178849220276,
        "4": 0.3597055971622467,
        "5": 0.3573240637779236,
        "6": 0.3561498522758484,
        "7": 0.3539271652698517,
        "8": 0.353681743144989,
        "9": 0.3499722480773926
    },
    "160": {
        "0": 0.3893619775772095,
        "1": 0.38564977049827576,
        "2": 0.3834190368652344,
        "3": 0.37987667322158813,
        "4": 0.36902204155921936,
        "5": 0.36847153306007385,
        "6": 0.3675101697444916,
        "7": 0.3674466609954834,
        "8": 0.36423009634017944,
        "9": 0.36253729462623596
    },
    "176": {
        "0": 0.32355403900146484,
        "1": 0.31844356656074524,
        "2": 0.31350165605545044,
        "3": 0.312579870223999,
        "4": 0.31215375661849976,
        "5": 0.310147762298584,
        "6": 0.30422890186309814,
        "7": 0.3004606366157532,
        "8": 0.29004424810409546,
        "9": 0.28624439239501953
    },
    "192": {
        "0": 0.3918665647506714,
        "1": 0.38305485248565674,
        "2": 0.3724825978279114,
        "3": 0.3715490698814392,
        "4": 0.3712313175201416,
        "5": 0.3711695671081543,
        "6": 0.36826640367507935,
        "7": 0.3677392601966858,
        "8": 0.3664261996746063,
        "9": 0.3640986979007721
    },
    "208": {
        "0": 0.3776758015155792,
        "1": 0.36600756645202637,
        "2": 0.3652305006980896,
        "3": 0.35620152950286865,
        "4": 0.3550320267677307,
        "5": 0.34917497634887695,
        "6": 0.34672194719314575,
        "7": 0.34516435861587524,
        "8": 0.343027263879776,
        "9": 0.3418281674385071
    },
    "224": {
        "0": 0.387909859418869,
        "1": 0.3731757700443268,
        "2": 0.37264373898506165,
        "3": 0.36478641629219055,
        "4": 0.36107760667800903,
        "5": 0.352977991104126,
        "6": 0.3528842628002167,
        "7": 0.34899282455444336,
        "8": 0.34222856163978577,
        "9": 0.3399023711681366
    },
    "240": {
        "0": 0.38897255063056946,
        "1": 0.3809025287628174,
        "2": 0.3784031867980957,
        "3": 0.3774513602256775,
        "4": 0.375043123960495,
        "5": 0.37474873661994934,
        "6": 0.37080875039100647,
        "7": 0.37008094787597656,
        "8": 0.36898377537727356,
        "9": 0.36600005626678467
    },
    "256": {
        "0": 0.35269758105278015,
        "1": 0.34415289759635925,
        "2": 0.33397164940834045,
        "3": 0.33285078406333923,
        "4": 0.3302542567253113,
        "5": 0.3291813135147095,
        "6": 0.3274289667606354,
        "7": 0.32431158423423767,
        "8": 0.3226226568222046,
        "9": 0.3213890492916107
    },
    "272": {
        "0": 0.3969309628009796,
        "1": 0.39482975006103516,
        "2": 0.379646360874176,
        "3": 0.37718427181243896,
        "4": 0.3751163184642792,
        "5": 0.3739532232284546,
        "6": 0.3734526038169861,
        "7": 0.36526399850845337,
        "8": 0.36482107639312744,
        "9": 0.3631707727909088
    },
    "288": {
        "0": 0.4034123420715332,
        "1": 0.40112364292144775,
        "2": 0.3946499824523926,
        "3": 0.3944762051105499,
        "4": 0.3823454678058624,
        "5": 0.38018518686294556,
        "6": 0.3788311779499054,
        "7": 0.37530213594436646,
        "8": 0.3698514699935913,
        "9": 0.36978814005851746
    },
    "304": {
        "0": 0.39396196603775024,
        "1": 0.38594046235084534,
        "2": 0.38115057349205017,
        "3": 0.3787856698036194,
        "4": 0.3774530291557312,
        "5": 0.3752075731754303,
        "6": 0.36932599544525146,
        "7": 0.36283236742019653,
        "8": 0.3524422347545624,
        "9": 0.3514334559440613
    },
    "320": {
        "0": 0.3761228621006012,
        "1": 0.3712615668773651,
        "2": 0.3686620891094208,
        "3": 0.3600749671459198,
        "4": 0.3490067422389984,
        "5": 0.3464887738227844,
        "6": 0.3461872637271881,
        "7": 0.3443180322647095,
        "8": 0.3371434509754181,
        "9": 0.33647096157073975
    },
    "336": {
        "0": 0.39505642652511597,
        "1": 0.37526682019233704,
        "2": 0.3747570216655731,
        "3": 0.37388238310813904,
        "4": 0.37357187271118164,
        "5": 0.3698207437992096,
        "6": 0.3528011441230774,
        "7": 0.35119861364364624,
        "8": 0.3510076403617859,
        "9": 0.3495972454547882
    },
    "352": {
        "0": 0.3244825601577759,
        "1": 0.3238731920719147,
        "2": 0.3055846393108368,
        "3": 0.3040599822998047,
        "4": 0.3040395677089691,
        "5": 0.30367499589920044,