{
    "0": {
        "0": 0.3958417773246765,
        "1": 0.3847496807575226,
        "2": 0.38294827938079834,
        "3": 0.37531137466430664,
        "4": 0.3727443218231201,
        "5": 0.36710286140441895,
        "6": 0.36649829149246216,
        "7": 0.3664218783378601,
        "8": 0.36242538690567017,
        "9": 0.3609994053840637
    },
    "16": {
        "0": 0.3813284933567047,
        "1": 0.37021932005882263,
        "2": 0.36861005425453186,
        "3": 0.3673141300678253,
        "4": 0.35854965448379517,
        "5": 0.35526877641677856,
        "6": 0.35344964265823364,
        "7": 0.35155436396598816,
        "8": 0.348156213760376,
        "9": 0.343960702419281
    },
    "32": {
        "0": 0.34389540553092957,
        "1": 0.3355209529399872,
        "2": 0.33377382159233093,
        "3": 0.3271253705024719,
        "4": 0.3251599073410034,
        "5": 0.32476380467414856,
        "6": 0.32419365644454956,
        "7": 0.3233988881111145,
        "8": 0.3164626359939575,
        "9": 0.315708190202713
    },
    "48": {
        "0": 0.39050614833831787,
        "1": 0.3858151137828827,
        "2": 0.38540634512901306,
        "3": 0.3835406005382538,
        "4": 0.38318318128585815,
        "5": 0.37907272577285767,
        "6": 0.3535531461238861,
        "7": 0.34843939542770386,
        "8": 0.34420904517173767,
        "9": 0.3418576121330261
    },
    "64": {
        "0": 0.3810334801673889,
        "1": 0.37331080436706543,
        "2": 0.372157484292984,
        "3": 0.3710547685623169,
        "4": 0.3680962920188904,
        "5": 0.3659873902797699,
        "6": 0.34594351053237915,
        "7": 0.33996960520744324,
        "8": 0.33246132731437683,
        "9": 0.32951632142066956
    },
    "80": {
        "0": 0.3973195552825928,
        "1": 0.39140334725379944,
        "2": 0.38958632946014404,
        "3": 0.38576385378837585,
        "4": 0.3841029703617096,
        "5": 0.3774360120296478,
        "6": 0.3576103448867798,
        "7": 0.3506254553794861,
        "8": 0.35006484389305115,
        "9": 0.3494667708873749
    },
    "96": {
        "0": 0.3576345145702362,
        "1": 0.3283485472202301,
        "2": 0.3265805244445801,
        "3": 0.32635733485221863,
        "4": 0.32255056500434875,
        "5": 0.31648993492126465,
        "6": 0.3152233064174652,
        "7": 0.31485581398010254,
        "8": 0.31424716114997864,
        "9": 0.3131555914878845
    },
    "112": {
        "0": 0.4106440544128418,
        "1": 0.40910372138023376,
        "2": 0.40810343623161316,
        "3": 0.3976532220840454,
        "4": 0.3966642916202545,
        "5": 0.39660727977752686,
        "6": 0.38994839787483215,
        "7": 0.3870050013065338,
        "8": 0.3823801279067993,
        "9": 0.3804641664028168
    },
    "128": {
        "0": 0.40274348855018616,
        "1": 0.40213239192962646,
        "2": 0.40002143383026123,
        "3": 0.39150145649909973,
        "4": 0.39110979437828064,
        "5": 0.38855552673339844,
        "6": 0.3847261369228363,
        "7": 0.37941133975982666,
        "8": 0.3702055811882019,
        "9": 0.36964792013168335
    },
    "144": {
        "0": 0.41262906789779663,
        "1": 0.3992806077003479,
        "2": 0.39763379096984863,
        "3": 0.39576542377471924,
        "4": 0.3954404890537262,
        "5": 0.3948470652103424,
        "6": 0.3907315731048584,
        "7": 0.3857037425041199,
        "8": 0.3844473958015442,
        "9": 0.382872998714447
    },
    "160": {
        "0": 0.3998420238494873,
        "1": 0.3843120336532593,
        "2": 0.38381797075271606,
        "3": 0.3829633295536041,
        "4": 0.382773220539093,
        "5": 0.38126882910728455,
        "6": 0.3792412579059601,
        "7": 0.3762321174144745,
        "8": 0.37506303191185,
        "9": 0.3688575327396393
    },
    "176": {
        "0": 0.338832288980484,
        "1": 0.3306409418582916,
        "2": 0.32759809494018555,
        "3": 0.3256394863128662,
        "4": 0.3254259526729584,
        "5": 0.3240523338317871,
        "6": 0.3221614956855774,
        "7": 0.31729331612586975,
        "8": 0.3172789514064789,
        "9": 0.31011688709259033
    },
    "192": {
        "0": 0.30409467220306396,
        "1": 0.30409467220306396,
        "2": 0.30409467220306396,
        "3": 0.30409467220306396,
        "4": 0.30409467220306396,
        "5": 0.30409467220306396,
        "6": 0.26561975479125977,
        "7": 0.26210448145866394,
        "8": 0.25545233488082886,
        "9": 0.25497326254844666
    },
    "208": {
        "0": 0.318660169839859,
        "1": 0.30550679564476013,
        "2": 0.30339759588241577,
        "3": 0.29964157938957214,
        "4": 0.2972244620323181,
        "5": 0.2968895733356476,
        "6": 0.29685264825820923,
        "7": 0.29199081659317017,
        "8": 0.2886464297771454,
        "9": 0.2869517505168915
    },
    "224": {
        "0": 0.39947018027305603,
        "1": 0.38858285546302795,
        "2": 0.3498428165912628,
        "3": 0.3318614959716797,
        "4": 0.31583666801452637,
        "5": 0.308468759059906,
        "6": 0.3048500120639801,
        "7": 0.28254684805870056,
        "8": 0.2137926071882248,
        "9": 0.21258266270160675
    },
    "240": {
        "0": 0.41706299781799316,
        "1": 0.4159449338912964,
        "2": 0.39584866166114807,
        "3": 0.39053958654403687,
        "4": 0.38585108518600464,
        "5": 0.3801509141921997,
        "6": 0.36984628438949585,
        "7": 0.34527483582496643,
        "8": 0.32663947343826294,
        "9": 0.3199593722820282
    },
    "256": {
        "0": 0.39667779207229614,
        "1": 0.3937934339046478,
        "2": 0.37522146105766296,
        "3": 0.36287277936935425,
        "4": 0.35785380005836487,
        "5": 0.3573063611984253,
        "6": 0.34082841873168945,
        "7": 0.3154588043689728,
        "8": 0.29845717549324036,
        "9": 0.29397788643836975
    },
    "272": {
        "0": 0.3835766911506653,
        "1": 0.37828710675239563,
        "2": 0.376413494348526,
        "3": 0.3713458478450775,
        "4": 0.34990033507347107,
        "5": 0.3447498083114624,
        "6": 0.32770296931266785,
        "7": 0.31531020998954773,
        "8": 0.3039902150630951,
        "9": 0.2984783351421356
    },
    "288": {
        "0": 0.43657898902893066,
        "1": 0.4296037554740906,
        "2": 0.39749422669410706,
        "3": 0.395944207906723,
        "4": 0.3783063590526581,
        "5": 0.3709045648574829,
        "6": 0.33328044414520264,
        "7": 0.3285475969314575,
        "8": 0.32786762714385986,
        "9": 0.31752079725265503
    },
    "304": {
        "0": 0.4445079565048218,
        "1": 0.436454176902771,
        "2": 0.3986404240131378,
        "3": 0.3926313817501068,
        "4": 0.38507550954818726,
        "5": 0.3803378939628601,
        "6": 0.34053516387939453,
        "7": 0.32019364833831787,
        "8": 0.3140728175640106,
        "9": 0.30427199602127075
    },
    "320": {
        "0": 0.4133451581001282,
        "1": 0.4089762568473816,
        "2": 0.36987632513046265,
        "3": 0.36845558881759644,
        "4": 0.36460453271865845,
        "5": 0.36266645789146423,
        "6": 0.3477333188056946,
        "7": 0.31079915165901184,
        "8": 0.29115527868270874,
        "9": 0.2839507460594177
    },
    "336": {
        "0": 0.37954869866371155,
        "1": 0.37263748049736023,
        "2": 0.32654815912246704,
        "3": 0.3105621933937073,
        "4": 0.30313754081726074,
        "5": 0.27458474040031433,
        "6": 0.258485347032547,
        "7": 0.24285879731178284,
        "8": 0.18388588726520538,
        "9": 0.18365265429019928
    },
    "352": {
        "0": 0.45309978723526,
        "1": 0.4456586539745331,
        "2": 0.4391309320926666,
        "3": 0.4356147050857544,
        "4": 0.42618775367736816,
        "5": 0.4168627858161926,