{
    "0": {
        "0": 0.39127522706985474,
        "1": 0.39125901460647583,
        "2": 0.37870022654533386,
        "3": 0.37300416827201843,
        "4": 0.3652074337005615,
        "5": 0.3644511103630066,
        "6": 0.36358630657196045,
        "7": 0.3626444339752197,
        "8": 0.3619381785392761,
        "9": 0.36072179675102234
    },
    "16": {
        "0": 0.3716622292995453,
        "1": 0.36061891913414,
        "2": 0.3371826112270355,
        "3": 0.32980331778526306,
        "4": 0.32828468084335327,
        "5": 0.3254196047782898,
        "6": 0.3222861588001251,
        "7": 0.3137504756450653,
        "8": 0.31291618943214417,
        "9": 0.30499494075775146
    },
    "32": {
        "0": 0.4008009433746338,
        "1": 0.38411831855773926,
        "2": 0.38407349586486816,
        "3": 0.380400687456131,
        "4": 0.37976107001304626,
        "5": 0.3752131760120392,
        "6": 0.37266963720321655,
        "7": 0.3690226078033447,
        "8": 0.36899396777153015,
        "9": 0.36814749240875244
    },
    "48": {
        "0": 0.36531949043273926,
        "1": 0.36283761262893677,
        "2": 0.3626897633075714,
        "3": 0.357671320438385,
        "4": 0.35116639733314514,
        "5": 0.3504292666912079,
        "6": 0.3493879437446594,
        "7": 0.3443901538848877,
        "8": 0.34372860193252563,
        "9": 0.3408626317977905
    },
    "64": {
        "0": 0.3714465796947479,
        "1": 0.35348638892173767,
        "2": 0.3518099784851074,
        "3": 0.35075727105140686,
        "4": 0.34856870770454407,
        "5": 0.34616899490356445,
        "6": 0.34331148862838745,
        "7": 0.3427552282810211,
        "8": 0.3411724269390106,
        "9": 0.3405611515045166
    },
    "80": {
        "0": 0.34966978430747986,
        "1": 0.3447187840938568,
        "2": 0.3433598577976227,
        "3": 0.3372315764427185,
        "4": 0.3350847661495209,
        "5": 0.3346189260482788,
        "6": 0.32870256900787354,
        "7": 0.3273942172527313,
        "8": 0.32461851835250854,
        "9": 0.3242081105709076
    },
    "96": {
        "0": 0.3824298083782196,
        "1": 0.378019243478775,
        "2": 0.37290990352630615,
        "3": 0.3677833080291748,
        "4": 0.3519928455352783,
        "5": 0.3519808053970337,
        "6": 0.3466230034828186,
        "7": 0.3409493565559387,
        "8": 0.34035366773605347,
        "9": 0.3362835943698883
    },
    "112": {
        "0": 0.3692359924316406,
        "1": 0.35644352436065674,
        "2": 0.35479724407196045,
        "3": 0.35239630937576294,
        "4": 0.35190656781196594,
        "5": 0.35173842310905457,
        "6": 0.351284384727478,
        "7": 0.35121381282806396,
        "8": 0.3492269515991211,
        "9": 0.34828564524650574
    },
    "128": {
        "0": 0.36322370171546936,
        "1": 0.36231690645217896,
        "2": 0.3527916371822357,
        "3": 0.35211795568466187,
        "4": 0.35204175114631653,
        "5": 0.35076430439949036,
        "6": 0.3476238250732422,
        "7": 0.3459840416908264,
        "8": 0.34474977850914,
        "9": 0.34295445680618286
    },
    "144": {
        "0": 0.3534001410007477,
        "1": 0.34685879945755005,
        "2": 0.34083014726638794,
        "3": 0.33715465664863586,
        "4": 0.3369697332382202,
        "5": 0.3359619975090027,
        "6": 0.33458802103996277,
        "7": 0.32768887281417847,
        "8": 0.3269573748111725,
        "9": 0.326101690530777
    },
    "160": {
        "0": 0.34001556038856506,
        "1": 0.3399651348590851,
        "2": 0.33980411291122437,
        "3": 0.33300960063934326,
        "4": 0.3195246756076813,
        "5": 0.3173711597919464,
        "6": 0.31678739190101624,
        "7": 0.31569352746009827,
        "8": 0.30989426374435425,
        "9": 0.30947625637054443
    },
    "176": {
        "0": 0.3572235107421875,
        "1": 0.34738126397132874,
        "2": 0.3421030044555664,
        "3": 0.3410934507846832,
        "4": 0.3367646634578705,
        "5": 0.3363969326019287,
        "6": 0.3340153098106384,
        "7": 0.3337549567222595,
        "8": 0.3281647264957428,
        "9": 0.32786551117897034
    },
    "192": {
        "0": 0.3652840852737427,
        "1": 0.3533666729927063,
        "2": 0.3488991856575012,
        "3": 0.3469618260860443,
        "4": 0.3382270932197571,
        "5": 0.32634907960891724,
        "6": 0.32482028007507324,
        "7": 0.31646445393562317,
        "8": 0.312786728143692,
        "9": 0.30917635560035706
    },
    "208": {
        "0": 0.37387582659721375,
        "1": 0.3582785427570343,
        "2": 0.3581963777542114,
        "3": 0.35387951135635376,
        "4": 0.3466469943523407,
        "5": 0.3431690037250519,
        "6": 0.34279727935791016,
        "7": 0.34132149815559387,
        "8": 0.33866581320762634,
        "9": 0.33527591824531555
    },
    "224": {
        "0": 0.3918330669403076,
        "1": 0.3859797418117523,
        "2": 0.37736162543296814,
        "3": 0.3743950128555298,
        "4": 0.37308746576309204,
        "5": 0.36736297607421875,
        "6": 0.3656338155269623,
        "7": 0.3590642213821411,
        "8": 0.3574965000152588,
        "9": 0.35507574677467346
    },
    "240": {
        "0": 0.3460242748260498,
        "1": 0.34202855825424194,
        "2": 0.3419276475906372,
        "3": 0.33665570616722107,
        "4": 0.3265610635280609,
        "5": 0.32639357447624207,
        "6": 0.3228330910205841,
        "7": 0.3196942210197449,
        "8": 0.31919214129447937,
        "9": 0.3184035122394562
    },
    "256": {
        "0": 0.35750946402549744,
        "1": 0.3379509150981903,
        "2": 0.32759496569633484,
        "3": 0.32502231001853943,
        "4": 0.3227818012237549,
        "5": 0.312359094619751,
        "6": 0.30791738629341125,
        "7": 0.30264249444007874,
        "8": 0.3013498783111572,
        "9": 0.300436794757843
    },
    "272": {
        "0": 0.28332269191741943,
        "1": 0.2739231586456299,
        "2": 0.27339452505111694,
        "3": 0.2620130777359009,
        "4": 0.2616123557090759,
        "5": 0.2536192834377289,
        "6": 0.25357311964035034,
        "7": 0.25356778502464294,
        "8": 0.2523466646671295,
        "9": 0.2517455816268921
    },
    "288": {
        "0": 0.3046605587005615,
        "1": 0.2950395941734314,
        "2": 0.29498812556266785,
        "3": 0.2905067503452301,
        "4": 0.2878170609474182,
        "5": 0.2870015501976013,
        "6": 0.2819764316082001,
        "7": 0.27740585803985596,
        "8": 0.2760416269302368,
        "9": 0.2733477056026459
    },
    "304": {
        "0": 0.3145604133605957,
        "1": 0.3069295883178711,
        "2": 0.3062804639339447,
        "3": 0.30014458298683167,
        "4": 0.29634127020835876,
        "5": 0.29481881856918335,
        "6": 0.2946053743362427,
        "7": 0.29361677169799805,
        "8": 0.29176342487335205,
        "9": 0.2902637720108032
    },
    "320": {
        "0": 0.31658321619033813,
        "1": 0.31276533007621765,
        "2": 0.30698561668395996,
        "3": 0.29704463481903076,
        "4": 0.29424065351486206,
        "5": 0.29030829668045044,
        "6": 0.2885235548019409,
        "7": 0.2875364124774933,
        "8": 0.28726741671562195,
        "9": 0.28583186864852905
    },
    "336": {
        "0": 0.2710723578929901,
        "1": 0.2652081847190857,
        "2": 0.2628867030143738,
        "3": 0.2529972195625305,
        "4": 0.24805046617984772,
        "5": 0.24359777569770813,
        "6": 0.2404281347990036,
        "7": 0.23381875455379486,
        "8": 0.2207091599702835,
        "9": 0.21783147752285004
    },
    "352": {
        "0": 0.26177990436553955,
        "1": 0.2598746418952942,
        "2": 0.25872981548309326,
        "3": 0.25619378685951233,
        "4": 0.2547922730445862,
        "5": 0.25335511565208435,