{
    "0": {
        "0": 0.3391014635562897,
        "1": 0.32534724473953247,
        "2": 0.32130810618400574,
        "3": 0.31924331188201904,
        "4": 0.3167695701122284,
        "5": 0.29872772097587585,
        "6": 0.2954895496368408,
        "7": 0.2923257350921631,
        "8": 0.29078224301338196,
        "9": 0.28753799200057983
    },
    "16": {
        "0": 0.3128311038017273,
        "1": 0.3016589879989624,
        "2": 0.29895463585853577,
        "3": 0.29556700587272644,
        "4": 0.2926511764526367,
        "5": 0.2747659683227539,
        "6": 0.27181145548820496,
        "7": 0.2698343098163605,
        "8": 0.26941466331481934,
        "9": 0.26589253544807434
    },
    "32": {
        "0": 0.31586503982543945,
        "1": 0.3000834882259369,
        "2": 0.2988584041595459,
        "3": 0.2938518822193146,
        "4": 0.2894282341003418,
        "5": 0.2763065695762634,
        "6": 0.2727040946483612,
        "7": 0.2693648636341095,
        "8": 0.26696348190307617,
        "9": 0.26423200964927673
    },
    "48": {
        "0": 0.3092045187950134,
        "1": 0.30701830983161926,
        "2": 0.30253443121910095,
        "3": 0.28840696811676025,
        "4": 0.28070008754730225,
        "5": 0.2781933546066284,
        "6": 0.2780003547668457,
        "7": 0.2721441090106964,
        "8": 0.2703569233417511,
        "9": 0.2597508728504181
    },
    "64": {
        "0": 0.30361708998680115,
        "1": 0.2916010320186615,
        "2": 0.28733766078948975,
        "3": 0.2804887592792511,
        "4": 0.2774454355239868,
        "5": 0.2655521631240845,
        "6": 0.2647532820701599,
        "7": 0.2555886507034302,
        "8": 0.2555457055568695,
        "9": 0.25395551323890686
    },
    "80": {
        "0": 0.30671125650405884,
        "1": 0.2927912771701813,
        "2": 0.2893945872783661,
        "3": 0.2778216600418091,
        "4": 0.27750301361083984,
        "5": 0.26675498485565186,
        "6": 0.2662034034729004,
        "7": 0.25386637449264526,
        "8": 0.2513301968574524,
        "9": 0.2502335011959076
    },
    "96": {
        "0": 0.3397529423236847,
        "1": 0.3371063470840454,
        "2": 0.331979900598526,
        "3": 0.3304958641529083,
        "4": 0.32297569513320923,
        "5": 0.304543673992157,
        "6": 0.29982471466064453,
        "7": 0.2903973460197449,
        "8": 0.29033616185188293,
        "9": 0.28911539912223816
    },
    "112": {
        "0": 0.33202069997787476,
        "1": 0.32533013820648193,
        "2": 0.32010239362716675,
        "3": 0.318959504365921,
        "4": 0.3131961226463318,
        "5": 0.2938070595264435,
        "6": 0.29106172919273376,
        "7": 0.28715333342552185,
        "8": 0.2825823128223419,
        "9": 0.2816106975078583
    },
    "128": {
        "0": 0.3109661936759949,
        "1": 0.3034808039665222,
        "2": 0.30187419056892395,
        "3": 0.293276309967041,
        "4": 0.291221559047699,
        "5": 0.28330618143081665,
        "6": 0.2769278585910797,
        "7": 0.274826318025589,
        "8": 0.2720007598400116,
        "9": 0.2676759958267212
    },
    "144": {
        "0": 0.3088446259498596,
        "1": 0.30496451258659363,
        "2": 0.30459123849868774,
        "3": 0.2909436523914337,
        "4": 0.28753167390823364,
        "5": 0.27797484397888184,
        "6": 0.27660804986953735,
        "7": 0.2685464322566986,
        "8": 0.2665612995624542,
        "9": 0.26331305503845215
    },
    "160": {
        "0": 0.32668402791023254,
        "1": 0.3262103796005249,
        "2": 0.3262016177177429,
        "3": 0.31496378779411316,
        "4": 0.30576008558273315,
        "5": 0.3045231103897095,
        "6": 0.30388838052749634,
        "7": 0.3034200668334961,
        "8": 0.30292004346847534,
        "9": 0.2966536283493042
    },
    "176": {
        "0": 0.354581356048584,
        "1": 0.3475764989852905,
        "2": 0.3397378623485565,
        "3": 0.3329398036003113,
        "4": 0.326557457447052,
        "5": 0.32415106892585754,
        "6": 0.3208022713661194,
        "7": 0.31784960627555847,
        "8": 0.31246423721313477,
        "9": 0.30801600217819214
    },
    "192": {
        "0": 0.36095383763313293,
        "1": 0.3563498258590698,
        "2": 0.35146114230155945,
        "3": 0.3453693985939026,
        "4": 0.344129353761673,
        "5": 0.34016501903533936,
        "6": 0.3364609479904175,
        "7": 0.3348471522331238,
        "8": 0.3274252116680145,
        "9": 0.31777653098106384
    },
    "208": {
        "0": 0.3505081236362457,
        "1": 0.34940478205680847,
        "2": 0.3472558259963989,
        "3": 0.34615540504455566,
        "4": 0.34489142894744873,
        "5": 0.33248430490493774,
        "6": 0.3275536596775055,
        "7": 0.32742545008659363,
        "8": 0.3192862272262573,
        "9": 0.3110917806625366
    },
    "224": {
        "0": 0.3005586266517639,
        "1": 0.28941968083381653,
        "2": 0.28176993131637573,
        "3": 0.2800230085849762,
        "4": 0.278237909078598,
        "5": 0.2771189212799072,
        "6": 0.27029919624328613,
        "7": 0.26644468307495117,
        "8": 0.2638583183288574,
        "9": 0.25839242339134216
    },
    "240": {
        "0": 0.3079650402069092,
        "1": 0.3057205080986023,
        "2": 0.3032914996147156,
        "3": 0.30003300309181213,
        "4": 0.2991674840450287,
        "5": 0.29828763008117676,
        "6": 0.29777267575263977,
        "7": 0.2908194959163666,
        "8": 0.28555288910865784,
        "9": 0.28199827671051025
    },
    "256": {
        "0": 0.31945839524269104,
        "1": 0.31650078296661377,
        "2": 0.3158749043941498,
        "3": 0.3118220567703247,
        "4": 0.3095143437385559,
        "5": 0.3086504340171814,
        "6": 0.30835577845573425,
        "7": 0.3076375722885132,
        "8": 0.3075260519981384,
        "9": 0.30657702684402466
    },
    "272": {
        "0": 0.2825402319431305,
        "1": 0.2670111060142517,
        "2": 0.2641291916370392,
        "3": 0.263760507106781,
        "4": 0.262996643781662,
        "5": 0.26129335165023804,
        "6": 0.2591667175292969,
        "7": 0.25869020819664,
        "8": 0.2580956518650055,
        "9": 0.2545633316040039
    },
    "288": {
        "0": 0.3299865126609802,
        "1": 0.3237810730934143,
        "2": 0.31491124629974365,
        "3": 0.3051348030567169,
        "4": 0.3047514855861664,
        "5": 0.3007678985595703,
        "6": 0.29792144894599915,
        "7": 0.29298633337020874,
        "8": 0.2916755676269531,
        "9": 0.2912425398826599
    },
    "304": {
        "0": 0.3296974003314972,
        "1": 0.31561774015426636,
        "2": 0.3061431050300598,
        "3": 0.29725879430770874,
        "4": 0.29642611742019653,
        "5": 0.29526111483573914,
        "6": 0.2935504913330078,
        "7": 0.2887309193611145,
        "8": 0.28771668672561646,
        "9": 0.2866671681404114
    },
    "320": {
        "0": 0.29039567708969116,
        "1": 0.28594356775283813,
        "2": 0.28416720032691956,
        "3": 0.28298988938331604,
        "4": 0.28069430589675903,
        "5": 0.27278435230255127,
        "6": 0.26743656396865845,
        "7": 0.2648366093635559,
        "8": 0.26050710678100586,
        "9": 0.25814923644065857
    },
    "336": {
        "0": 0.30440986156463623,
        "1": 0.3027755320072174,
        "2": 0.29503074288368225,
        "3": 0.29500812292099,
        "4": 0.28721892833709717,
        "5": 0.28363603353500366,
        "6": 0.27799975872039795,
        "7": 0.27252674102783203,
        "8": 0.266489714384079,
        "9": 0.26138725876808167
    },
    "352": {
        "0": 0.2836766839027405,
        "1": 0.2761717438697815,
        "2": 0.2627307176589966,
        "3": 0.26120683550834656,
        "4": 0.2598668336868286,
        "5": 0.2550368905067444,
        "6": 0.2520422637462616,