{
    "0": {
        "0": 0.37540870904922485,
        "1": 0.3576929271221161,
        "2": 0.3497984707355499,
        "3": 0.33524683117866516,
        "4": 0.3337497115135193,
        "5": 0.3277727961540222,
        "6": 0.32202690839767456,
        "7": 0.3197520077228546,
        "8": 0.31130608916282654,
        "9": 0.30538517236709595
    },
    "16": {
        "0": 0.3028770089149475,
        "1": 0.2983652353286743,
        "2": 0.29149532318115234,
        "3": 0.28766244649887085,
        "4": 0.28177979588508606,
        "5": 0.27820953726768494,
        "6": 0.27815425395965576,
        "7": 0.2711915373802185,
        "8": 0.269307941198349,
        "9": 0.2676185667514801
    },
    "32": {
        "0": 0.3714071810245514,
        "1": 0.3698340356349945,
        "2": 0.3591994643211365,
        "3": 0.35509806871414185,
        "4": 0.35049310326576233,
        "5": 0.3445580303668976,
        "6": 0.34131306409835815,
        "7": 0.3410494327545166,
        "8": 0.3386662006378174,
        "9": 0.3365064263343811
    },
    "48": {
        "0": 0.37491536140441895,
        "1": 0.3688669800758362,
        "2": 0.36879831552505493,
        "3": 0.36371344327926636,
        "4": 0.35974305868148804,
        "5": 0.3438325524330139,
        "6": 0.3386922776699066,
        "7": 0.3375469744205475,
        "8": 0.3362191319465637,
        "9": 0.33188459277153015
    },
    "64": {
        "0": 0.3476942479610443,
        "1": 0.3470590114593506,
        "2": 0.3414384126663208,
        "3": 0.32152408361434937,
        "4": 0.319217324256897,
        "5": 0.31834810972213745,
        "6": 0.31824085116386414,
        "7": 0.3166566491127014,
        "8": 0.3161380887031555,
        "9": 0.31412655115127563
    },
    "80": {
        "0": 0.30123788118362427,
        "1": 0.28609946370124817,
        "2": 0.28436824679374695,
        "3": 0.28435567021369934,
        "4": 0.27569112181663513,
        "5": 0.267061710357666,
        "6": 0.26548197865486145,
        "7": 0.2650980055332184,
        "8": 0.26494792103767395,
        "9": 0.2588132917881012
    },
    "96": {
        "0": 0.27522608637809753,
        "1": 0.2685450315475464,
        "2": 0.2683984637260437,
        "3": 0.2660045325756073,
        "4": 0.25880128145217896,
        "5": 0.2587618827819824,
        "6": 0.2501172721385956,
        "7": 0.24991625547409058,
        "8": 0.2433803677558899,
        "9": 0.2426864355802536
    },
    "112": {
        "0": 0.318454772233963,
        "1": 0.2997775971889496,
        "2": 0.2964043915271759,
        "3": 0.2939291000366211,
        "4": 0.29314833879470825,
        "5": 0.290565550327301,
        "6": 0.2873101234436035,
        "7": 0.2864776849746704,
        "8": 0.2799389362335205,
        "9": 0.27711614966392517
    },
    "128": {
        "0": 0.33795398473739624,
        "1": 0.3329058289527893,
        "2": 0.32880714535713196,
        "3": 0.3263753056526184,
        "4": 0.3217903673648834,
        "5": 0.3176528513431549,
        "6": 0.31482377648353577,
        "7": 0.31471025943756104,
        "8": 0.30433833599090576,
        "9": 0.30328699946403503
    },
    "144": {
        "0": 0.30205389857292175,
        "1": 0.29655295610427856,
        "2": 0.2925868034362793,
        "3": 0.28673630952835083,
        "4": 0.2844677269458771,
        "5": 0.2837391495704651,
        "6": 0.2776484489440918,
        "7": 0.27461621165275574,
        "8": 0.27035683393478394,
        "9": 0.26796960830688477
    },
    "160": {
        "0": 0.30200907588005066,
        "1": 0.29979726672172546,
        "2": 0.2947275638580322,
        "3": 0.2928750514984131,
        "4": 0.2859284579753876,
        "5": 0.2823904752731323,
        "6": 0.2750988304615021,
        "7": 0.2744424045085907,
        "8": 0.27322643995285034,
        "9": 0.2665902376174927
    },
    "176": {
        "0": 0.2996253967285156,
        "1": 0.28675177693367004,
        "2": 0.28002652525901794,
        "3": 0.2721368670463562,
        "4": 0.2703322470188141,
        "5": 0.2695271670818329,
        "6": 0.2647400200366974,
        "7": 0.26360613107681274,
        "8": 0.2582699656486511,
        "9": 0.2515886723995209
    },
    "192": {
        "0": 0.30876582860946655,
        "1": 0.3079981803894043,
        "2": 0.3045766353607178,
        "3": 0.29204994440078735,
        "4": 0.2916366159915924,
        "5": 0.2896900177001953,
        "6": 0.287180095911026,
        "7": 0.2851327359676361,
        "8": 0.28374630212783813,
        "9": 0.2833957076072693
    },
    "208": {
        "0": 0.34327834844589233,
        "1": 0.3343296945095062,
        "2": 0.33009570837020874,
        "3": 0.3284659683704376,
        "4": 0.32664135098457336,
        "5": 0.32000741362571716,
        "6": 0.31977859139442444,
        "7": 0.31819549202919006,
        "8": 0.3153298795223236,
        "9": 0.3148667812347412
    },
    "224": {
        "0": 0.3375122845172882,
        "1": 0.3366580009460449,
        "2": 0.32301411032676697,
        "3": 0.3229421377182007,
        "4": 0.32209599018096924,
        "5": 0.3204951882362366,
        "6": 0.30775415897369385,
        "7": 0.3035643398761749,
        "8": 0.2915758788585663,
        "9": 0.290896475315094
    },
    "240": {
        "0": 0.391519159078598,
        "1": 0.37981268763542175,
        "2": 0.373015433549881,
        "3": 0.356597363948822,
        "4": 0.35186582803726196,
        "5": 0.34914249181747437,
        "6": 0.3466242551803589,
        "7": 0.33845430612564087,
        "8": 0.33599036931991577,
        "9": 0.33515995740890503
    },
    "256": {
        "0": 0.28795045614242554,
        "1": 0.2846745550632477,
        "2": 0.27929797768592834,
        "3": 0.27291440963745117,
        "4": 0.2640897333621979,
        "5": 0.2620141804218292,
        "6": 0.2618050277233124,
        "7": 0.2590227425098419,
        "8": 0.25767868757247925,
        "9": 0.25748929381370544
    },
    "272": {
        "0": 0.34973689913749695,
        "1": 0.3354935944080353,
        "2": 0.33307257294654846,
        "3": 0.3318192958831787,
        "4": 0.3241499662399292,
        "5": 0.3208070993423462,
        "6": 0.31978070735931396,
        "7": 0.31765952706336975,
        "8": 0.3169640004634857,
        "9": 0.3166470527648926
    },
    "288": {
        "0": 0.36789196729660034,
        "1": 0.35102540254592896,
        "2": 0.3499259650707245,
        "3": 0.3459627032279968,
        "4": 0.34547245502471924,
        "5": 0.34166616201400757,
        "6": 0.3413454592227936,
        "7": 0.33590826392173767,
        "8": 0.3329909145832062,
        "9": 0.3279823362827301
    },
    "304": {
        "0": 0.37968915700912476,
        "1": 0.3727695941925049,
        "2": 0.37210318446159363,
        "3": 0.35475826263427734,
        "4": 0.35419684648513794,
        "5": 0.35220107436180115,
        "6": 0.3511516749858856,
        "7": 0.35024774074554443,
        "8": 0.3498823344707489,
        "9": 0.34778350591659546
    },
    "320": {
        "0": 0.41900739073753357,
        "1": 0.4163419008255005,
        "2": 0.4086505174636841,
        "3": 0.38788530230522156,
        "4": 0.3862035572528839,
        "5": 0.37862449884414673,
        "6": 0.3783177137374878,
        "7": 0.37193769216537476,
        "8": 0.36905360221862793,
        "9": 0.3653053641319275
    },
    "336": {
        "0": 0.411469966173172,
        "1": 0.4092819094657898,
        "2": 0.379563570022583,
        "3": 0.37315085530281067,
        "4": 0.3656841218471527,
        "5": 0.36510199308395386,
        "6": 0.35824888944625854,
        "7": 0.3576984703540802,
        "8": 0.3519752323627472,
        "9": 0.3474850654602051
    },
    "352": {
        "0": 0.31185728311538696,
        "1": 0.3116762638092041,
        "2": 0.3097834587097168,
        "3": 0.3080708682537079,
        "4": 0.3009781241416931,
        "5": 0.299725741147995,