{
    "0": {
        "0": 0.3843640387058258,
        "1": 0.38167276978492737,
        "2": 0.37731385231018066,
        "3": 0.3755963146686554,
        "4": 0.37421903014183044,
        "5": 0.37264400720596313,
        "6": 0.36644309759140015,
        "7": 0.3638828694820404,
        "8": 0.3602079749107361,
        "9": 0.3598894774913788
    },
    "16": {
        "0": 0.3483614921569824,
        "1": 0.34389379620552063,
        "2": 0.3434991240501404,
        "3": 0.33588510751724243,
        "4": 0.33203792572021484,
        "5": 0.3294186592102051,
        "6": 0.32663390040397644,
        "7": 0.3238725960254669,
        "8": 0.32193082571029663,
        "9": 0.32036951184272766
    },
    "32": {
        "0": 0.35902050137519836,
        "1": 0.35517066717147827,
        "2": 0.35510602593421936,
        "3": 0.354061484336853,
        "4": 0.35239377617836,
        "5": 0.35079190135002136,
        "6": 0.3495134115219116,
        "7": 0.341020405292511,
        "8": 0.339592307806015,
        "9": 0.3384750485420227
    },
    "48": {
        "0": 0.369371235370636,
        "1": 0.3634282350540161,
        "2": 0.36219024658203125,
        "3": 0.36179372668266296,
        "4": 0.36127859354019165,
        "5": 0.36057448387145996,
        "6": 0.35613083839416504,
        "7": 0.3561250567436218,
        "8": 0.3528653085231781,
        "9": 0.3511832654476166
    },
    "64": {
        "0": 0.3366529643535614,
        "1": 0.3304857313632965,
        "2": 0.3263604938983917,
        "3": 0.32558295130729675,
        "4": 0.3248961269855499,
        "5": 0.320100337266922,
        "6": 0.3172186017036438,
        "7": 0.31284308433532715,
        "8": 0.30809566378593445,
        "9": 0.3021782636642456
    },
    "80": {
        "0": 0.32656919956207275,
        "1": 0.3215484917163849,
        "2": 0.32050612568855286,
        "3": 0.3189615309238434,
        "4": 0.3154752254486084,
        "5": 0.31101447343826294,
        "6": 0.30802303552627563,
        "7": 0.3078201115131378,
        "8": 0.29244399070739746,
        "9": 0.29098159074783325
    },
    "96": {
        "0": 0.3528318405151367,
        "1": 0.33444130420684814,
        "2": 0.3337250351905823,
        "3": 0.3293336033821106,
        "4": 0.3269484341144562,
        "5": 0.3266429901123047,
        "6": 0.3263479471206665,
        "7": 0.32611119747161865,
        "8": 0.3258633613586426,
        "9": 0.3258190155029297
    },
    "112": {
        "0": 0.33292272686958313,
        "1": 0.31683439016342163,
        "2": 0.31411924958229065,
        "3": 0.31204548478126526,
        "4": 0.30876851081848145,
        "5": 0.3078502416610718,
        "6": 0.3058389723300934,
        "7": 0.30546948313713074,
        "8": 0.30502623319625854,
        "9": 0.3032105267047882
    },
    "128": {
        "0": 0.2949269711971283,
        "1": 0.2922859787940979,
        "2": 0.28378403186798096,
        "3": 0.281700074672699,
        "4": 0.2756463885307312,
        "5": 0.2723570168018341,
        "6": 0.27187106013298035,
        "7": 0.2715262174606323,
        "8": 0.27138736844062805,
        "9": 0.2695317566394806
    },
    "144": {
        "0": 0.2829631567001343,
        "1": 0.281687468290329,
        "2": 0.27952659130096436,
        "3": 0.2741430401802063,
        "4": 0.2732807695865631,
        "5": 0.2685895264148712,
        "6": 0.26534396409988403,
        "7": 0.26477527618408203,
        "8": 0.26290398836135864,
        "9": 0.26116111874580383
    },
    "160": {
        "0": 0.32635676860809326,
        "1": 0.32087022066116333,
        "2": 0.3175309896469116,
        "3": 0.3153984248638153,
        "4": 0.3107549548149109,
        "5": 0.3076128363609314,
        "6": 0.30659860372543335,
        "7": 0.302795946598053,
        "8": 0.29962271451950073,
        "9": 0.29959073662757874
    },
    "176": {
        "0": 0.33037421107292175,
        "1": 0.3221341371536255,
        "2": 0.3154820203781128,
        "3": 0.31009912490844727,
        "4": 0.3062813878059387,
        "5": 0.30538469552993774,
        "6": 0.3015734553337097,
        "7": 0.29920652508735657,
        "8": 0.29636234045028687,
        "9": 0.2918042242527008
    },
    "192": {
        "0": 0.32656461000442505,
        "1": 0.3202769458293915,
        "2": 0.32006314396858215,
        "3": 0.3189935088157654,
        "4": 0.3179396092891693,
        "5": 0.30793464183807373,
        "6": 0.3046458959579468,
        "7": 0.3031366765499115,
        "8": 0.3000713586807251,
        "9": 0.2976262867450714
    },
    "208": {
        "0": 0.2999025583267212,
        "1": 0.29910093545913696,
        "2": 0.2972233295440674,
        "3": 0.29165175557136536,
        "4": 0.2880720794200897,
        "5": 0.28618836402893066,
        "6": 0.28438282012939453,
        "7": 0.283318430185318,
        "8": 0.28106939792633057,
        "9": 0.2787916362285614
    },
    "224": {
        "0": 0.38057535886764526,
        "1": 0.36872047185897827,
        "2": 0.36788082122802734,
        "3": 0.3599676489830017,
        "4": 0.3580764830112457,
        "5": 0.35725274682044983,
        "6": 0.3539170026779175,
        "7": 0.35381990671157837,
        "8": 0.3535134792327881,
        "9": 0.35340186953544617
    },
    "240": {
        "0": 0.3490716814994812,
        "1": 0.3326534330844879,
        "2": 0.3292867839336395,
        "3": 0.316425085067749,
        "4": 0.31384649872779846,
        "5": 0.30524423718452454,
        "6": 0.3050394654273987,
        "7": 0.30489903688430786,
        "8": 0.3043418228626251,
        "9": 0.3031633496284485
    },
    "256": {
        "0": 0.365913450717926,
        "1": 0.3444485068321228,
        "2": 0.32708820700645447,
        "3": 0.3187292218208313,
        "4": 0.3130137324333191,
        "5": 0.3125539720058441,
        "6": 0.31252509355545044,
        "7": 0.31018760800361633,
        "8": 0.30880752205848694,
        "9": 0.3085104525089264
    },
    "272": {
        "0": 0.3709029257297516,
        "1": 0.34790608286857605,
        "2": 0.32416293025016785,
        "3": 0.31310898065567017,
        "4": 0.31192106008529663,
        "5": 0.3098648190498352,
        "6": 0.30811774730682373,
        "7": 0.3072361946105957,
        "8": 0.3054281771183014,
        "9": 0.3037625253200531
    },
    "288": {
        "0": 0.38238418102264404,
        "1": 0.3823329508304596,
        "2": 0.3669925034046173,
        "3": 0.3660420775413513,
        "4": 0.3634227216243744,
        "5": 0.3629608154296875,
        "6": 0.3601382076740265,
        "7": 0.3573862910270691,
        "8": 0.3569592237472534,
        "9": 0.35197457671165466
    },
    "304": {
        "0": 0.34345680475234985,
        "1": 0.3312722444534302,
        "2": 0.32822930812835693,
        "3": 0.3280884921550751,
        "4": 0.3260003626346588,
        "5": 0.3232308328151703,
        "6": 0.3213435709476471,
        "7": 0.320387065410614,
        "8": 0.31955376267433167,
        "9": 0.3170938193798065
    },
    "320": {
        "0": 0.3292618989944458,
        "1": 0.3218372166156769,
        "2": 0.31928765773773193,
        "3": 0.3183831572532654,
        "4": 0.31593868136405945,
        "5": 0.30708324909210205,
        "6": 0.3058612644672394,
        "7": 0.30518069863319397,
        "8": 0.30296656489372253,
        "9": 0.30138257145881653
    },
    "336": {
        "0": 0.33280760049819946,
        "1": 0.3327629268169403,
        "2": 0.3327372074127197,
        "3": 0.33205294609069824,
        "4": 0.32724446058273315,
        "5": 0.3268594741821289,
        "6": 0.3262452185153961,
        "7": 0.32470718026161194,
        "8": 0.32200294733047485,
        "9": 0.31716665625572205
    },
    "352": {
        "0": 0.3597699701786041,
        "1": 0.35105472803115845,
        "2": 0.35069993138313293,
        "3": 0.34783419966697693,
        "4": 0.3470657467842102,
        "5": 0.3453235626220703,