{
    "0": {
        "0": 0.37860119342803955,
        "1": 0.3720993101596832,
        "2": 0.3656007647514343,
        "3": 0.3620218336582184,
        "4": 0.3548726439476013,
        "5": 0.35379642248153687,
        "6": 0.3476881980895996,
        "7": 0.3468969464302063,
        "8": 0.34394729137420654,
        "9": 0.34358295798301697
    },
    "16": {
        "0": 0.37043726444244385,
        "1": 0.36445775628089905,
        "2": 0.35991615056991577,
        "3": 0.34018707275390625,
        "4": 0.3392185568809509,
        "5": 0.33749690651893616,
        "6": 0.33423319458961487,
        "7": 0.33187800645828247,
        "8": 0.33160680532455444,
        "9": 0.33044683933258057
    },
    "32": {
        "0": 0.3963659405708313,
        "1": 0.38190165162086487,
        "2": 0.37051618099212646,
        "3": 0.3691536784172058,
        "4": 0.3645710051059723,
        "5": 0.3642849624156952,
        "6": 0.36384496092796326,
        "7": 0.35876402258872986,
        "8": 0.35734161734580994,
        "9": 0.35475337505340576
    },
    "48": {
        "0": 0.4205087721347809,
        "1": 0.41332289576530457,
        "2": 0.4071812629699707,
        "3": 0.3988880217075348,
        "4": 0.39777469635009766,
        "5": 0.3967301845550537,
        "6": 0.395272433757782,
        "7": 0.39010629057884216,
        "8": 0.3871111571788788,
        "9": 0.3864399790763855
    },
    "64": {
        "0": 0.4010310173034668,
        "1": 0.3638341426849365,
        "2": 0.36341363191604614,
        "3": 0.36170774698257446,
        "4": 0.35514071583747864,
        "5": 0.3439401388168335,
        "6": 0.34316301345825195,
        "7": 0.34006619453430176,
        "8": 0.33346012234687805,
        "9": 0.3326812982559204
    },
    "80": {
        "0": 0.39690837264060974,
        "1": 0.38881775736808777,
        "2": 0.3771544098854065,
        "3": 0.3768728971481323,
        "4": 0.37289369106292725,
        "5": 0.3701745271682739,
        "6": 0.36672526597976685,
        "7": 0.36628615856170654,
        "8": 0.3652476668357849,
        "9": 0.3606085181236267
    },
    "96": {
        "0": 0.3877066671848297,
        "1": 0.3842138350009918,
        "2": 0.37709543108940125,
        "3": 0.3601216971874237,
        "4": 0.3599734902381897,
        "5": 0.3596802353858948,
        "6": 0.3589574992656708,
        "7": 0.3587501645088196,
        "8": 0.35568147897720337,
        "9": 0.3555399775505066
    },
    "112": {
        "0": 0.3722221851348877,
        "1": 0.37039676308631897,
        "2": 0.36035972833633423,
        "3": 0.3514986038208008,
        "4": 0.34865713119506836,
        "5": 0.34855201840400696,
        "6": 0.34518319368362427,
        "7": 0.3432891070842743,
        "8": 0.3419061005115509,
        "9": 0.3395037055015564
    },
    "128": {
        "0": 0.3451434373855591,
        "1": 0.34294772148132324,
        "2": 0.3306863009929657,
        "3": 0.3286621570587158,
        "4": 0.3271418511867523,
        "5": 0.3213067650794983,
        "6": 0.3179610073566437,
        "7": 0.31691452860832214,
        "8": 0.3144088089466095,
        "9": 0.31325021386146545
    },
    "144": {
        "0": 0.40492862462997437,
        "1": 0.3692605197429657,
        "2": 0.3532639145851135,
        "3": 0.3515808880329132,
        "4": 0.3501254916191101,
        "5": 0.34917113184928894,
        "6": 0.3489568531513214,
        "7": 0.34712663292884827,
        "8": 0.334384024143219,
        "9": 0.3326718807220459
    },
    "160": {
        "0": 0.39622601866722107,
        "1": 0.365024209022522,
        "2": 0.36417728662490845,
        "3": 0.36385518312454224,
        "4": 0.36223873496055603,
        "5": 0.35984984040260315,
        "6": 0.3589085340499878,
        "7": 0.3546416461467743,
        "8": 0.35207298398017883,
        "9": 0.34356191754341125
    },
    "176": {
        "0": 0.38794079422950745,
        "1": 0.35783830285072327,
        "2": 0.35680127143859863,
        "3": 0.35651731491088867,
        "4": 0.3550601899623871,
        "5": 0.3535694181919098,
        "6": 0.35278135538101196,
        "7": 0.3503822386264801,
        "8": 0.3483532667160034,
        "9": 0.3446667194366455
    },
    "192": {
        "0": 0.4265300929546356,
        "1": 0.3967374563217163,
        "2": 0.3944757282733917,
        "3": 0.393479585647583,
        "4": 0.3933502435684204,
        "5": 0.3905728757381439,
        "6": 0.38897907733917236,
        "7": 0.3886813223361969,
        "8": 0.3856860399246216,
        "9": 0.3843913972377777
    },
    "208": {
        "0": 0.43701207637786865,
        "1": 0.4023693799972534,
        "2": 0.40157651901245117,
        "3": 0.3978673815727234,
        "4": 0.39759939908981323,
        "5": 0.3968937397003174,
        "6": 0.39121830463409424,
        "7": 0.39120590686798096,
        "8": 0.38856303691864014,
        "9": 0.38678842782974243
    },
    "224": {
        "0": 0.4165317416191101,
        "1": 0.3869270384311676,
        "2": 0.38372454047203064,
        "3": 0.3820321559906006,
        "4": 0.3814261853694916,
        "5": 0.3735690116882324,
        "6": 0.37302422523498535,
        "7": 0.3716264069080353,
        "8": 0.36914509534835815,
        "9": 0.3683265745639801
    },
    "240": {
        "0": 0.4064893126487732,
        "1": 0.39363062381744385,
        "2": 0.3914254605770111,
        "3": 0.3908255100250244,
        "4": 0.38923320174217224,
        "5": 0.38039225339889526,
        "6": 0.37969014048576355,
        "7": 0.3789905607700348,
        "8": 0.37535712122917175,
        "9": 0.37284430861473083
    },
    "256": {
        "0": 0.38048213720321655,
        "1": 0.3766553997993469,
        "2": 0.35969656705856323,
        "3": 0.3589589595794678,
        "4": 0.3500986397266388,
        "5": 0.34502020478248596,
        "6": 0.34488019347190857,
        "7": 0.34483984112739563,
        "8": 0.340804785490036,
        "9": 0.3407926559448242
    },
    "272": {
        "0": 0.39844071865081787,
        "1": 0.37595003843307495,
        "2": 0.374859482049942,
        "3": 0.3739469647407532,
        "4": 0.37256351113319397,
        "5": 0.37246769666671753,
        "6": 0.36953651905059814,
        "7": 0.36952823400497437,
        "8": 0.3686913549900055,
        "9": 0.3609548509120941
    },
    "288": {
        "0": 0.3962846100330353,
        "1": 0.37963733077049255,
        "2": 0.3769226372241974,
        "3": 0.37498173117637634,
        "4": 0.3736867308616638,
        "5": 0.37280330061912537,
        "6": 0.3712996244430542,
        "7": 0.366930216550827,
        "8": 0.36654749512672424,
        "9": 0.3630680739879608
    },
    "304": {
        "0": 0.39852118492126465,
        "1": 0.3894443213939667,
        "2": 0.3820115923881531,
        "3": 0.3783394992351532,
        "4": 0.3761294484138489,
        "5": 0.37117546796798706,
        "6": 0.36943212151527405,
        "7": 0.3688257336616516,
        "8": 0.36368539929389954,
        "9": 0.3617846369743347
    },
    "320": {
        "0": 0.37703531980514526,
        "1": 0.3758249580860138,
        "2": 0.36902254819869995,
        "3": 0.3686767816543579,
        "4": 0.35992440581321716,
        "5": 0.35797908902168274,
        "6": 0.35753199458122253,
        "7": 0.3567431569099426,
        "8": 0.3552858233451843,
        "9": 0.35391688346862793
    },
    "336": {
        "0": 0.3825974464416504,
        "1": 0.37628328800201416,
        "2": 0.3749217689037323,
        "3": 0.3740510642528534,
        "4": 0.3667924702167511,
        "5": 0.36645570397377014,
        "6": 0.3635953366756439,
        "7": 0.361865371465683,
        "8": 0.3616165518760681,
        "9": 0.3602953851222992
    },
    "352": {
        "0": 0.43648943305015564,
        "1": 0.43293261528015137,
        "2": 0.4290670156478882,
        "3": 0.4253448247909546,
        "4": 0.4203946590423584,
        "5": 0.41977718472480774,