{
    "0": {
        "0": 0.32933664321899414,
        "1": 0.2956251800060272,
        "2": 0.2842736840248108,
        "3": 0.2809181809425354,
        "4": 0.278091698884964,
        "5": 0.27754753828048706,
        "6": 0.27732053399086,
        "7": 0.27216610312461853,
        "8": 0.2654948830604553,
        "9": 0.26548299193382263
    },
    "16": {
        "0": 0.2725928723812103,
        "1": 0.2722304165363312,
        "2": 0.26660555601119995,
        "3": 0.26072636246681213,
        "4": 0.2595471143722534,
        "5": 0.25413742661476135,
        "6": 0.24984125792980194,
        "7": 0.2460932731628418,
        "8": 0.23914961516857147,
        "9": 0.23871974647045135
    },
    "32": {
        "0": 0.28498637676239014,
        "1": 0.28020066022872925,
        "2": 0.27565687894821167,
        "3": 0.2731977105140686,
        "4": 0.2721828520298004,
        "5": 0.2687618136405945,
        "6": 0.26381951570510864,
        "7": 0.25912800431251526,
        "8": 0.25864139199256897,
        "9": 0.25534588098526
    },
    "48": {
        "0": 0.24143092334270477,
        "1": 0.2412741780281067,
        "2": 0.23616404831409454,
        "3": 0.2288193702697754,
        "4": 0.22849315404891968,
        "5": 0.22608283162117004,
        "6": 0.22090399265289307,
        "7": 0.21683968603610992,
        "8": 0.2117834836244583,
        "9": 0.20984520018100739
    },
    "64": {
        "0": 0.21448750793933868,
        "1": 0.21193115413188934,
        "2": 0.2070126086473465,
        "3": 0.2060539424419403,
        "4": 0.2058882862329483,
        "5": 0.20399844646453857,
        "6": 0.20055848360061646,
        "7": 0.1987464427947998,
        "8": 0.1974239945411682,
        "9": 0.19168777763843536
    },
    "80": {
        "0": 0.26197350025177,
        "1": 0.2560589015483856,
        "2": 0.25518500804901123,
        "3": 0.2542424499988556,
        "4": 0.251689612865448,
        "5": 0.24832715094089508,
        "6": 0.2481134831905365,
        "7": 0.2421388030052185,
        "8": 0.2398274838924408,
        "9": 0.23819544911384583
    },
    "96": {
        "0": 0.26697269082069397,
        "1": 0.26524195075035095,
        "2": 0.26438236236572266,
        "3": 0.2612083852291107,
        "4": 0.25899019837379456,
        "5": 0.2546294927597046,
        "6": 0.24987077713012695,
        "7": 0.2415587306022644,
        "8": 0.23848935961723328,
        "9": 0.23633383214473724
    },
    "112": {
        "0": 0.2169041633605957,
        "1": 0.2169041633605957,
        "2": 0.2169041633605957,
        "3": 0.2169041633605957,
        "4": 0.2169041633605957,
        "5": 0.2169041633605957,
        "6": 0.2169041633605957,
        "7": 0.19314135611057281,
        "8": 0.1882847249507904,
        "9": 0.18801692128181458
    },
    "128": {
        "0": 0.1798166185617447,
        "1": 0.17428509891033173,
        "2": 0.1715601086616516,
        "3": 0.16651824116706848,
        "4": 0.16258680820465088,
        "5": 0.16060994565486908,
        "6": 0.15709234774112701,
        "7": 0.15623074769973755,
        "8": 0.15541233122348785,
        "9": 0.1525947004556656
    },
    "144": {
        "0": 0.28836989402770996,
        "1": 0.27907976508140564,
        "2": 0.2765314280986786,
        "3": 0.2736618220806122,
        "4": 0.27365201711654663,
        "5": 0.26789531111717224,
        "6": 0.262602835893631,
        "7": 0.2625090181827545,
        "8": 0.2614957392215729,
        "9": 0.25879716873168945
    },
    "160": {
        "0": 0.28991594910621643,
        "1": 0.2742080092430115,
        "2": 0.2654971182346344,
        "3": 0.26444128155708313,
        "4": 0.2589210867881775,
        "5": 0.24762359261512756,
        "6": 0.23824822902679443,
        "7": 0.2318744659423828,
        "8": 0.23066721856594086,
        "9": 0.23014090955257416
    },
    "176": {
        "0": 0.33766841888427734,
        "1": 0.28809672594070435,
        "2": 0.25598421692848206,
        "3": 0.2462983876466751,
        "4": 0.24181784689426422,
        "5": 0.20913438498973846,
        "6": 0.20852364599704742,
        "7": 0.2072029709815979,
        "8": 0.19865427911281586,
        "9": 0.1974635124206543
    },
    "192": {
        "0": 0.37729543447494507,
        "1": 0.27187761664390564,
        "2": 0.2644244432449341,
        "3": 0.24405094981193542,
        "4": 0.23090265691280365,
        "5": 0.2254246175289154,
        "6": 0.22190843522548676,
        "7": 0.2213519811630249,
        "8": 0.21810582280158997,
        "9": 0.2174508273601532
    },
    "208": {
        "0": 0.3656231164932251,
        "1": 0.36024773120880127,
        "2": 0.34618088603019714,
        "3": 0.343894898891449,
        "4": 0.34074851870536804,
        "5": 0.3395479917526245,
        "6": 0.33553415536880493,
        "7": 0.33444875478744507,
        "8": 0.32960546016693115,
        "9": 0.32868722081184387
    },
    "224": {
        "0": 0.38034260272979736,
        "1": 0.37996411323547363,
        "2": 0.3576493263244629,
        "3": 0.35717105865478516,
        "4": 0.3542388379573822,
        "5": 0.35387662053108215,
        "6": 0.3538316786289215,
        "7": 0.349965363740921,
        "8": 0.34511062502861023,
        "9": 0.34076493978500366
    },
    "240": {
        "0": 0.38632306456565857,
        "1": 0.3570191264152527,
        "2": 0.34655946493148804,
        "3": 0.3368326425552368,
        "4": 0.3317888081073761,
        "5": 0.3317211866378784,
        "6": 0.3303815722465515,
        "7": 0.3285543918609619,
        "8": 0.32828855514526367,
        "9": 0.3280920088291168
    },
    "256": {
        "0": 0.29651206731796265,
        "1": 0.29451441764831543,
        "2": 0.2888530492782593,
        "3": 0.2878824472427368,
        "4": 0.2877015769481659,
        "5": 0.2868954837322235,
        "6": 0.2843744158744812,
        "7": 0.2791396677494049,
        "8": 0.2771402597427368,
        "9": 0.27555879950523376
    },
    "272": {
        "0": 0.33655378222465515,
        "1": 0.30606740713119507,
        "2": 0.30184921622276306,
        "3": 0.30169931054115295,
        "4": 0.3002810776233673,
        "5": 0.2992318272590637,
        "6": 0.29695987701416016,
        "7": 0.29485541582107544,
        "8": 0.2931617498397827,
        "9": 0.2914108633995056
    },
    "288": {
        "0": 0.32154807448387146,
        "1": 0.30937036871910095,
        "2": 0.30285000801086426,
        "3": 0.3013717234134674,
        "4": 0.29970717430114746,
        "5": 0.2977191209793091,
        "6": 0.2920829653739929,
        "7": 0.28925010561943054,
        "8": 0.2889696955680847,
        "9": 0.2870708405971527
    },
    "304": {
        "0": 0.3523100018501282,
        "1": 0.34944674372673035,
        "2": 0.33817893266677856,
        "3": 0.33078598976135254,
        "4": 0.3303849995136261,
        "5": 0.3262217938899994,
        "6": 0.3260551989078522,
        "7": 0.3239139914512634,
        "8": 0.31930574774742126,
        "9": 0.3187748193740845
    },
    "320": {
        "0": 0.3263656795024872,
        "1": 0.3249002695083618,
        "2": 0.3229954242706299,
        "3": 0.3191162049770355,
        "4": 0.31894466280937195,
        "5": 0.31813326478004456,
        "6": 0.31747180223464966,
        "7": 0.3128964900970459,
        "8": 0.30914589762687683,
        "9": 0.306708425283432
    },
    "336": {
        "0": 0.30142971873283386,
        "1": 0.2917635440826416,
        "2": 0.2809608280658722,
        "3": 0.276826411485672,
        "4": 0.27515745162963867,
        "5": 0.2736915647983551,
        "6": 0.26156312227249146,
        "7": 0.26101982593536377,
        "8": 0.25443023443222046,
        "9": 0.253190279006958
    },
    "352": {
        "0": 0.23567324876785278,
        "1": 0.2333177626132965,
        "2": 0.23307068645954132,
        "3": 0.22908395528793335,
        "4": 0.22837764024734497,
        "5": 0.2282300591468811,