{
    "0": {
        "0": 0.23058746755123138,
        "1": 0.22151367366313934,
        "2": 0.19294890761375427,
        "3": 0.18852579593658447,
        "4": 0.1858748495578766,
        "5": 0.1832345873117447,
        "6": 0.1824989765882492,
        "7": 0.18243610858917236,
        "8": 0.17888525128364563,
        "9": 0.17419815063476562
    },
    "16": {
        "0": 0.277988463640213,
        "1": 0.2759948670864105,
        "2": 0.2707517445087433,
        "3": 0.2578631341457367,
        "4": 0.25765854120254517,
        "5": 0.2571779489517212,
        "6": 0.2519385814666748,
        "7": 0.25043004751205444,
        "8": 0.2476804405450821,
        "9": 0.24425502121448517
    },
    "32": {
        "0": 0.36854031682014465,
        "1": 0.36667880415916443,
        "2": 0.3663954734802246,
        "3": 0.36589449644088745,
        "4": 0.3639259338378906,
        "5": 0.3624004125595093,
        "6": 0.3617403507232666,
        "7": 0.3602553606033325,
        "8": 0.35562068223953247,
        "9": 0.3493044674396515
    },
    "48": {
        "0": 0.3716108500957489,
        "1": 0.3615768551826477,
        "2": 0.3589906096458435,
        "3": 0.35452523827552795,
        "4": 0.3542492985725403,
        "5": 0.35128846764564514,
        "6": 0.35001710057258606,
        "7": 0.34390732645988464,
        "8": 0.34352609515190125,
        "9": 0.3409627676010132
    },
    "64": {
        "0": 0.3063831031322479,
        "1": 0.2925589680671692,
        "2": 0.2786191999912262,
        "3": 0.27823707461357117,
        "4": 0.2757209539413452,
        "5": 0.2742215394973755,
        "6": 0.27305886149406433,
        "7": 0.27079474925994873,
        "8": 0.26864954829216003,
        "9": 0.2671838700771332
    },
    "80": {
        "0": 0.29761967062950134,
        "1": 0.27932798862457275,
        "2": 0.27392470836639404,
        "3": 0.27255380153656006,
        "4": 0.26857060194015503,
        "5": 0.26786068081855774,
        "6": 0.2633039653301239,
        "7": 0.2623429596424103,
        "8": 0.2607591152191162,
        "9": 0.2602538466453552
    },
    "96": {
        "0": 0.36448442935943604,
        "1": 0.35096219182014465,
        "2": 0.34335342049598694,
        "3": 0.3409314453601837,
        "4": 0.33628737926483154,
        "5": 0.32433027029037476,
        "6": 0.31632766127586365,
        "7": 0.3157452940940857,
        "8": 0.31455346941947937,
        "9": 0.3066062927246094
    },
    "112": {
        "0": 0.36559122800827026,
        "1": 0.3646921217441559,
        "2": 0.34112343192100525,
        "3": 0.34007173776626587,
        "4": 0.33882951736450195,
        "5": 0.32075294852256775,
        "6": 0.31620001792907715,
        "7": 0.31350094079971313,
        "8": 0.3058071434497833,
        "9": 0.30239060521125793
    },
    "128": {
        "0": 0.41864174604415894,
        "1": 0.41352739930152893,
        "2": 0.3883473575115204,
        "3": 0.3757055401802063,
        "4": 0.3663180470466614,
        "5": 0.3462762236595154,
        "6": 0.3451627194881439,
        "7": 0.3390079736709595,
        "8": 0.338090181350708,
        "9": 0.336053729057312
    },
    "144": {
        "0": 0.37189778685569763,
        "1": 0.36721494793891907,
        "2": 0.3323403298854828,
        "3": 0.33011704683303833,
        "4": 0.3242863714694977,
        "5": 0.32062047719955444,
        "6": 0.31110426783561707,
        "7": 0.3070503771305084,
        "8": 0.3017227351665497,
        "9": 0.2919342815876007
    },
    "160": {
        "0": 0.3337564766407013,
        "1": 0.33050593733787537,
        "2": 0.32322752475738525,
        "3": 0.3229154944419861,
        "4": 0.31489866971969604,
        "5": 0.3089108467102051,
        "6": 0.30872079730033875,
        "7": 0.3071655333042145,
        "8": 0.30624401569366455,
        "9": 0.30308040976524353
    },
    "176": {
        "0": 0.38819801807403564,
        "1": 0.37441709637641907,
        "2": 0.3489692807197571,
        "3": 0.3477349579334259,
        "4": 0.342325359582901,
        "5": 0.3252408802509308,
        "6": 0.31367427110671997,
        "7": 0.3046770989894867,
        "8": 0.3042222857475281,
        "9": 0.29922622442245483
    },
    "192": {
        "0": 0.3881729245185852,
        "1": 0.38486629724502563,
        "2": 0.3567889928817749,
        "3": 0.35505396127700806,
        "4": 0.3473378121852875,
        "5": 0.34343644976615906,
        "6": 0.34099245071411133,
        "7": 0.3404342532157898,
        "8": 0.33794140815734863,
        "9": 0.33767417073249817
    },
    "208": {
        "0": 0.3888970613479614,
        "1": 0.3866159915924072,
        "2": 0.3786320984363556,
        "3": 0.37161242961883545,
        "4": 0.36929720640182495,
        "5": 0.36031752824783325,
        "6": 0.3596448004245758,
        "7": 0.3588356673717499,
        "8": 0.3579937219619751,
        "9": 0.3562976121902466
    },
    "224": {
        "0": 0.3894680142402649,
        "1": 0.38817310333251953,
        "2": 0.38568806648254395,
        "3": 0.3617570698261261,
        "4": 0.35995522141456604,
        "5": 0.357626736164093,
        "6": 0.3563232719898224,
        "7": 0.35271918773651123,
        "8": 0.35019582509994507,
        "9": 0.34805384278297424
    },
    "240": {
        "0": 0.3939025402069092,
        "1": 0.3914642930030823,
        "2": 0.3816041648387909,
        "3": 0.36794525384902954,
        "4": 0.36636272072792053,
        "5": 0.36186498403549194,
        "6": 0.36002376675605774,
        "7": 0.3559495210647583,
        "8": 0.3527074158191681,
        "9": 0.3498062193393707
    },
    "256": {
        "0": 0.3731336295604706,
        "1": 0.3721666634082794,
        "2": 0.3701747953891754,
        "3": 0.3701072037220001,
        "4": 0.3649676740169525,
        "5": 0.361829549074173,
        "6": 0.3565588593482971,
        "7": 0.35359036922454834,
        "8": 0.3416876196861267,
        "9": 0.33808252215385437
    },
    "272": {
        "0": 0.3880585730075836,
        "1": 0.3840142488479614,
        "2": 0.3834691345691681,
        "3": 0.3831910490989685,
        "4": 0.37662017345428467,
        "5": 0.3750338554382324,
        "6": 0.37481987476348877,
        "7": 0.36852186918258667,
        "8": 0.368103951215744,
        "9": 0.365050345659256
    },
    "288": {
        "0": 0.3851030468940735,
        "1": 0.38127607107162476,
        "2": 0.3767411708831787,
        "3": 0.37354397773742676,
        "4": 0.36737963557243347,
        "5": 0.36394378542900085,
        "6": 0.36156144738197327,
        "7": 0.36104971170425415,
        "8": 0.35983628034591675,
        "9": 0.3573436141014099
    },
    "304": {
        "0": 0.39465653896331787,
        "1": 0.3868003785610199,
        "2": 0.3838309943675995,
        "3": 0.3817743957042694,
        "4": 0.3783732056617737,
        "5": 0.37589403986930847,
        "6": 0.3743212819099426,
        "7": 0.36320972442626953,
        "8": 0.36257827281951904,
        "9": 0.3612139821052551
    },
    "320": {
        "0": 0.37991970777511597,
        "1": 0.3768163323402405,
        "2": 0.37505125999450684,
        "3": 0.37167873978614807,
        "4": 0.36094361543655396,
        "5": 0.3581915497779846,
        "6": 0.3567817211151123,
        "7": 0.35520410537719727,
        "8": 0.35378336906433105,
        "9": 0.3516724109649658
    },
    "336": {
        "0": 0.33738455176353455,
        "1": 0.3347834050655365,
        "2": 0.3276112973690033,
        "3": 0.32547539472579956,
        "4": 0.31925085186958313,
        "5": 0.31806930899620056,
        "6": 0.31385061144828796,
        "7": 0.31074488162994385,
        "8": 0.30779528617858887,
        "9": 0.3065504729747772
    },
    "352": {
        "0": 0.3830192983150482,
        "1": 0.37259143590927124,
        "2": 0.3715357482433319,
        "3": 0.3670668601989746,
        "4": 0.3667011260986328,
        "5": 0.3661820888519287,