{
    "0": {
        "0": 0.3482769727706909,
        "1": 0.3376823961734772,
        "2": 0.32494601607322693,
        "3": 0.318122923374176,
        "4": 0.3168279826641083,
        "5": 0.31439098715782166,
        "6": 0.30972257256507874,
        "7": 0.30743607878685,
        "8": 0.3030082881450653,
        "9": 0.2973904609680176
    },
    "16": {
        "0": 0.34656259417533875,
        "1": 0.34367668628692627,
        "2": 0.3311764895915985,
        "3": 0.329881876707077,
        "4": 0.3270687162876129,
        "5": 0.32238101959228516,
        "6": 0.3201925754547119,
        "7": 0.31850093603134155,
        "8": 0.31574806571006775,
        "9": 0.31394481658935547
    },
    "32": {
        "0": 0.3503195643424988,
        "1": 0.32912391424179077,
        "2": 0.32620200514793396,
        "3": 0.3241141736507416,
        "4": 0.32316043972969055,
        "5": 0.3223053514957428,
        "6": 0.31563931703567505,
        "7": 0.30943915247917175,
        "8": 0.30316784977912903,
        "9": 0.29542022943496704
    },
    "48": {
        "0": 0.3039637804031372,
        "1": 0.29115650057792664,
        "2": 0.29026684165000916,
        "3": 0.28906604647636414,
        "4": 0.2886767089366913,
        "5": 0.2758759558200836,
        "6": 0.2683570981025696,
        "7": 0.2616974711418152,
        "8": 0.25854313373565674,
        "9": 0.25833576917648315
    },
    "64": {
        "0": 0.32354113459587097,
        "1": 0.315766841173172,
        "2": 0.31142953038215637,
        "3": 0.31131497025489807,
        "4": 0.309527188539505,
        "5": 0.3091433346271515,
        "6": 0.2918914258480072,
        "7": 0.2904691994190216,
        "8": 0.28588005900382996,
        "9": 0.28534555435180664
    },
    "80": {
        "0": 0.34969571232795715,
        "1": 0.3265591561794281,
        "2": 0.3241419196128845,
        "3": 0.3200634717941284,
        "4": 0.3116593360900879,
        "5": 0.3111226260662079,
        "6": 0.3072439134120941,
        "7": 0.2950415313243866,
        "8": 0.2889169156551361,
        "9": 0.2770119309425354
    },
    "96": {
        "0": 0.3247680068016052,
        "1": 0.32431939244270325,
        "2": 0.31201010942459106,
        "3": 0.30549660325050354,
        "4": 0.304868221282959,
        "5": 0.29989033937454224,
        "6": 0.298080176115036,
        "7": 0.29698869585990906,
        "8": 0.2964564263820648,
        "9": 0.2863023579120636
    },
    "112": {
        "0": 0.30541273951530457,
        "1": 0.2994537353515625,
        "2": 0.2922251224517822,
        "3": 0.291578471660614,
        "4": 0.28832772374153137,
        "5": 0.2818185091018677,
        "6": 0.28140515089035034,
        "7": 0.2798050045967102,
        "8": 0.27929210662841797,
        "9": 0.2552872896194458
    },
    "128": {
        "0": 0.2913616895675659,
        "1": 0.28189265727996826,
        "2": 0.28165632486343384,
        "3": 0.2789860963821411,
        "4": 0.2771167755126953,
        "5": 0.27664485573768616,
        "6": 0.2758272588253021,
        "7": 0.2743642330169678,
        "8": 0.26659730076789856,
        "9": 0.26554280519485474
    },
    "144": {
        "0": 0.3347408175468445,
        "1": 0.3244665265083313,
        "2": 0.320606529712677,
        "3": 0.3145585060119629,
        "4": 0.31173622608184814,
        "5": 0.31171101331710815,
        "6": 0.31081128120422363,
        "7": 0.29933491349220276,
        "8": 0.29805582761764526,
        "9": 0.2955273389816284
    },
    "160": {
        "0": 0.33310452103614807,
        "1": 0.32660993933677673,
        "2": 0.3231993317604065,
        "3": 0.3197619318962097,
        "4": 0.31765735149383545,
        "5": 0.3084406554698944,
        "6": 0.30377471446990967,
        "7": 0.2954895794391632,
        "8": 0.29260170459747314,
        "9": 0.26261991262435913
    },
    "176": {
        "0": 0.3354729413986206,
        "1": 0.32764410972595215,
        "2": 0.3244221806526184,
        "3": 0.320560485124588,
        "4": 0.3186873197555542,
        "5": 0.3108118772506714,
        "6": 0.2979668378829956,
        "7": 0.2877652049064636,
        "8": 0.2866944670677185,
        "9": 0.24972660839557648
    },
    "192": {
        "0": 0.4026359021663666,
        "1": 0.40234294533729553,
        "2": 0.39003250002861023,
        "3": 0.38738951086997986,
        "4": 0.38590845465660095,
        "5": 0.38162991404533386,
        "6": 0.38128647208213806,
        "7": 0.36718398332595825,
        "8": 0.3601943850517273,
        "9": 0.3600730299949646
    },
    "208": {
        "0": 0.37640202045440674,
        "1": 0.3695732355117798,
        "2": 0.3643258512020111,
        "3": 0.3622635304927826,
        "4": 0.3598277270793915,
        "5": 0.35524022579193115,
        "6": 0.349004864692688,
        "7": 0.34806740283966064,
        "8": 0.33921122550964355,
        "9": 0.3338225483894348
    },
    "224": {
        "0": 0.3237493634223938,
        "1": 0.31844598054885864,
        "2": 0.31382036209106445,
        "3": 0.30727076530456543,
        "4": 0.3068251311779022,
        "5": 0.30519887804985046,
        "6": 0.297133207321167,
        "7": 0.290294885635376,
        "8": 0.28982406854629517,
        "9": 0.2896021902561188
    },
    "240": {
        "0": 0.3167400658130646,
        "1": 0.30838099122047424,
        "2": 0.3062114119529724,
        "3": 0.3036426305770874,
        "4": 0.29993361234664917,
        "5": 0.297239750623703,
        "6": 0.290843665599823,
        "7": 0.2804092466831207,
        "8": 0.2796936333179474,
        "9": 0.27968060970306396
    },
    "256": {
        "0": 0.3188776969909668,
        "1": 0.3063887357711792,
        "2": 0.30571249127388,
        "3": 0.2944084107875824,
        "4": 0.28955504298210144,
        "5": 0.28784260153770447,
        "6": 0.2868003249168396,
        "7": 0.2828610837459564,
        "8": 0.28011301159858704,
        "9": 0.28007960319519043
    },
    "272": {
        "0": 0.3374057412147522,
        "1": 0.33205196261405945,
        "2": 0.32292357087135315,
        "3": 0.31122511625289917,
        "4": 0.30558064579963684,
        "5": 0.3044832944869995,
        "6": 0.3015440106391907,
        "7": 0.296237975358963,
        "8": 0.296059250831604,
        "9": 0.29550307989120483
    },
    "288": {
        "0": 0.3157900869846344,
        "1": 0.31020015478134155,
        "2": 0.29888033866882324,
        "3": 0.2982555031776428,
        "4": 0.293634831905365,
        "5": 0.28832077980041504,
        "6": 0.2869640588760376,
        "7": 0.2770218849182129,
        "8": 0.27621063590049744,
        "9": 0.274484783411026
    },
    "304": {
        "0": 0.3077205419540405,
        "1": 0.3065185546875,
        "2": 0.30214452743530273,
        "3": 0.3008049726486206,
        "4": 0.2986176013946533,
        "5": 0.2909369468688965,
        "6": 0.2860618829727173,
        "7": 0.28579169511795044,
        "8": 0.28571072220802307,
        "9": 0.28492307662963867
    }
}