{
    "0": {
        "0": 0.38182926177978516,
        "1": 0.3715725541114807,
        "2": 0.36700713634490967,
        "3": 0.36356133222579956,
        "4": 0.3633560538291931,
        "5": 0.3391413986682892,
        "6": 0.3168802559375763,
        "7": 0.3140682578086853,
        "8": 0.3072589337825775,
        "9": 0.30364668369293213
    },
    "16": {
        "0": 0.3353739380836487,
        "1": 0.3346323072910309,
        "2": 0.3309919536113739,
        "3": 0.3035634160041809,
        "4": 0.3035125434398651,
        "5": 0.2798718810081482,
        "6": 0.27368229627609253,
        "7": 0.2695857286453247,
        "8": 0.26667410135269165,
        "9": 0.2589712142944336
    },
    "32": {
        "0": 0.2982838451862335,
        "1": 0.28852730989456177,
        "2": 0.27213385701179504,
        "3": 0.25641921162605286,
        "4": 0.25363782048225403,
        "5": 0.2531375288963318,
        "6": 0.25288212299346924,
        "7": 0.2523585855960846,
        "8": 0.2515290379524231,
        "9": 0.2437412589788437
    },
    "48": {
        "0": 0.27084577083587646,
        "1": 0.2594882547855377,
        "2": 0.2563716769218445,
        "3": 0.24945282936096191,
        "4": 0.24916483461856842,
        "5": 0.24741460382938385,
        "6": 0.2426070272922516,
        "7": 0.24125532805919647,
        "8": 0.24093398451805115,
        "9": 0.2390841841697693
    },
    "64": {
        "0": 0.2898033857345581,
        "1": 0.27959054708480835,
        "2": 0.2776719927787781,
        "3": 0.2769378423690796,
        "4": 0.2754192650318146,
        "5": 0.2737092077732086,
        "6": 0.2653406858444214,
        "7": 0.26456567645072937,
        "8": 0.263339638710022,
        "9": 0.2601093053817749
    },
    "80": {
        "0": 0.33774808049201965,
        "1": 0.3338175117969513,
        "2": 0.31501269340515137,
        "3": 0.3135052025318146,
        "4": 0.30448850989341736,
        "5": 0.3027384281158447,
        "6": 0.29953423142433167,
        "7": 0.2922089695930481,
        "8": 0.29012811183929443,
        "9": 0.2900238037109375
    },
    "96": {
        "0": 0.3815976083278656,
        "1": 0.3690430223941803,
        "2": 0.3538312017917633,
        "3": 0.3517277240753174,
        "4": 0.3380794823169708,
        "5": 0.33507850766181946,
        "6": 0.3258533775806427,
        "7": 0.3096450865268707,
        "8": 0.30733782052993774,
        "9": 0.30514800548553467
    },
    "112": {
        "0": 0.348629355430603,
        "1": 0.33955568075180054,
        "2": 0.32913443446159363,
        "3": 0.3094375431537628,
        "4": 0.305681049823761,
        "5": 0.3023628890514374,
        "6": 0.301932692527771,
        "7": 0.3014659583568573,
        "8": 0.29935115575790405,
        "9": 0.2989524304866791
    },
    "128": {
        "0": 0.3654480576515198,
        "1": 0.347523033618927,
        "2": 0.32670456171035767,
        "3": 0.32368290424346924,
        "4": 0.32146942615509033,
        "5": 0.30416449904441833,
        "6": 0.3021523654460907,
        "7": 0.3016583025455475,
        "8": 0.30137160420417786,
        "9": 0.299437940120697
    },
    "144": {
        "0": 0.2718237638473511,
        "1": 0.2649824917316437,
        "2": 0.2614477574825287,
        "3": 0.2587919533252716,
        "4": 0.25304993987083435,
        "5": 0.2405754029750824,
        "6": 0.2379876673221588,
        "7": 0.23615127801895142,
        "8": 0.23002539575099945,
        "9": 0.22933350503444672
    },
    "160": {
        "0": 0.28831708431243896,
        "1": 0.2775731384754181,
        "2": 0.2658692002296448,
        "3": 0.2625056803226471,
        "4": 0.2622608542442322,
        "5": 0.25966212153434753,
        "6": 0.2580473721027374,
        "7": 0.25231924653053284,
        "8": 0.24680107831954956,
        "9": 0.24420547485351562
    },
    "176": {
        "0": 0.299258291721344,
        "1": 0.27804669737815857,
        "2": 0.2778779864311218,
        "3": 0.27517369389533997,
        "4": 0.2682453691959381,
        "5": 0.26815569400787354,
        "6": 0.26652172207832336,
        "7": 0.25780609250068665,
        "8": 0.25189632177352905,
        "9": 0.24845659732818604
    },
    "192": {
        "0": 0.3267022967338562,
        "1": 0.3266330659389496,
        "2": 0.31884434819221497,
        "3": 0.3053794503211975,
        "4": 0.30493757128715515,
        "5": 0.29794275760650635,
        "6": 0.2968360483646393,
        "7": 0.2864292860031128,
        "8": 0.2777896821498871,
        "9": 0.2718982398509979
    },
    "208": {
        "0": 0.30828168988227844,
        "1": 0.30586522817611694,
        "2": 0.2985421121120453,
        "3": 0.29513299465179443,
        "4": 0.2777135670185089,
        "5": 0.2706906199455261,
        "6": 0.2643183469772339,
        "7": 0.26210442185401917,
        "8": 0.2581210732460022,
        "9": 0.2502855956554413
    },
    "224": {
        "0": 0.32859084010124207,
        "1": 0.3188430070877075,
        "2": 0.3171120285987854,
        "3": 0.29333433508872986,
        "4": 0.28839126229286194,
        "5": 0.27447715401649475,
        "6": 0.26754528284072876,
        "7": 0.2652134597301483,
        "8": 0.2618273198604584,
        "9": 0.2522464990615845
    },
    "240": {
        "0": 0.28583645820617676,
        "1": 0.2742903530597687,
        "2": 0.27249613404273987,
        "3": 0.26982223987579346,
        "4": 0.2531970143318176,
        "5": 0.2530096173286438,
        "6": 0.2527569532394409,
        "7": 0.24828124046325684,
        "8": 0.24686236679553986,
        "9": 0.2440824806690216
    },
    "256": {
        "0": 0.29441189765930176,
        "1": 0.28789183497428894,
        "2": 0.27772748470306396,
        "3": 0.2707650065422058,
        "4": 0.26690077781677246,
        "5": 0.2650112807750702,
        "6": 0.2617705464363098,
        "7": 0.2533830404281616,
        "8": 0.2533301115036011,
        "9": 0.25024542212486267
    },
    "272": {
        "0": 0.3139127790927887,
        "1": 0.2834659218788147,
        "2": 0.281970739364624,
        "3": 0.27562692761421204,
        "4": 0.27542227506637573,
        "5": 0.26091518998146057,
        "6": 0.2561420500278473,
        "7": 0.25334301590919495,
        "8": 0.24660064280033112,
        "9": 0.2425442487001419
    },
    "288": {
        "0": 0.27587011456489563,
        "1": 0.2634640336036682,
        "2": 0.24854597449302673,
        "3": 0.2477256953716278,
        "4": 0.2463831603527069,
        "5": 0.2458019107580185,
        "6": 0.2357846349477768,
        "7": 0.22758269309997559,
        "8": 0.2271418571472168,
        "9": 0.22523218393325806
    },
    "304": {
        "0": 0.2553229033946991,
        "1": 0.2514980137348175,
        "2": 0.24879783391952515,
        "3": 0.244566410779953,
        "4": 0.23839432001113892,
        "5": 0.2374291867017746,
        "6": 0.23484638333320618,
        "7": 0.23137709498405457,
        "8": 0.23016473650932312,
        "9": 0.2297649085521698
    },
    "320": {
        "0": 0.29781851172447205,
        "1": 0.2910429835319519,
        "2": 0.28731727600097656,
        "3": 0.28647083044052124,
        "4": 0.2840650975704193,
        "5": 0.28193575143814087,
        "6": 0.2818251848220825,
        "7": 0.28147202730178833,
        "8": 0.2792898714542389,
        "9": 0.27828487753868103
    },
    "336": {
        "0": 0.30162250995635986,
        "1": 0.3010483980178833,
        "2": 0.3002939820289612,
        "3": 0.2934696674346924,
        "4": 0.291653037071228,
        "5": 0.2866712212562561,
        "6": 0.2857760787010193,
        "7": 0.2854371964931488,
        "8": 0.28418397903442383,
        "9": 0.2835279107093811
    },
    "352": {
        "0": 0.3296950161457062,
        "1": 0.3227818012237549,
        "2": 0.31894874572753906,
        "3": 0.31708186864852905,
        "4": 0.30692049860954285,
        "5": 0.3032919466495514,