{
    "0": {
        "0": 0.40956607460975647,
        "1": 0.40802428126335144,
        "2": 0.3950713872909546,
        "3": 0.39360854029655457,
        "4": 0.39116016030311584,
        "5": 0.3832334280014038,
        "6": 0.3790832757949829,
        "7": 0.3768233060836792,
        "8": 0.3714168667793274,
        "9": 0.3689403533935547
    },
    "16": {
        "0": 0.40796035528182983,
        "1": 0.40211808681488037,
        "2": 0.39697718620300293,
        "3": 0.3920665979385376,
        "4": 0.38926833868026733,
        "5": 0.3865857720375061,
        "6": 0.38459447026252747,
        "7": 0.379574716091156,
        "8": 0.37451672554016113,
        "9": 0.3741012215614319
    },
    "32": {
        "0": 0.40166282653808594,
        "1": 0.40149515867233276,
        "2": 0.38854607939720154,
        "3": 0.38694268465042114,
        "4": 0.3866005539894104,
        "5": 0.3807772397994995,
        "6": 0.380642831325531,
        "7": 0.3775940239429474,
        "8": 0.3715567886829376,
        "9": 0.36998164653778076
    },
    "48": {
        "0": 0.41393256187438965,
        "1": 0.40175703167915344,
        "2": 0.39790067076683044,
        "3": 0.3976418972015381,
        "4": 0.3975488543510437,
        "5": 0.3970205783843994,
        "6": 0.3940901458263397,
        "7": 0.3907731771469116,
        "8": 0.3868613839149475,
        "9": 0.3850218653678894
    },
    "64": {
        "0": 0.41647452116012573,
        "1": 0.4029760956764221,
        "2": 0.4008910655975342,
        "3": 0.4008803367614746,
        "4": 0.40087470412254333,
        "5": 0.3986887037754059,
        "6": 0.39778169989585876,
        "7": 0.3938460350036621,
        "8": 0.39167389273643494,
        "9": 0.3894570767879486
    },
    "80": {
        "0": 0.4208367168903351,
        "1": 0.406466543674469,
        "2": 0.40342438220977783,
        "3": 0.40323713421821594,
        "4": 0.4025048315525055,
        "5": 0.39703524112701416,
        "6": 0.39667999744415283,
        "7": 0.39592623710632324,
        "8": 0.3958345651626587,
        "9": 0.3945590853691101
    },
    "96": {
        "0": 0.42226025462150574,
        "1": 0.4077313542366028,
        "2": 0.40640416741371155,
        "3": 0.40201207995414734,
        "4": 0.40194153785705566,
        "5": 0.3999558985233307,
        "6": 0.3959738612174988,
        "7": 0.3942064940929413,
        "8": 0.3931715488433838,
        "9": 0.3931176960468292
    },
    "112": {
        "0": 0.4136912226676941,
        "1": 0.40331095457077026,
        "2": 0.3989388942718506,
        "3": 0.3947382867336273,
        "4": 0.39454197883605957,
        "5": 0.3908874988555908,
        "6": 0.3900073766708374,
        "7": 0.38869842886924744,
        "8": 0.38861581683158875,
        "9": 0.3857904374599457
    },
    "128": {
        "0": 0.41178789734840393,
        "1": 0.4014994502067566,
        "2": 0.39952123165130615,
        "3": 0.39812570810317993,
        "4": 0.3970911204814911,
        "5": 0.3932252824306488,
        "6": 0.3927565813064575,
        "7": 0.38740992546081543,
        "8": 0.3856729567050934,
        "9": 0.3849565386772156
    },
    "144": {
        "0": 0.4119427800178528,
        "1": 0.4039013087749481,
        "2": 0.40063202381134033,
        "3": 0.3992806375026703,
        "4": 0.39876046776771545,
        "5": 0.3978789150714874,
        "6": 0.39594632387161255,
        "7": 0.3894750475883484,
        "8": 0.3876854479312897,
        "9": 0.38603392243385315
    },
    "160": {
        "0": 0.4191226065158844,
        "1": 0.41084322333335876,
        "2": 0.4055221974849701,
        "3": 0.40539705753326416,
        "4": 0.40502747893333435,
        "5": 0.4015316665172577,
        "6": 0.4014245271682739,
        "7": 0.3957672119140625,
        "8": 0.39504119753837585,
        "9": 0.3932352066040039
    },
    "176": {
        "0": 0.4166644513607025,
        "1": 0.41228005290031433,
        "2": 0.39985209703445435,
        "3": 0.3981221616268158,
        "4": 0.3975813090801239,
        "5": 0.3943980932235718,
        "6": 0.3895183801651001,
        "7": 0.38605549931526184,
        "8": 0.38212692737579346,
        "9": 0.3786163926124573
    },
    "192": {
        "0": 0.412978857755661,
        "1": 0.4072352349758148,
        "2": 0.39717331528663635,
        "3": 0.3967743217945099,
        "4": 0.39521241188049316,
        "5": 0.3911491930484772,
        "6": 0.38991686701774597,
        "7": 0.3861379027366638,
        "8": 0.3813880681991577,
        "9": 0.381050705909729
    },
    "208": {
        "0": 0.418789803981781,
        "1": 0.40057724714279175,
        "2": 0.3889514207839966,
        "3": 0.38783350586891174,
        "4": 0.3781806230545044,
        "5": 0.37517815828323364,
        "6": 0.37351909279823303,
        "7": 0.37035122513771057,
        "8": 0.3685458302497864,
        "9": 0.3681240677833557
    },
    "224": {
        "0": 0.41111305356025696,
        "1": 0.41099458932876587,
        "2": 0.3956396281719208,
        "3": 0.3870958685874939,
        "4": 0.38608643412590027,
        "5": 0.38548368215560913,
        "6": 0.38406938314437866,
        "7": 0.38217267394065857,
        "8": 0.3769645094871521,
        "9": 0.3751610815525055
    },
    "240": {
        "0": 0.41827496886253357,
        "1": 0.40639781951904297,
        "2": 0.4026893377304077,
        "3": 0.3900551199913025,
        "4": 0.3900509476661682,
        "5": 0.38868141174316406,
        "6": 0.38665786385536194,
        "7": 0.38597628474235535,
        "8": 0.3790188133716583,
        "9": 0.3745771646499634
    },
    "256": {
        "0": 0.39569753408432007,
        "1": 0.39208582043647766,
        "2": 0.3777731657028198,
        "3": 0.36469903588294983,
        "4": 0.359144002199173,
        "5": 0.35693833231925964,
        "6": 0.356781005859375,
        "7": 0.3559004068374634,
        "8": 0.34932857751846313,
        "9": 0.34562948346138
    },
    "272": {
        "0": 0.3933609127998352,
        "1": 0.3913528621196747,
        "2": 0.37598222494125366,
        "3": 0.36869221925735474,
        "4": 0.3653048276901245,
        "5": 0.3617963194847107,
        "6": 0.36169424653053284,
        "7": 0.35848483443260193,
        "8": 0.35567036271095276,
        "9": 0.3528076708316803
    },
    "288": {
        "0": 0.40463751554489136,
        "1": 0.3988497257232666,
        "2": 0.3825666308403015,
        "3": 0.3762389123439789,
        "4": 0.3709690570831299,
        "5": 0.3702619671821594,
        "6": 0.3697718381881714,
        "7": 0.36552223563194275,
        "8": 0.36359068751335144,
        "9": 0.3601444363594055
    },
    "304": {
        "0": 0.3894774317741394,
        "1": 0.38578441739082336,
        "2": 0.36625295877456665,
        "3": 0.3610086739063263,
        "4": 0.35984906554222107,
        "5": 0.35943275690078735,
        "6": 0.35588622093200684,
        "7": 0.3555358052253723,
        "8": 0.35217320919036865,
        "9": 0.35198497772216797
    },
    "320": {
        "0": 0.400646835565567,
        "1": 0.38932254910469055,
        "2": 0.38179701566696167,
        "3": 0.3746703565120697,
        "4": 0.3721894919872284,
        "5": 0.37079042196273804,
        "6": 0.37055984139442444,
        "7": 0.3661399781703949,
        "8": 0.36169251799583435,
        "9": 0.3605015277862549
    },
    "336": {
        "0": 0.41255396604537964,
        "1": 0.40544456243515015,
        "2": 0.39397287368774414,
        "3": 0.39008426666259766,
        "4": 0.3863042891025543,
        "5": 0.38120192289352417,
        "6": 0.3801364600658417,
        "7": 0.3767695128917694,
        "8": 0.37094390392303467,
        "9": 0.36988329887390137
    },
    "352": {
        "0": 0.42020779848098755,
        "1": 0.4192596673965454,
        "2": 0.40747135877609253,
        "3": 0.4006700813770294,
        "4": 0.3987717926502228,
        "5": 0.39860615134239197,