{
    "0": {
        "0": 0.25364020466804504,
        "1": 0.2354762852191925,
        "2": 0.22000747919082642,
        "3": 0.21797573566436768,
        "4": 0.21635335683822632,
        "5": 0.21443834900856018,
        "6": 0.2068970501422882,
        "7": 0.20634567737579346,
        "8": 0.198979914188385,
        "9": 0.1988016963005066
    },
    "16": {
        "0": 0.24624378979206085,
        "1": 0.23452302813529968,
        "2": 0.23305827379226685,
        "3": 0.2248968482017517,
        "4": 0.22290362417697906,
        "5": 0.22123438119888306,
        "6": 0.21640531718730927,
        "7": 0.20510022342205048,
        "8": 0.20249223709106445,
        "9": 0.19835296273231506
    },
    "32": {
        "0": 0.26618728041648865,
        "1": 0.258311003446579,
        "2": 0.2542605698108673,
        "3": 0.251943975687027,
        "4": 0.2512001395225525,
        "5": 0.24834401905536652,
        "6": 0.23515689373016357,
        "7": 0.23241403698921204,
        "8": 0.2294335812330246,
        "9": 0.2285228818655014
    },
    "48": {
        "0": 0.23617108166217804,
        "1": 0.22795416414737701,
        "2": 0.21137692034244537,
        "3": 0.20332616567611694,
        "4": 0.20278683304786682,
        "5": 0.19673064351081848,
        "6": 0.19650772213935852,
        "7": 0.1927575021982193,
        "8": 0.1910572201013565,
        "9": 0.18784308433532715
    },
    "64": {
        "0": 0.23507437109947205,
        "1": 0.2334766685962677,
        "2": 0.2256566882133484,
        "3": 0.22246550023555756,
        "4": 0.2154192328453064,
        "5": 0.21191397309303284,
        "6": 0.20765015482902527,
        "7": 0.2027750313282013,
        "8": 0.19938048720359802,
        "9": 0.19901350140571594
    },
    "80": {
        "0": 0.247958242893219,
        "1": 0.24745476245880127,
        "2": 0.2368897795677185,
        "3": 0.23561729490756989,
        "4": 0.22550395131111145,
        "5": 0.22372853755950928,
        "6": 0.21684153378009796,
        "7": 0.21654224395751953,
        "8": 0.2144743800163269,
        "9": 0.21367940306663513
    },
    "96": {
        "0": 0.19376972317695618,
        "1": 0.1892077624797821,
        "2": 0.1766200214624405,
        "3": 0.17628848552703857,
        "4": 0.17356902360916138,
        "5": 0.1725030541419983,
        "6": 0.17052288353443146,
        "7": 0.16236044466495514,
        "8": 0.160957932472229,
        "9": 0.15779775381088257
    },
    "112": {
        "0": 0.21574336290359497,
        "1": 0.20910650491714478,
        "2": 0.20318125188350677,
        "3": 0.19470098614692688,
        "4": 0.19405516982078552,
        "5": 0.18996834754943848,
        "6": 0.1891697645187378,
        "7": 0.18771512806415558,
        "8": 0.18368089199066162,
        "9": 0.18243014812469482
    },
    "128": {
        "0": 0.24113906919956207,
        "1": 0.2349616140127182,
        "2": 0.21984462440013885,
        "3": 0.21923266351222992,
        "4": 0.21642759442329407,
        "5": 0.21508190035820007,
        "6": 0.20981867611408234,
        "7": 0.2081768810749054,
        "8": 0.20414163172245026,
        "9": 0.20150090754032135
    },
    "144": {
        "0": 0.2479609102010727,
        "1": 0.22873899340629578,
        "2": 0.2207365185022354,
        "3": 0.21848419308662415,
        "4": 0.21652203798294067,
        "5": 0.21199509501457214,
        "6": 0.21122930943965912,
        "7": 0.21049942076206207,
        "8": 0.20834478735923767,
        "9": 0.2071584165096283
    },
    "160": {
        "0": 0.3581247925758362,
        "1": 0.33188939094543457,
        "2": 0.3302318751811981,
        "3": 0.3219320476055145,
        "4": 0.32166171073913574,
        "5": 0.3209233283996582,
        "6": 0.31418377161026,
        "7": 0.3073011636734009,
        "8": 0.30178871750831604,
        "9": 0.300985723733902
    },
    "176": {
        "0": 0.3666221797466278,
        "1": 0.3482239246368408,
        "2": 0.34776848554611206,
        "3": 0.343997597694397,
        "4": 0.3414696156978607,
        "5": 0.33672982454299927,
        "6": 0.331095814704895,
        "7": 0.33034569025039673,
        "8": 0.32666853070259094,
        "9": 0.3104725480079651
    },
    "192": {
        "0": 0.315532922744751,
        "1": 0.31069621443748474,
        "2": 0.3098376393318176,
        "3": 0.2986075282096863,
        "4": 0.2935257852077484,
        "5": 0.2876983880996704,
        "6": 0.28578826785087585,
        "7": 0.2852000594139099,
        "8": 0.28157496452331543,
        "9": 0.278905987739563
    },
    "208": {
        "0": 0.3275337219238281,
        "1": 0.32058942317962646,
        "2": 0.32045912742614746,
        "3": 0.32032379508018494,
        "4": 0.3181505501270294,
        "5": 0.3040095269680023,
        "6": 0.30294719338417053,
        "7": 0.30129295587539673,
        "8": 0.29914388060569763,
        "9": 0.29864659905433655
    },
    "224": {
        "0": 0.2973232865333557,
        "1": 0.29448747634887695,
        "2": 0.2885282039642334,
        "3": 0.2859927713871002,
        "4": 0.2803921699523926,
        "5": 0.27630409598350525,
        "6": 0.2715914845466614,
        "7": 0.2701694369316101,
        "8": 0.2693793773651123,
        "9": 0.24894709885120392
    },
    "240": {
        "0": 0.27036571502685547,
        "1": 0.2639053463935852,
        "2": 0.25831758975982666,
        "3": 0.2538648545742035,
        "4": 0.25253283977508545,
        "5": 0.24617373943328857,
        "6": 0.24350130558013916,
        "7": 0.2392883449792862,
        "8": 0.23725323379039764,
        "9": 0.2324332892894745
    }
}