{
    "0": {
        "0": 0.345001757144928,
        "1": 0.34337306022644043,
        "2": 0.3341207802295685,
        "3": 0.3066463768482208,
        "4": 0.2991495132446289,
        "5": 0.2973865866661072,
        "6": 0.29609671235084534,
        "7": 0.29548245668411255,
        "8": 0.29314476251602173,
        "9": 0.2927802503108978
    },
    "16": {
        "0": 0.32592472434043884,
        "1": 0.3244219422340393,
        "2": 0.31713593006134033,
        "3": 0.28926968574523926,
        "4": 0.2854160964488983,
        "5": 0.28466904163360596,
        "6": 0.28354477882385254,
        "7": 0.2825913727283478,
        "8": 0.2821366786956787,
        "9": 0.277942955493927
    },
    "32": {
        "0": 0.3238365650177002,
        "1": 0.3208707869052887,
        "2": 0.32075485587120056,
        "3": 0.2758271396160126,
        "4": 0.27562475204467773,
        "5": 0.2739295959472656,
        "6": 0.2714899182319641,
        "7": 0.2688579559326172,
        "8": 0.2657112777233124,
        "9": 0.26094186305999756
    },
    "48": {
        "0": 0.32461780309677124,
        "1": 0.32090768218040466,
        "2": 0.31936997175216675,
        "3": 0.2791788876056671,
        "4": 0.27461957931518555,
        "5": 0.2722092270851135,
        "6": 0.2721697688102722,
        "7": 0.2699586749076843,
        "8": 0.2677197754383087,
        "9": 0.2621172070503235
    },
    "64": {
        "0": 0.32863086462020874,
        "1": 0.32669585943222046,
        "2": 0.32424867153167725,
        "3": 0.2863835394382477,
        "4": 0.2797775864601135,
        "5": 0.27864357829093933,
        "6": 0.27759885787963867,
        "7": 0.2766072750091553,
        "8": 0.2756442427635193,
        "9": 0.2718573808670044
    },
    "80": {
        "0": 0.3275510370731354,
        "1": 0.32728511095046997,
        "2": 0.3219109773635864,
        "3": 0.28019896149635315,
        "4": 0.27829986810684204,
        "5": 0.2759380042552948,
        "6": 0.2748633325099945,
        "7": 0.2729749381542206,
        "8": 0.2711842358112335,
        "9": 0.26584547758102417
    },
    "96": {
        "0": 0.33516812324523926,
        "1": 0.3323907256126404,
        "2": 0.32617151737213135,
        "3": 0.28783106803894043,
        "4": 0.28324365615844727,
        "5": 0.28215134143829346,
        "6": 0.2808992266654968,
        "7": 0.2798464596271515,
        "8": 0.2785372734069824,
        "9": 0.27474552392959595
    },
    "112": {
        "0": 0.3346983790397644,
        "1": 0.3308980166912079,
        "2": 0.3259088397026062,
        "3": 0.2867124080657959,
        "4": 0.28039196133613586,
        "5": 0.2802284061908722,
        "6": 0.2780646085739136,
        "7": 0.27739691734313965,
        "8": 0.2772018313407898,
        "9": 0.2731771469116211
    },
    "128": {
        "0": 0.33463895320892334,
        "1": 0.33311253786087036,
        "2": 0.3297761082649231,
        "3": 0.32022595405578613,
        "4": 0.3199859857559204,
        "5": 0.319746732711792,
        "6": 0.3191829323768616,
        "7": 0.31847262382507324,
        "8": 0.30955541133880615,
        "9": 0.3087281584739685
    },
    "144": {
        "0": 0.313207745552063,
        "1": 0.3070644438266754,
        "2": 0.3032464385032654,
        "3": 0.3029640018939972,
        "4": 0.29915839433670044,
        "5": 0.29683637619018555,
        "6": 0.29392409324645996,
        "7": 0.2919912338256836,
        "8": 0.2900356352329254,
        "9": 0.2876136898994446
    },
    "160": {
        "0": 0.31936508417129517,
        "1": 0.31847435235977173,
        "2": 0.31846117973327637,
        "3": 0.31097328662872314,
        "4": 0.3098607659339905,
        "5": 0.3048272728919983,
        "6": 0.3037137985229492,
        "7": 0.30154427886009216,
        "8": 0.3006802499294281,
        "9": 0.300538569688797
    },
    "176": {
        "0": 0.3316502571105957,
        "1": 0.32686787843704224,
        "2": 0.3245995044708252,
        "3": 0.3091987669467926,
        "4": 0.3086544871330261,
        "5": 0.3056322932243347,
        "6": 0.3043677806854248,
        "7": 0.29927217960357666,
        "8": 0.29904407262802124,
        "9": 0.29792511463165283
    },
    "192": {
        "0": 0.3318842053413391,
        "1": 0.3259822130203247,
        "2": 0.32234424352645874,
        "3": 0.30341434478759766,
        "4": 0.30291613936424255,
        "5": 0.3027944564819336,
        "6": 0.29970988631248474,
        "7": 0.2986610531806946,
        "8": 0.29461854696273804,
        "9": 0.29395151138305664
    },
    "208": {
        "0": 0.3290637135505676,
        "1": 0.3196210265159607,
        "2": 0.31611037254333496,
        "3": 0.29825061559677124,
        "4": 0.2974407374858856,
        "5": 0.29686588048934937,
        "6": 0.2940802574157715,
        "7": 0.2940051555633545,
        "8": 0.289707213640213,
        "9": 0.28892239928245544
    },
    "224": {
        "0": 0.30108505487442017,
        "1": 0.2975567579269409,
        "2": 0.29059845209121704,
        "3": 0.28900599479675293,
        "4": 0.28893473744392395,
        "5": 0.2827664315700531,
        "6": 0.27328309416770935,
        "7": 0.27057141065597534,
        "8": 0.2690637707710266,
        "9": 0.2667039632797241
    },
    "240": {
        "0": 0.3123200535774231,
        "1": 0.300991952419281,
        "2": 0.294989675283432,
        "3": 0.2896055579185486,
        "4": 0.2831419110298157,
        "5": 0.2776631712913513,
        "6": 0.2764012813568115,
        "7": 0.2726828157901764,
        "8": 0.27232077717781067,
        "9": 0.270521342754364
    }
}