{
    "0": {
        "0": 0.35194799304008484,
        "1": 0.3392725884914398,
        "2": 0.3388807773590088,
        "3": 0.33141782879829407,
        "4": 0.33073869347572327,
        "5": 0.3240552246570587,
        "6": 0.321879506111145,
        "7": 0.31897732615470886,
        "8": 0.3125729262828827,
        "9": 0.30453360080718994
    },
    "16": {
        "0": 0.3322065770626068,
        "1": 0.3233068883419037,
        "2": 0.323237806558609,
        "3": 0.3141881227493286,
        "4": 0.3115138113498688,
        "5": 0.3110041618347168,
        "6": 0.30084148049354553,
        "7": 0.29885333776474,
        "8": 0.29768767952919006,
        "9": 0.2975948750972748
    },
    "32": {
        "0": 0.3266366422176361,
        "1": 0.32202038168907166,
        "2": 0.3172574043273926,
        "3": 0.3168022036552429,
        "4": 0.30982643365859985,
        "5": 0.3065516948699951,
        "6": 0.30241361260414124,
        "7": 0.2955341637134552,
        "8": 0.28937000036239624,
        "9": 0.2874445617198944
    },
    "48": {
        "0": 0.3188565969467163,
        "1": 0.31019270420074463,
        "2": 0.30980098247528076,
        "3": 0.3039187788963318,
        "4": 0.3025921881198883,
        "5": 0.29106226563453674,
        "6": 0.2886694669723511,
        "7": 0.2864265739917755,
        "8": 0.2720136344432831,
        "9": 0.27163439989089966
    },
    "64": {
        "0": 0.3187512159347534,
        "1": 0.31143784523010254,
        "2": 0.3105352520942688,
        "3": 0.3040919303894043,
        "4": 0.29668810963630676,
        "5": 0.2921360433101654,
        "6": 0.2887977361679077,
        "7": 0.2766747772693634,
        "8": 0.275269091129303,
        "9": 0.2714652419090271
    },
    "80": {
        "0": 0.29888853430747986,
        "1": 0.29040926694869995,
        "2": 0.28959012031555176,
        "3": 0.28426671028137207,
        "4": 0.28007733821868896,
        "5": 0.2706497311592102,
        "6": 0.2664209008216858,
        "7": 0.26171132922172546,
        "8": 0.2587924897670746,
        "9": 0.2541869580745697
    },
    "96": {
        "0": 0.300293505191803,
        "1": 0.29277798533439636,
        "2": 0.2912459075450897,
        "3": 0.2848944664001465,
        "4": 0.27811145782470703,
        "5": 0.2698710560798645,
        "6": 0.2685032784938812,
        "7": 0.26651281118392944,
        "8": 0.26327091455459595,
        "9": 0.2597527801990509
    },
    "112": {
        "0": 0.294942170381546,
        "1": 0.2894824147224426,
        "2": 0.2839972972869873,
        "3": 0.2794798016548157,
        "4": 0.27740803360939026,
        "5": 0.26564857363700867,
        "6": 0.2648874521255493,
        "7": 0.26019901037216187,
        "8": 0.2574664354324341,
        "9": 0.2560068368911743
    },
    "128": {
        "0": 0.295523464679718,
        "1": 0.2953072190284729,
        "2": 0.2817307114601135,
        "3": 0.2806919515132904,
        "4": 0.28022825717926025,
        "5": 0.27250558137893677,
        "6": 0.265168696641922,
        "7": 0.26306501030921936,
        "8": 0.25244489312171936,
        "9": 0.24956075847148895
    },
    "144": {
        "0": 0.3028309941291809,
        "1": 0.2925436198711395,
        "2": 0.2885100245475769,
        "3": 0.28125402331352234,
        "4": 0.2759895622730255,
        "5": 0.26235032081604004,
        "6": 0.25425541400909424,
        "7": 0.25330251455307007,
        "8": 0.2440573275089264,
        "9": 0.24169740080833435
    },
    "160": {
        "0": 0.3477201461791992,
        "1": 0.3394109308719635,
        "2": 0.33905327320098877,
        "3": 0.31670546531677246,
        "4": 0.31607386469841003,
        "5": 0.3113399147987366,
        "6": 0.3084142804145813,
        "7": 0.3029787540435791,
        "8": 0.2965541481971741,
        "9": 0.29133230447769165
    },
    "176": {
        "0": 0.3534824252128601,
        "1": 0.3410051167011261,
        "2": 0.3405340313911438,
        "3": 0.32091063261032104,
        "4": 0.32010847330093384,
        "5": 0.3172712028026581,
        "6": 0.3106519281864166,
        "7": 0.30840086936950684,
        "8": 0.29783758521080017,
        "9": 0.2951756715774536
    },
    "192": {
        "0": 0.31872066855430603,
        "1": 0.301049143075943,
        "2": 0.2882639169692993,
        "3": 0.2866448760032654,
        "4": 0.28567713499069214,
        "5": 0.2839029133319855,
        "6": 0.2838853895664215,
        "7": 0.2806878387928009,
        "8": 0.2726981043815613,
        "9": 0.2721509337425232
    },
    "208": {
        "0": 0.38046371936798096,
        "1": 0.35724055767059326,
        "2": 0.35246291756629944,
        "3": 0.34358274936676025,
        "4": 0.3422505855560303,
        "5": 0.34177544713020325,
        "6": 0.3406144082546234,
        "7": 0.3377053737640381,
        "8": 0.337236225605011,
        "9": 0.3280845880508423
    },
    "224": {
        "0": 0.33956778049468994,
        "1": 0.33896583318710327,
        "2": 0.33538684248924255,
        "3": 0.32707664370536804,
        "4": 0.3147275745868683,
        "5": 0.3143499195575714,
        "6": 0.3125702738761902,
        "7": 0.3056178689002991,
        "8": 0.30503353476524353,
        "9": 0.30368492007255554
    },
    "240": {
        "0": 0.37248745560646057,
        "1": 0.344620019197464,
        "2": 0.3439481258392334,
        "3": 0.3434053957462311,
        "4": 0.34116891026496887,
        "5": 0.337169349193573,
        "6": 0.33459246158599854,
        "7": 0.3331274390220642,
        "8": 0.32573679089546204,
        "9": 0.3245203197002411
    },
    "256": {
        "0": 0.35748741030693054,
        "1": 0.33246806263923645,
        "2": 0.3306681513786316,
        "3": 0.32761627435684204,
        "4": 0.3253905475139618,
        "5": 0.32357257604599,
        "6": 0.3234381675720215,
        "7": 0.31593644618988037,
        "8": 0.31192657351493835,
        "9": 0.30781641602516174
    },
    "272": {
        "0": 0.3388446271419525,
        "1": 0.3336213529109955,
        "2": 0.32642823457717896,
        "3": 0.31886258721351624,
        "4": 0.31342458724975586,
        "5": 0.3132268190383911,
        "6": 0.3119865953922272,
        "7": 0.3119150996208191,
        "8": 0.29561445116996765,
        "9": 0.29498404264450073
    },
    "288": {
        "0": 0.353561669588089,
        "1": 0.34056657552719116,
        "2": 0.33358412981033325,
        "3": 0.31855612993240356,
        "4": 0.3161243200302124,
        "5": 0.31495821475982666,
        "6": 0.31285837292671204,
        "7": 0.3102869689464569,
        "8": 0.3068181872367859,
        "9": 0.3020162582397461
    },
    "304": {
        "0": 0.3634827136993408,
        "1": 0.34954267740249634,
        "2": 0.3310704231262207,
        "3": 0.32962900400161743,
        "4": 0.3285137116909027,
        "5": 0.32390233874320984,
        "6": 0.32049816846847534,
        "7": 0.31935083866119385,
        "8": 0.31813108921051025,
        "9": 0.31800058484077454
    },
    "320": {
        "0": 0.348567932844162,
        "1": 0.32699716091156006,
        "2": 0.3150981068611145,
        "3": 0.314934641122818,
        "4": 0.3137204647064209,
        "5": 0.31254857778549194,
        "6": 0.312343567609787,
        "7": 0.31116563081741333,
        "8": 0.31006142497062683,
        "9": 0.30952006578445435
    },
    "336": {
        "0": 0.3443799614906311,
        "1": 0.3297920525074005,
        "2": 0.32736313343048096,
        "3": 0.32603853940963745,
        "4": 0.3223324418067932,
        "5": 0.32164230942726135,
        "6": 0.32062065601348877,
        "7": 0.32061854004859924,
        "8": 0.3194436728954315,
        "9": 0.3188597857952118
    },
    "352": {
        "0": 0.37546300888061523,
        "1": 0.3720906376838684,
        "2": 0.3714389204978943,
        "3": 0.37019363045692444,
        "4": 0.36963149905204773,
        "5": 0.3654191493988037,
        "6": 0.364261656999588,