{
    "0": {
        "0": 0.37609946727752686,
        "1": 0.373200386762619,
        "2": 0.36854812502861023,
        "3": 0.3552589416503906,
        "4": 0.3474595248699188,
        "5": 0.3461383283138275,
        "6": 0.3362918794155121,
        "7": 0.3343609571456909,
        "8": 0.3040235936641693,
        "9": 0.2979061007499695
    },
    "16": {
        "0": 0.4054742753505707,
        "1": 0.39075398445129395,
        "2": 0.38665467500686646,
        "3": 0.38664668798446655,
        "4": 0.37445032596588135,
        "5": 0.35948529839515686,
        "6": 0.35346513986587524,
        "7": 0.343912810087204,
        "8": 0.3271213471889496,
        "9": 0.3270391821861267
    },
    "32": {
        "0": 0.40984678268432617,
        "1": 0.40204060077667236,
        "2": 0.3985433578491211,
        "3": 0.38870668411254883,
        "4": 0.3751121163368225,
        "5": 0.3738686442375183,
        "6": 0.37383735179901123,
        "7": 0.3602716624736786,
        "8": 0.3322504758834839,
        "9": 0.3301314413547516
    },
    "48": {
        "0": 0.3933280110359192,
        "1": 0.39018863439559937,
        "2": 0.38632044196128845,
        "3": 0.3719046413898468,
        "4": 0.36257192492485046,
        "5": 0.3592604696750641,
        "6": 0.3506470024585724,
        "7": 0.34093642234802246,
        "8": 0.32513004541397095,
        "9": 0.3218171298503876
    },
    "64": {
        "0": 0.39146187901496887,
        "1": 0.3860200047492981,
        "2": 0.38287898898124695,
        "3": 0.37530362606048584,
        "4": 0.3671804964542389,
        "5": 0.36414635181427,
        "6": 0.36022448539733887,
        "7": 0.35578200221061707,
        "8": 0.32665443420410156,
        "9": 0.3244016170501709
    },
    "80": {
        "0": 0.3998474180698395,
        "1": 0.3953346014022827,
        "2": 0.38945987820625305,
        "3": 0.3781405985355377,
        "4": 0.36814063787460327,
        "5": 0.3605969548225403,
        "6": 0.36021748185157776,
        "7": 0.3462924361228943,
        "8": 0.3227411210536957,
        "9": 0.32252076268196106
    },
    "96": {
        "0": 0.3896230459213257,
        "1": 0.3887685239315033,
        "2": 0.38246381282806396,
        "3": 0.3807987570762634,
        "4": 0.3767774701118469,
        "5": 0.3720433712005615,
        "6": 0.3566100001335144,
        "7": 0.34549158811569214,
        "8": 0.34342461824417114,
        "9": 0.3380063474178314
    },
    "112": {
        "0": 0.3538212776184082,
        "1": 0.33599716424942017,
        "2": 0.33302947878837585,
        "3": 0.3287698030471802,
        "4": 0.32813140749931335,
        "5": 0.32018721103668213,
        "6": 0.3157427906990051,
        "7": 0.31107091903686523,
        "8": 0.30559226870536804,
        "9": 0.3003067970275879
    },
    "128": {
        "0": 0.34031105041503906,
        "1": 0.33033445477485657,
        "2": 0.32554423809051514,
        "3": 0.31150421500205994,
        "4": 0.3058592677116394,
        "5": 0.30519574880599976,
        "6": 0.2990652322769165,
        "7": 0.2986670732498169,
        "8": 0.2972770035266876,
        "9": 0.29709652066230774
    },
    "144": {
        "0": 0.3375943601131439,
        "1": 0.332905113697052,
        "2": 0.3143753111362457,
        "3": 0.30410897731781006,
        "4": 0.2987138032913208,
        "5": 0.29803407192230225,
        "6": 0.2943248450756073,
        "7": 0.29392772912979126,
        "8": 0.28928685188293457,
        "9": 0.28679952025413513
    },
    "160": {
        "0": 0.34600675106048584,
        "1": 0.3442477881908417,
        "2": 0.339769184589386,
        "3": 0.3393128216266632,
        "4": 0.3371945023536682,
        "5": 0.33518311381340027,
        "6": 0.33379894495010376,
        "7": 0.3333090841770172,
        "8": 0.3331274390220642,
        "9": 0.3330262005329132
    },
    "176": {
        "0": 0.36943796277046204,
        "1": 0.36921966075897217,
        "2": 0.36901336908340454,
        "3": 0.36522728204727173,
        "4": 0.36501604318618774,
        "5": 0.3590236008167267,
        "6": 0.35593125224113464,
        "7": 0.3537180423736572,
        "8": 0.3535434305667877,
        "9": 0.35014966130256653
    },
    "192": {
        "0": 0.33449286222457886,
        "1": 0.3155219852924347,
        "2": 0.31274253129959106,
        "3": 0.2973631024360657,
        "4": 0.29562145471572876,
        "5": 0.2945469915866852,
        "6": 0.2931205928325653,
        "7": 0.2924811542034149,
        "8": 0.29152166843414307,
        "9": 0.28750699758529663
    },
    "208": {
        "0": 0.37079107761383057,
        "1": 0.35533490777015686,
        "2": 0.3509915769100189,
        "3": 0.35066840052604675,
        "4": 0.3487630784511566,
        "5": 0.34764695167541504,
        "6": 0.33911898732185364,
        "7": 0.33884450793266296,
        "8": 0.33798834681510925,
        "9": 0.3336731195449829
    },
    "224": {
        "0": 0.3351045250892639,
        "1": 0.333918958902359,
        "2": 0.3266959488391876,
        "3": 0.32659339904785156,
        "4": 0.32651063799858093,
        "5": 0.32272905111312866,
        "6": 0.3223399519920349,
        "7": 0.3133789896965027,
        "8": 0.3112982213497162,
        "9": 0.2998415529727936
    },
    "240": {
        "0": 0.3512212932109833,
        "1": 0.34614551067352295,
        "2": 0.3402298092842102,
        "3": 0.33872973918914795,
        "4": 0.33826225996017456,
        "5": 0.33621957898139954,
        "6": 0.33370742201805115,
        "7": 0.333527147769928,
        "8": 0.33337604999542236,
        "9": 0.332512766122818
    },
    "256": {
        "0": 0.4104808568954468,
        "1": 0.4069928526878357,
        "2": 0.4054262936115265,
        "3": 0.4045579135417938,
        "4": 0.39816170930862427,
        "5": 0.3964729607105255,
        "6": 0.3931686282157898,
        "7": 0.3925021290779114,
        "8": 0.3912357687950134,
        "9": 0.3892143666744232
    },
    "272": {
        "0": 0.30722540616989136,
        "1": 0.30472761392593384,
        "2": 0.30450648069381714,
        "3": 0.3041207790374756,
        "4": 0.2919344902038574,
        "5": 0.2906481623649597,
        "6": 0.2874557375907898,
        "7": 0.2720053791999817,
        "8": 0.27199628949165344,
        "9": 0.26737236976623535
    },
    "288": {
        "0": 0.3099920153617859,
        "1": 0.3083626627922058,
        "2": 0.30703210830688477,
        "3": 0.3003789782524109,
        "4": 0.30011051893234253,
        "5": 0.2996024787425995,
        "6": 0.2994750142097473,
        "7": 0.2982941269874573,
        "8": 0.2969724237918854,
        "9": 0.29511183500289917
    },
    "304": {
        "0": 0.31896889209747314,
        "1": 0.30112600326538086,
        "2": 0.2988916039466858,
        "3": 0.2984983026981354,
        "4": 0.2974684536457062,
        "5": 0.2945868968963623,
        "6": 0.28708770871162415,
        "7": 0.28703317046165466,
        "8": 0.28524327278137207,
        "9": 0.2732946276664734
    },
    "320": {
        "0": 0.3728926181793213,
        "1": 0.36788442730903625,
        "2": 0.36230653524398804,
        "3": 0.36027565598487854,
        "4": 0.35708582401275635,
        "5": 0.35423514246940613,
        "6": 0.3535710871219635,
        "7": 0.3511444330215454,
        "8": 0.3500065207481384,
        "9": 0.3477509021759033
    },
    "336": {
        "0": 0.37888088822364807,
        "1": 0.36951521039009094,
        "2": 0.35568442940711975,
        "3": 0.3540526032447815,
        "4": 0.35356050729751587,
        "5": 0.3513534367084503,
        "6": 0.34748557209968567,
        "7": 0.34592878818511963,
        "8": 0.3449542820453644,
        "9": 0.34357577562332153
    },
    "352": {
        "0": 0.3808799088001251,
        "1": 0.37762951850891113,
        "2": 0.3736579418182373,
        "3": 0.37015300989151,
        "4": 0.3669048547744751,
        "5": 0.36668041348457336,