{
    "0": {
        "0": 0.3829667568206787,
        "1": 0.36725732684135437,
        "2": 0.36071425676345825,
        "3": 0.35435202717781067,
        "4": 0.352019727230072,
        "5": 0.35137245059013367,
        "6": 0.34587496519088745,
        "7": 0.3452567160129547,
        "8": 0.34152641892433167,
        "9": 0.33490049839019775
    },
    "16": {
        "0": 0.389972984790802,
        "1": 0.360793799161911,
        "2": 0.35000044107437134,
        "3": 0.3456082046031952,
        "4": 0.34280288219451904,
        "5": 0.3410837650299072,
        "6": 0.3363173305988312,
        "7": 0.3320401906967163,
        "8": 0.331616073846817,
        "9": 0.32962852716445923
    },
    "32": {
        "0": 0.36946919560432434,
        "1": 0.35301682353019714,
        "2": 0.3470856249332428,
        "3": 0.3459247350692749,
        "4": 0.3449411690235138,
        "5": 0.341723769903183,
        "6": 0.3316776752471924,
        "7": 0.3298298418521881,
        "8": 0.3223941922187805,
        "9": 0.3208848536014557
    },
    "48": {
        "0": 0.3010232448577881,
        "1": 0.30041730403900146,
        "2": 0.2967474162578583,
        "3": 0.2955760359764099,
        "4": 0.2941287159919739,
        "5": 0.2938743829727173,
        "6": 0.29229068756103516,
        "7": 0.2777629494667053,
        "8": 0.27414608001708984,
        "9": 0.2634229362010956
    },
    "64": {
        "0": 0.37390679121017456,
        "1": 0.34282830357551575,
        "2": 0.3328385055065155,
        "3": 0.32509705424308777,
        "4": 0.3235892653465271,
        "5": 0.32347747683525085,
        "6": 0.3200545907020569,
        "7": 0.3196287155151367,
        "8": 0.3190375566482544,
        "9": 0.3178001642227173
    },
    "80": {
        "0": 0.362052857875824,
        "1": 0.35933876037597656,
        "2": 0.34273606538772583,
        "3": 0.33602505922317505,
        "4": 0.333659291267395,
        "5": 0.3332849442958832,
        "6": 0.3319514989852905,
        "7": 0.3267008364200592,
        "8": 0.32338112592697144,
        "9": 0.32052451372146606
    },
    "96": {
        "0": 0.3910664916038513,
        "1": 0.38345035910606384,
        "2": 0.3648138642311096,
        "3": 0.3619571328163147,
        "4": 0.3618064820766449,
        "5": 0.3611523509025574,
        "6": 0.35895904898643494,
        "7": 0.34826454520225525,
        "8": 0.34536460041999817,
        "9": 0.3424812853336334
    },
    "112": {
        "0": 0.36387208104133606,
        "1": 0.3546980917453766,
        "2": 0.349941223859787,
        "3": 0.3394055664539337,
        "4": 0.3390614986419678,
        "5": 0.3336929380893707,
        "6": 0.3333522379398346,
        "7": 0.3314913213253021,
        "8": 0.3306930661201477,
        "9": 0.32883191108703613
    },
    "128": {
        "0": 0.3743729591369629,
        "1": 0.3639489412307739,
        "2": 0.3592971861362457,
        "3": 0.358046293258667,
        "4": 0.35348108410835266,
        "5": 0.35253068804740906,
        "6": 0.3470664620399475,
        "7": 0.3409982919692993,
        "8": 0.3387702703475952,
        "9": 0.3335101902484894
    },
    "144": {
        "0": 0.40828806161880493,
        "1": 0.37485271692276,
        "2": 0.3747796416282654,
        "3": 0.3691083490848541,
        "4": 0.36586350202560425,
        "5": 0.36479970812797546,
        "6": 0.3626650273799896,
        "7": 0.35961878299713135,
        "8": 0.3562173843383789,
        "9": 0.35552459955215454
    },
    "160": {
        "0": 0.3956074118614197,
        "1": 0.3804950416088104,
        "2": 0.367291659116745,
        "3": 0.36376041173934937,
        "4": 0.35887765884399414,
        "5": 0.3541373908519745,
        "6": 0.35304132103919983,
        "7": 0.35294651985168457,
        "8": 0.3395395278930664,
        "9": 0.33759644627571106
    },
    "176": {
        "0": 0.34120869636535645,
        "1": 0.33174851536750793,
        "2": 0.3256743550300598,
        "3": 0.32415831089019775,
        "4": 0.3172319531440735,
        "5": 0.3166368305683136,
        "6": 0.31659838557243347,
        "7": 0.3165491223335266,
        "8": 0.31417423486709595,
        "9": 0.31096717715263367
    },
    "192": {
        "0": 0.35690391063690186,
        "1": 0.3435496389865875,
        "2": 0.34050631523132324,
        "3": 0.338338702917099,
        "4": 0.3348446190357208,
        "5": 0.3322431445121765,
        "6": 0.32477715611457825,
        "7": 0.3195881247520447,
        "8": 0.319339781999588,
        "9": 0.31882908940315247
    },
    "208": {
        "0": 0.339229553937912,
        "1": 0.32561904191970825,
        "2": 0.32178953289985657,
        "3": 0.31275439262390137,
        "4": 0.30992844700813293,
        "5": 0.30951419472694397,
        "6": 0.30617555975914,
        "7": 0.305509477853775,
        "8": 0.30537131428718567,
        "9": 0.30383405089378357
    },
    "224": {
        "0": 0.370043009519577,
        "1": 0.3673287332057953,
        "2": 0.3640011250972748,
        "3": 0.35563939809799194,
        "4": 0.3523646295070648,
        "5": 0.35060787200927734,
        "6": 0.35036638379096985,
        "7": 0.3498455286026001,
        "8": 0.34610074758529663,
        "9": 0.3362787961959839
    },
    "240": {
        "0": 0.3359545171260834,
        "1": 0.3217873275279999,
        "2": 0.3113723695278168,
        "3": 0.31089794635772705,
        "4": 0.2989402115345001,
        "5": 0.2980169951915741,
        "6": 0.29332637786865234,
        "7": 0.2903861999511719,
        "8": 0.28606441617012024,
        "9": 0.2787901759147644
    },
    "256": {
        "0": 0.33566251397132874,
        "1": 0.33292144536972046,
        "2": 0.3227817416191101,
        "3": 0.3207329511642456,
        "4": 0.3057805001735687,
        "5": 0.30004188418388367,
        "6": 0.2981049120426178,
        "7": 0.2915346622467041,
        "8": 0.28981292247772217,
        "9": 0.2845093905925751
    },
    "272": {
        "0": 0.3367956280708313,
        "1": 0.2976555824279785,
        "2": 0.2773396670818329,
        "3": 0.27676042914390564,
        "4": 0.2759246826171875,
        "5": 0.2748904824256897,
        "6": 0.27395734190940857,
        "7": 0.2691432237625122,
        "8": 0.26615747809410095,
        "9": 0.2650591731071472
    },
    "288": {
        "0": 0.30318525433540344,
        "1": 0.2726615369319916,
        "2": 0.2655908763408661,
        "3": 0.26307550072669983,
        "4": 0.2594483196735382,
        "5": 0.25080859661102295,
        "6": 0.24063554406166077,
        "7": 0.24001380801200867,
        "8": 0.23824742436408997,
        "9": 0.23735588788986206
    },
    "304": {
        "0": 0.2964748442173004,
        "1": 0.28909769654273987,
        "2": 0.28786104917526245,
        "3": 0.2863982617855072,
        "4": 0.2848737835884094,
        "5": 0.27740931510925293,
        "6": 0.27685022354125977,
        "7": 0.275245726108551,
        "8": 0.26604345440864563,
        "9": 0.2628534138202667
    },
    "320": {
        "0": 0.3710319697856903,
        "1": 0.3651246428489685,
        "2": 0.3573422133922577,
        "3": 0.35679611563682556,
        "4": 0.3543242812156677,
        "5": 0.35395732522010803,
        "6": 0.3486129343509674,
        "7": 0.3468773663043976,
        "8": 0.34319496154785156,
        "9": 0.34220945835113525
    },
    "336": {
        "0": 0.3849925994873047,
        "1": 0.38044899702072144,
        "2": 0.36502793431282043,
        "3": 0.3616390824317932,
        "4": 0.36030474305152893,
        "5": 0.35943642258644104,
        "6": 0.3581298887729645,
        "7": 0.35521596670150757,
        "8": 0.35113999247550964,
        "9": 0.34884631633758545
    },
    "352": {
        "0": 0.3984147310256958,
        "1": 0.39622801542282104,
        "2": 0.3905286192893982,
        "3": 0.36053165793418884,
        "4": 0.35772594809532166,
        "5": 0.3515348434448242,
        "6": 0.35023263096809387,