{
    "0": {
        "0": 0.2836998999118805,
        "1": 0.26826533675193787,
        "2": 0.26675543189048767,
        "3": 0.22535914182662964,
        "4": 0.2178996503353119,
        "5": 0.21484704315662384,
        "6": 0.21335996687412262,
        "7": 0.2129693478345871,
        "8": 0.21202430129051208,
        "9": 0.2115512639284134
    },
    "16": {
        "0": 0.3090607225894928,
        "1": 0.29659968614578247,
        "2": 0.29598569869995117,
        "3": 0.29029881954193115,
        "4": 0.28699737787246704,
        "5": 0.28259414434432983,
        "6": 0.2797132432460785,
        "7": 0.2707499563694,
        "8": 0.2706996202468872,
        "9": 0.26837947964668274
    },
    "32": {
        "0": 0.2894164025783539,
        "1": 0.2823604941368103,
        "2": 0.2810755670070648,
        "3": 0.2783251404762268,
        "4": 0.2768952548503876,
        "5": 0.26968979835510254,
        "6": 0.2630358934402466,
        "7": 0.2559886574745178,
        "8": 0.25495386123657227,
        "9": 0.24947598576545715
    },
    "48": {
        "0": 0.33731868863105774,
        "1": 0.31556272506713867,
        "2": 0.30454590916633606,
        "3": 0.29818081855773926,
        "4": 0.28847336769104004,
        "5": 0.2870398461818695,
        "6": 0.2831924259662628,
        "7": 0.28285834193229675,
        "8": 0.2787144184112549,
        "9": 0.2776844799518585
    },
    "64": {
        "0": 0.28054559230804443,
        "1": 0.2784348726272583,
        "2": 0.26173967123031616,
        "3": 0.24275681376457214,
        "4": 0.23455418646335602,
        "5": 0.23406799137592316,
        "6": 0.2320200800895691,
        "7": 0.22965367138385773,
        "8": 0.22729834914207458,
        "9": 0.22419805824756622
    },
    "80": {
        "0": 0.30626699328422546,
        "1": 0.2870914936065674,
        "2": 0.27243030071258545,
        "3": 0.24608740210533142,
        "4": 0.24525560438632965,
        "5": 0.24419811367988586,
        "6": 0.24108600616455078,
        "7": 0.24041599035263062,
        "8": 0.2356334924697876,
        "9": 0.23512910306453705
    },
    "96": {
        "0": 0.24003645777702332,
        "1": 0.2244342565536499,
        "2": 0.21726059913635254,
        "3": 0.17530082166194916,
        "4": 0.1739717274904251,
        "5": 0.16886886954307556,
        "6": 0.1668466329574585,
        "7": 0.15862832963466644,
        "8": 0.1575404703617096,
        "9": 0.15656709671020508
    },
    "112": {
        "0": 0.2000214010477066,
        "1": 0.19117987155914307,
        "2": 0.17977818846702576,
        "3": 0.1402040719985962,
        "4": 0.14001215994358063,
        "5": 0.13073241710662842,
        "6": 0.12967008352279663,
        "7": 0.12524592876434326,
        "8": 0.1249188706278801,
        "9": 0.1233363002538681
    },
    "128": {
        "0": 0.28846031427383423,
        "1": 0.28201138973236084,
        "2": 0.2777022421360016,
        "3": 0.24784430861473083,
        "4": 0.24694962799549103,
        "5": 0.23445948958396912,
        "6": 0.23036636412143707,
        "7": 0.229682058095932,
        "8": 0.22861193120479584,
        "9": 0.22748500108718872
    },
    "144": {
        "0": 0.36071139574050903,
        "1": 0.3502194285392761,
        "2": 0.3459082245826721,
        "3": 0.34501391649246216,
        "4": 0.3413349390029907,
        "5": 0.33893612027168274,
        "6": 0.33233407139778137,
        "7": 0.3321206867694855,
        "8": 0.3283173143863678,
        "9": 0.32449597120285034
    },
    "160": {
        "0": 0.33883136510849,
        "1": 0.3101038634777069,
        "2": 0.30859139561653137,
        "3": 0.30579137802124023,
        "4": 0.2955724596977234,
        "5": 0.29383620619773865,
        "6": 0.2802487313747406,
        "7": 0.2791791260242462,
        "8": 0.2738320529460907,
        "9": 0.2729375958442688
    },
    "176": {
        "0": 0.34261423349380493,
        "1": 0.321164071559906,
        "2": 0.3201090693473816,
        "3": 0.3181610107421875,
        "4": 0.31085726618766785,
        "5": 0.3105749189853668,
        "6": 0.30109772086143494,
        "7": 0.2968619167804718,
        "8": 0.29374203085899353,
        "9": 0.2930006980895996
    },
    "192": {
        "0": 0.3688592314720154,
        "1": 0.35084015130996704,
        "2": 0.3481295108795166,
        "3": 0.33690282702445984,
        "4": 0.33688002824783325,
        "5": 0.3293892443180084,
        "6": 0.32848024368286133,
        "7": 0.32401442527770996,
        "8": 0.3231910467147827,
        "9": 0.32294341921806335
    },
    "208": {
        "0": 0.33127501606941223,
        "1": 0.3088041841983795,
        "2": 0.3061087429523468,
        "3": 0.30599766969680786,
        "4": 0.30445700883865356,
        "5": 0.30324986577033997,
        "6": 0.2982717454433441,
        "7": 0.29719725251197815,
        "8": 0.2933613359928131,
        "9": 0.29243484139442444
    },
    "224": {
        "0": 0.3419013023376465,
        "1": 0.3369661867618561,
        "2": 0.336853563785553,
        "3": 0.3298271596431732,
        "4": 0.3154991567134857,
        "5": 0.3147448003292084,
        "6": 0.30883967876434326,
        "7": 0.30730947852134705,
        "8": 0.30170342326164246,
        "9": 0.30139660835266113
    },
    "240": {
        "0": 0.3418412208557129,
        "1": 0.3338059186935425,
        "2": 0.3331616222858429,
        "3": 0.33246228098869324,
        "4": 0.32836589217185974,
        "5": 0.3183712363243103,
        "6": 0.31720104813575745,
        "7": 0.3160385191440582,
        "8": 0.3121584355831146,
        "9": 0.31185635924339294
    },
    "256": {
        "0": 0.3591219186782837,
        "1": 0.3494205176830292,
        "2": 0.34936168789863586,
        "3": 0.32908064126968384,
        "4": 0.32902219891548157,
        "5": 0.32403814792633057,
        "6": 0.32380422949790955,
        "7": 0.3231513202190399,
        "8": 0.31949394941329956,
        "9": 0.3188883662223816
    },
    "272": {
        "0": 0.35525956749916077,
        "1": 0.34098851680755615,
        "2": 0.3401826024055481,
        "3": 0.3401663899421692,
        "4": 0.32786625623703003,
        "5": 0.32775160670280457,
        "6": 0.32739976048469543,
        "7": 0.32245317101478577,
        "8": 0.31194859743118286,
        "9": 0.3117695450782776
    },
    "288": {
        "0": 0.33915287256240845,
        "1": 0.32550695538520813,
        "2": 0.31973978877067566,
        "3": 0.31328725814819336,
        "4": 0.3128475546836853,
        "5": 0.31188952922821045,
        "6": 0.3097814619541168,
        "7": 0.3096882998943329,
        "8": 0.309116929769516,
        "9": 0.3081763982772827
    },
    "304": {
        "0": 0.29800739884376526,
        "1": 0.29730096459388733,
        "2": 0.29373615980148315,
        "3": 0.28817442059516907,
        "4": 0.2813498377799988,
        "5": 0.2764136791229248,
        "6": 0.27289533615112305,
        "7": 0.2694724500179291,
        "8": 0.26837703585624695,
        "9": 0.2678423523902893
    },
    "320": {
        "0": 0.3096436560153961,
        "1": 0.3045141100883484,
        "2": 0.2998780310153961,
        "3": 0.28479447960853577,
        "4": 0.2813063859939575,
        "5": 0.2809487581253052,
        "6": 0.2758428454399109,
        "7": 0.27463898062705994,
        "8": 0.270412802696228,
        "9": 0.26979151368141174
    },
    "336": {
        "0": 0.3569992482662201,
        "1": 0.33422374725341797,
        "2": 0.33178359270095825,
        "3": 0.32097893953323364,
        "4": 0.31842076778411865,
        "5": 0.315696656703949,
        "6": 0.31552502512931824,
        "7": 0.3144207298755646,
        "8": 0.31335610151290894,
        "9": 0.3107181191444397
    },
    "352": {
        "0": 0.35985296964645386,
        "1": 0.34519460797309875,
        "2": 0.3405753970146179,
        "3": 0.3394742012023926,
        "4": 0.3381321430206299,
        "5": 0.33636078238487244,