{
    "0": {
        "0": 0.3589521050453186,
        "1": 0.34311097860336304,
        "2": 0.34194499254226685,
        "3": 0.336407870054245,
        "4": 0.3234671354293823,
        "5": 0.3228267431259155,
        "6": 0.3219064772129059,
        "7": 0.3145015835762024,
        "8": 0.3086702525615692,
        "9": 0.30762895941734314
    },
    "16": {
        "0": 0.32742589712142944,
        "1": 0.3152850866317749,
        "2": 0.3138938248157501,
        "3": 0.312908798456192,
        "4": 0.30902189016342163,
        "5": 0.3049321472644806,
        "6": 0.3015505075454712,
        "7": 0.3006899356842041,
        "8": 0.3004697263240814,
        "9": 0.29973918199539185
    },
    "32": {
        "0": 0.32620930671691895,
        "1": 0.32469862699508667,
        "2": 0.31588518619537354,
        "3": 0.31522879004478455,
        "4": 0.31056275963783264,
        "5": 0.30152755975723267,
        "6": 0.29744720458984375,
        "7": 0.29498130083084106,
        "8": 0.2945646643638611,
        "9": 0.29361188411712646
    },
    "48": {
        "0": 0.34067487716674805,
        "1": 0.33133062720298767,
        "2": 0.32839250564575195,
        "3": 0.3263809084892273,
        "4": 0.32506147027015686,
        "5": 0.3146558105945587,
        "6": 0.306670218706131,
        "7": 0.2831052243709564,
        "8": 0.2795235216617584,
        "9": 0.27947214245796204
    },
    "64": {
        "0": 0.30903804302215576,
        "1": 0.30141395330429077,
        "2": 0.30062335729599,
        "3": 0.2989991307258606,
        "4": 0.29597485065460205,
        "5": 0.2956181764602661,
        "6": 0.29520243406295776,
        "7": 0.2940261662006378,
        "8": 0.29388663172721863,
        "9": 0.2857586443424225
    },
    "80": {
        "0": 0.2896205186843872,
        "1": 0.2862803339958191,
        "2": 0.2842218279838562,
        "3": 0.281544029712677,
        "4": 0.27679139375686646,
        "5": 0.2729773223400116,
        "6": 0.27184849977493286,
        "7": 0.2705625295639038,
        "8": 0.2690878212451935,
        "9": 0.26799580454826355
    },
    "96": {
        "0": 0.3191870152950287,
        "1": 0.3120303153991699,
        "2": 0.30319660902023315,
        "3": 0.3003321886062622,
        "4": 0.2981679141521454,
        "5": 0.29326263070106506,
        "6": 0.2823863625526428,
        "7": 0.2812114357948303,
        "8": 0.2749069333076477,
        "9": 0.2736906409263611
    },
    "112": {
        "0": 0.35238710045814514,
        "1": 0.34442371129989624,
        "2": 0.3390640616416931,
        "3": 0.3371469974517822,
        "4": 0.33694931864738464,
        "5": 0.32840242981910706,
        "6": 0.3233961760997772,
        "7": 0.3122153878211975,
        "8": 0.3077745735645294,
        "9": 0.3070504367351532
    },
    "128": {
        "0": 0.34895944595336914,
        "1": 0.34455445408821106,
        "2": 0.3434615731239319,
        "3": 0.3408590257167816,
        "4": 0.3312317430973053,
        "5": 0.32692262530326843,
        "6": 0.3113531768321991,
        "7": 0.2855181396007538,
        "8": 0.2829444408416748,
        "9": 0.2829433083534241
    },
    "144": {
        "0": 0.35949942469596863,
        "1": 0.3458387851715088,
        "2": 0.34209853410720825,
        "3": 0.3419751524925232,
        "4": 0.3331129550933838,
        "5": 0.32905375957489014,
        "6": 0.32720306515693665,
        "7": 0.3078361451625824,
        "8": 0.29500612616539,
        "9": 0.293354868888855
    },
    "160": {
        "0": 0.36045604944229126,
        "1": 0.3586193919181824,
        "2": 0.3560389578342438,
        "3": 0.354580283164978,
        "4": 0.3517579138278961,
        "5": 0.3454813063144684,
        "6": 0.33188396692276,
        "7": 0.322588711977005,
        "8": 0.32153046131134033,
        "9": 0.313441663980484
    },
    "176": {
        "0": 0.34258320927619934,
        "1": 0.3317793309688568,
        "2": 0.3260602653026581,
        "3": 0.3213968575000763,
        "4": 0.32015371322631836,
        "5": 0.31253862380981445,
        "6": 0.2882108986377716,
        "7": 0.2672489881515503,
        "8": 0.26215291023254395,
        "9": 0.25709354877471924
    },
    "192": {
        "0": 0.3028191030025482,
        "1": 0.2918364703655243,
        "2": 0.2864396870136261,
        "3": 0.27677232027053833,
        "4": 0.2686639428138733,
        "5": 0.26154646277427673,
        "6": 0.2599412202835083,
        "7": 0.25628843903541565,
        "8": 0.2463798224925995,
        "9": 0.24063952267169952
    },
    "208": {
        "0": 0.38872113823890686,
        "1": 0.3785431385040283,
        "2": 0.37159785628318787,
        "3": 0.36370593309402466,
        "4": 0.3538534343242645,
        "5": 0.3522084057331085,
        "6": 0.35206475853919983,
        "7": 0.3485810160636902,
        "8": 0.3450164496898651,
        "9": 0.342964768409729
    },
    "224": {
        "0": 0.3512665629386902,
        "1": 0.348123699426651,
        "2": 0.34578636288642883,
        "3": 0.3455677032470703,
        "4": 0.33923736214637756,
        "5": 0.3271964490413666,
        "6": 0.3268291652202606,
        "7": 0.3246127665042877,
        "8": 0.32393550872802734,
        "9": 0.31882748007774353
    },
    "240": {
        "0": 0.3307785987854004,
        "1": 0.32057973742485046,
        "2": 0.3180595338344574,
        "3": 0.3070250451564789,
        "4": 0.30370283126831055,
        "5": 0.30217301845550537,
        "6": 0.29162129759788513,
        "7": 0.2891290485858917,
        "8": 0.27203068137168884,
        "9": 0.2688807249069214
    },
    "256": {
        "0": 0.3817683756351471,
        "1": 0.3760240077972412,
        "2": 0.3728939890861511,
        "3": 0.35647037625312805,
        "4": 0.3529760539531708,
        "5": 0.35188576579093933,
        "6": 0.34775102138519287,
        "7": 0.33663883805274963,
        "8": 0.3349168002605438,
        "9": 0.3345487415790558
    },
    "272": {
        "0": 0.3395967483520508,
        "1": 0.3390071392059326,
        "2": 0.3345866799354553,
        "3": 0.32113170623779297,
        "4": 0.31725645065307617,
        "5": 0.31658968329429626,
        "6": 0.3113621771335602,
        "7": 0.30832141637802124,
        "8": 0.2986050844192505,
        "9": 0.29751771688461304
    },
    "288": {
        "0": 0.3480854630470276,
        "1": 0.34153181314468384,
        "2": 0.34071266651153564,
        "3": 0.3174261450767517,
        "4": 0.3169270157814026,
        "5": 0.3138740062713623,
        "6": 0.30745577812194824,
        "7": 0.29289519786834717,
        "8": 0.29045265913009644,
        "9": 0.2884936034679413
    },
    "304": {
        "0": 0.33986005187034607,
        "1": 0.3307286500930786,
        "2": 0.33031439781188965,
        "3": 0.32712113857269287,
        "4": 0.31012335419654846,
        "5": 0.3096746504306793,
        "6": 0.30965226888656616,
        "7": 0.3088526427745819,
        "8": 0.305079847574234,
        "9": 0.30462175607681274
    },
    "320": {
        "0": 0.290519654750824,
        "1": 0.28528228402137756,
        "2": 0.28417325019836426,
        "3": 0.2828444242477417,
        "4": 0.2675853967666626,
        "5": 0.26541125774383545,
        "6": 0.26490530371665955,
        "7": 0.2648168206214905,
        "8": 0.264666348695755,
        "9": 0.2635233402252197
    },
    "336": {
        "0": 0.371064156293869,
        "1": 0.36980828642845154,
        "2": 0.36142995953559875,
        "3": 0.36080971360206604,
        "4": 0.3424917459487915,
        "5": 0.3387826979160309,
        "6": 0.336209774017334,
        "7": 0.3356289267539978,
        "8": 0.3330077826976776,
        "9": 0.3326694667339325
    }
}