{
    "0": {
        "0": 0.33631831407546997,
        "1": 0.3362254202365875,
        "2": 0.3346216082572937,
        "3": 0.3345767855644226,
        "4": 0.331402987241745,
        "5": 0.322796493768692,
        "6": 0.3211113512516022,
        "7": 0.3200013339519501,
        "8": 0.31081968545913696,
        "9": 0.31022942066192627
    },
    "16": {
        "0": 0.34616127610206604,
        "1": 0.3397041857242584,
        "2": 0.33963558077812195,
        "3": 0.3363565504550934,
        "4": 0.33618566393852234,
        "5": 0.3349263072013855,
        "6": 0.3344036340713501,
        "7": 0.3325338363647461,
        "8": 0.3280819356441498,
        "9": 0.3271510601043701
    },
    "32": {
        "0": 0.32302433252334595,
        "1": 0.3191126585006714,
        "2": 0.31863340735435486,
        "3": 0.3185797333717346,
        "4": 0.31761229038238525,
        "5": 0.3124125599861145,
        "6": 0.3113194704055786,
        "7": 0.3083513677120209,
        "8": 0.30665847659111023,
        "9": 0.3048146665096283
    },
    "48": {
        "0": 0.36077454686164856,
        "1": 0.35975515842437744,
        "2": 0.3593370020389557,
        "3": 0.34729108214378357,
        "4": 0.3444596827030182,
        "5": 0.34240952134132385,
        "6": 0.33990350365638733,
        "7": 0.33963075280189514,
        "8": 0.3383752107620239,
        "9": 0.33279716968536377
    },
    "64": {
        "0": 0.35488152503967285,
        "1": 0.3515561819076538,
        "2": 0.34191709756851196,
        "3": 0.3342277705669403,
        "4": 0.3334667980670929,
        "5": 0.332236111164093,
        "6": 0.332211434841156,
        "7": 0.3279259204864502,
        "8": 0.32737505435943604,
        "9": 0.3246629238128662
    },
    "80": {
        "0": 0.3665521442890167,
        "1": 0.3590756356716156,
        "2": 0.35458502173423767,
        "3": 0.34894421696662903,
        "4": 0.3483213782310486,
        "5": 0.34435489773750305,
        "6": 0.3387165665626526,
        "7": 0.334201455116272,
        "8": 0.33207422494888306,
        "9": 0.3302043378353119
    },
    "96": {
        "0": 0.33473697304725647,
        "1": 0.32780689001083374,
        "2": 0.32742446660995483,
        "3": 0.3259154260158539,
        "4": 0.3220021724700928,
        "5": 0.3163241147994995,
        "6": 0.3161727488040924,
        "7": 0.3095416724681854,
        "8": 0.3063703775405884,
        "9": 0.30446410179138184
    },
    "112": {
        "0": 0.33991795778274536,
        "1": 0.3352416753768921,
        "2": 0.3323366641998291,
        "3": 0.3308658003807068,
        "4": 0.3307141959667206,
        "5": 0.3297240138053894,
        "6": 0.327693372964859,
        "7": 0.32673898339271545,
        "8": 0.3192867636680603,
        "9": 0.31853973865509033
    },
    "128": {
        "0": 0.3373354971408844,
        "1": 0.3268384337425232,
        "2": 0.32540151476860046,
        "3": 0.3250413239002228,
        "4": 0.32270708680152893,
        "5": 0.3165324032306671,
        "6": 0.3126072883605957,
        "7": 0.3093392848968506,
        "8": 0.30813753604888916,
        "9": 0.30778107047080994
    },
    "144": {
        "0": 0.35179403424263,
        "1": 0.34386175870895386,
        "2": 0.3361266553401947,
        "3": 0.3351016640663147,
        "4": 0.3340246379375458,
        "5": 0.33307504653930664,
        "6": 0.33247607946395874,
        "7": 0.32981076836586,
        "8": 0.3291766941547394,
        "9": 0.3262593150138855
    },
    "160": {
        "0": 0.3257986307144165,
        "1": 0.32293978333473206,
        "2": 0.32095861434936523,
        "3": 0.319133996963501,
        "4": 0.31813928484916687,
        "5": 0.3175005316734314,
        "6": 0.3151605427265167,
        "7": 0.3139808177947998,
        "8": 0.3132801055908203,
        "9": 0.313022255897522
    },
    "176": {
        "0": 0.38737985491752625,
        "1": 0.3806625306606293,
        "2": 0.3746894299983978,
        "3": 0.36927229166030884,
        "4": 0.36667147278785706,
        "5": 0.36079540848731995,
        "6": 0.3582324981689453,
        "7": 0.35504335165023804,
        "8": 0.3530830144882202,
        "9": 0.35157474875450134
    },
    "192": {
        "0": 0.42170602083206177,
        "1": 0.4105282723903656,
        "2": 0.4104291498661041,
        "3": 0.4042814373970032,
        "4": 0.4003095030784607,
        "5": 0.39996886253356934,
        "6": 0.394899845123291,
        "7": 0.3937264680862427,
        "8": 0.3928584158420563,
        "9": 0.39268726110458374
    },
    "208": {
        "0": 0.40179678797721863,
        "1": 0.39671874046325684,
        "2": 0.39475229382514954,
        "3": 0.39375168085098267,
        "4": 0.38792380690574646,
        "5": 0.38731083273887634,
        "6": 0.38599562644958496,
        "7": 0.3857223391532898,
        "8": 0.3832463324069977,
        "9": 0.38063573837280273
    },
    "224": {
        "0": 0.4045867919921875,
        "1": 0.3840472996234894,
        "2": 0.38340020179748535,
        "3": 0.3811868131160736,
        "4": 0.3787110149860382,
        "5": 0.3782332241535187,
        "6": 0.3754879832267761,
        "7": 0.3753211498260498,
        "8": 0.3752627372741699,
        "9": 0.3723830580711365
    },
    "240": {
        "0": 0.3451671302318573,
        "1": 0.34439733624458313,
        "2": 0.34408244490623474,
        "3": 0.3396663963794708,
        "4": 0.33838728070259094,
        "5": 0.336685448884964,
        "6": 0.3328801989555359,
        "7": 0.3325001895427704,
        "8": 0.327158123254776,
        "9": 0.3197084069252014
    },
    "256": {
        "0": 0.38108378648757935,
        "1": 0.37655580043792725,
        "2": 0.36279773712158203,
        "3": 0.3618691563606262,
        "4": 0.3617672026157379,
        "5": 0.3610807955265045,
        "6": 0.35973548889160156,
        "7": 0.35928022861480713,
        "8": 0.35927432775497437,
        "9": 0.358493834733963
    },
    "272": {
        "0": 0.4174495339393616,
        "1": 0.4102114737033844,
        "2": 0.4049895405769348,
        "3": 0.40133166313171387,
        "4": 0.39611712098121643,
        "5": 0.39517948031425476,
        "6": 0.3946126699447632,
        "7": 0.3922480046749115,
        "8": 0.3908856511116028,
        "9": 0.3881230354309082
    },
    "288": {
        "0": 0.3831547796726227,
        "1": 0.3827020227909088,
        "2": 0.37577056884765625,
        "3": 0.3746677339076996,
        "4": 0.3731716275215149,
        "5": 0.36856144666671753,
        "6": 0.3643219769001007,
        "7": 0.363263338804245,
        "8": 0.36092808842658997,
        "9": 0.359668493270874
    },
    "304": {
        "0": 0.3911205232143402,
        "1": 0.3896036446094513,
        "2": 0.3879988193511963,
        "3": 0.3841418921947479,
        "4": 0.37981632351875305,
        "5": 0.3766254186630249,
        "6": 0.3755052983760834,
        "7": 0.3695698380470276,
        "8": 0.3688180148601532,
        "9": 0.36800122261047363
    },
    "320": {
        "0": 0.39450013637542725,
        "1": 0.39401963353157043,
        "2": 0.3937123417854309,
        "3": 0.3904246389865875,
        "4": 0.38322919607162476,
        "5": 0.3785708546638489,
        "6": 0.37819841504096985,
        "7": 0.3771098256111145,
        "8": 0.37681278586387634,
        "9": 0.3763836622238159
    },
    "336": {
        "0": 0.3825303912162781,
        "1": 0.36630186438560486,
        "2": 0.36325839161872864,
        "3": 0.36192697286605835,
        "4": 0.36006391048431396,
        "5": 0.35704103112220764,
        "6": 0.3550374507904053,
        "7": 0.35376423597335815,
        "8": 0.35191720724105835,
        "9": 0.34984448552131653
    },
    "352": {
        "0": 0.30258479714393616,
        "1": 0.29841163754463196,
        "2": 0.2967548072338104,
        "3": 0.28900146484375,
        "4": 0.28669479489326477,
        "5": 0.2833573520183563,
        "6": 0.2792133092880249,