{
    "0": {
        "0": 0.36127379536628723,
        "1": 0.35867947340011597,
        "2": 0.3512886166572571,
        "3": 0.34103140234947205,
        "4": 0.33728575706481934,
        "5": 0.3371192216873169,
        "6": 0.3310431241989136,
        "7": 0.3299137353897095,
        "8": 0.3274224102497101,
        "9": 0.3267941176891327
    },
    "16": {
        "0": 0.32899415493011475,
        "1": 0.314627468585968,
        "2": 0.30801066756248474,
        "3": 0.3048971891403198,
        "4": 0.3038703203201294,
        "5": 0.30353376269340515,
        "6": 0.3031856119632721,
        "7": 0.3011702299118042,
        "8": 0.30108004808425903,
        "9": 0.29352623224258423
    },
    "32": {
        "0": 0.32088130712509155,
        "1": 0.3119426965713501,
        "2": 0.29886263608932495,
        "3": 0.2963199317455292,
        "4": 0.29271429777145386,
        "5": 0.2914416193962097,
        "6": 0.2868162989616394,
        "7": 0.2867663502693176,
        "8": 0.2838488817214966,
        "9": 0.27976053953170776
    },
    "48": {
        "0": 0.34297722578048706,
        "1": 0.3398306965827942,
        "2": 0.3376935124397278,
        "3": 0.3372257649898529,
        "4": 0.3356783092021942,
        "5": 0.3336636424064636,
        "6": 0.32484933733940125,
        "7": 0.3237318694591522,
        "8": 0.3175981342792511,
        "9": 0.31153714656829834
    },
    "64": {
        "0": 0.31788089871406555,
        "1": 0.3131461441516876,
        "2": 0.2937932014465332,
        "3": 0.2925454378128052,
        "4": 0.2912566661834717,
        "5": 0.29063552618026733,
        "6": 0.2903057932853699,
        "7": 0.28773176670074463,
        "8": 0.2821921706199646,
        "9": 0.2817486822605133
    },
    "80": {
        "0": 0.37412357330322266,
        "1": 0.37095776200294495,
        "2": 0.35300636291503906,
        "3": 0.3507078289985657,
        "4": 0.3482435643672943,
        "5": 0.34659674763679504,
        "6": 0.3435467779636383,
        "7": 0.34046000242233276,
        "8": 0.3369204103946686,
        "9": 0.3350978195667267
    },
    "96": {
        "0": 0.31557679176330566,
        "1": 0.31535467505455017,
        "2": 0.2963080108165741,
        "3": 0.29535233974456787,
        "4": 0.29315853118896484,
        "5": 0.28944942355155945,
        "6": 0.28786274790763855,
        "7": 0.287075400352478,
        "8": 0.2837294340133667,
        "9": 0.2819788455963135
    },
    "112": {
        "0": 0.33853405714035034,
        "1": 0.3326168954372406,
        "2": 0.319721519947052,
        "3": 0.31483888626098633,
        "4": 0.3129006028175354,
        "5": 0.3127579689025879,
        "6": 0.3109961450099945,
        "7": 0.3108065128326416,
        "8": 0.30815309286117554,
        "9": 0.3045198619365692
    },
    "128": {
        "0": 0.33314213156700134,
        "1": 0.31993186473846436,
        "2": 0.3180362582206726,
        "3": 0.3172053396701813,
        "4": 0.3141372799873352,
        "5": 0.31268298625946045,
        "6": 0.31244105100631714,
        "7": 0.31218916177749634,
        "8": 0.3103984296321869,
        "9": 0.3053741753101349
    },
    "144": {
        "0": 0.281392902135849,
        "1": 0.27733859419822693,
        "2": 0.2647269070148468,
        "3": 0.258468896150589,
        "4": 0.25801926851272583,
        "5": 0.25745269656181335,
        "6": 0.2571248412132263,
        "7": 0.20627500116825104,
        "8": 0.1906597763299942,
        "9": 0.15517719089984894
    },
    "160": {
        "0": 0.3327305316925049,
        "1": 0.32027193903923035,
        "2": 0.3144764006137848,
        "3": 0.31139618158340454,
        "4": 0.3014167845249176,
        "5": 0.2942298352718353,
        "6": 0.2709057629108429,
        "7": 0.2700965106487274,
        "8": 0.2657923996448517,
        "9": 0.25768595933914185
    },
    "176": {
        "0": 0.33998730778694153,
        "1": 0.33733654022216797,
        "2": 0.3270787298679352,
        "3": 0.32357391715049744,
        "4": 0.3193495273590088,
        "5": 0.30965954065322876,
        "6": 0.3088962435722351,
        "7": 0.3087770938873291,
        "8": 0.3081609308719635,
        "9": 0.3037357032299042
    },
    "192": {
        "0": 0.29853230714797974,
        "1": 0.27650099992752075,
        "2": 0.26713988184928894,
        "3": 0.26693668961524963,
        "4": 0.2654106616973877,
        "5": 0.25152093172073364,
        "6": 0.2502964735031128,
        "7": 0.24745377898216248,
        "8": 0.2456575334072113,
        "9": 0.23909051716327667
    },
    "208": {
        "0": 0.3045737147331238,
        "1": 0.2973249852657318,
        "2": 0.29386019706726074,
        "3": 0.28740590810775757,
        "4": 0.2840453088283539,
        "5": 0.24254265427589417,
        "6": 0.23620742559432983,
        "7": 0.23416836559772491,
        "8": 0.22087757289409637,
        "9": 0.17041967809200287
    },
    "224": {
        "0": 0.2572557330131531,
        "1": 0.25573620200157166,
        "2": 0.2520889639854431,
        "3": 0.23261778056621552,
        "4": 0.23251885175704956,
        "5": 0.2193305492401123,
        "6": 0.21131111681461334,
        "7": 0.2108030766248703,
        "8": 0.19721058011054993,
        "9": 0.14310508966445923
    },
    "240": {
        "0": 0.29397305846214294,
        "1": 0.29117369651794434,
        "2": 0.288601279258728,
        "3": 0.2713853716850281,
        "4": 0.26566028594970703,
        "5": 0.24229435622692108,
        "6": 0.2172519564628601,
        "7": 0.2127111703157425,
        "8": 0.21013998985290527,
        "9": 0.1343514323234558
    },
    "256": {
        "0": 0.3030698895454407,
        "1": 0.2911738157272339,
        "2": 0.28936293721199036,
        "3": 0.2831345796585083,
        "4": 0.2806397080421448,
        "5": 0.27003759145736694,
        "6": 0.2677273750305176,
        "7": 0.2601502537727356,
        "8": 0.2596070170402527,
        "9": 0.25611767172813416
    },
    "272": {
        "0": 0.3265467882156372,
        "1": 0.3206322491168976,
        "2": 0.3196730613708496,
        "3": 0.3094318211078644,
        "4": 0.3039989471435547,
        "5": 0.27695372700691223,
        "6": 0.2741260528564453,
        "7": 0.2691429555416107,
        "8": 0.2626374661922455,
        "9": 0.26049575209617615
    },
    "288": {
        "0": 0.2857517898082733,
        "1": 0.28322941064834595,
        "2": 0.2818053066730499,
        "3": 0.26137223839759827,
        "4": 0.25225144624710083,
        "5": 0.23639771342277527,
        "6": 0.2363595962524414,
        "7": 0.2330625355243683,
        "8": 0.23223590850830078,
        "9": 0.23117411136627197
    },
    "304": {
        "0": 0.26961207389831543,
        "1": 0.24153916537761688,
        "2": 0.23773466050624847,
        "3": 0.2250276505947113,
        "4": 0.22375008463859558,
        "5": 0.21704815328121185,
        "6": 0.21113044023513794,
        "7": 0.2000020146369934,
        "8": 0.19491417706012726,
        "9": 0.18051698803901672
    },
    "320": {
        "0": 0.29858189821243286,
        "1": 0.27918076515197754,
        "2": 0.2683940827846527,
        "3": 0.2614707052707672,
        "4": 0.2592010498046875,
        "5": 0.24724531173706055,
        "6": 0.2442745417356491,
        "7": 0.2309427112340927,
        "8": 0.22161513566970825,
        "9": 0.19441112875938416
    },
    "336": {
        "0": 0.3339444696903229,
        "1": 0.3061980605125427,
        "2": 0.29752323031425476,
        "3": 0.2864724397659302,
        "4": 0.2734336853027344,
        "5": 0.27206969261169434,
        "6": 0.2682257890701294,
        "7": 0.24265585839748383,
        "8": 0.22863158583641052,
        "9": 0.22198452055454254
    },
    "352": {
        "0": 0.33148741722106934,
        "1": 0.3127395510673523,
        "2": 0.31145983934402466,
        "3": 0.3084343671798706,
        "4": 0.29516369104385376,
        "5": 0.25856679677963257,