{
    "0": {
        "0": 0.3310919404029846,
        "1": 0.31912222504615784,
        "2": 0.3180094361305237,
        "3": 0.31568652391433716,
        "4": 0.3050629496574402,
        "5": 0.3047829270362854,
        "6": 0.3038484454154968,
        "7": 0.2951807975769043,
        "8": 0.2876112759113312,
        "9": 0.28699782490730286
    },
    "16": {
        "0": 0.3150067925453186,
        "1": 0.3123851418495178,
        "2": 0.302304744720459,
        "3": 0.301094114780426,
        "4": 0.2909526228904724,
        "5": 0.2852969765663147,
        "6": 0.27729302644729614,
        "7": 0.26666611433029175,
        "8": 0.2605082392692566,
        "9": 0.2595725655555725
    },
    "32": {
        "0": 0.3290797770023346,
        "1": 0.3182663917541504,
        "2": 0.3137769103050232,
        "3": 0.307917058467865,
        "4": 0.3051260709762573,
        "5": 0.30360060930252075,
        "6": 0.29007962346076965,
        "7": 0.2823423147201538,
        "8": 0.2638552784919739,
        "9": 0.26233047246932983
    },
    "48": {
        "0": 0.30227962136268616,
        "1": 0.29840087890625,
        "2": 0.2930426001548767,
        "3": 0.29129284620285034,
        "4": 0.2877732515335083,
        "5": 0.2866314649581909,
        "6": 0.2735416293144226,
        "7": 0.2673833966255188,
        "8": 0.2626414895057678,
        "9": 0.26252278685569763
    },
    "64": {
        "0": 0.31239229440689087,
        "1": 0.30836471915245056,
        "2": 0.2903311550617218,
        "3": 0.28968364000320435,
        "4": 0.28677940368652344,
        "5": 0.2844502925872803,
        "6": 0.2831481397151947,
        "7": 0.28236815333366394,
        "8": 0.28004568815231323,
        "9": 0.2764478325843811
    },
    "80": {
        "0": 0.33193570375442505,
        "1": 0.3261188864707947,
        "2": 0.30980321764945984,
        "3": 0.30952000617980957,
        "4": 0.30512791872024536,
        "5": 0.3047671318054199,
        "6": 0.2887294590473175,
        "7": 0.27980393171310425,
        "8": 0.24599047005176544,
        "9": 0.24558523297309875
    },
    "96": {
        "0": 0.3030931055545807,
        "1": 0.2964627146720886,
        "2": 0.283945232629776,
        "3": 0.27902093529701233,
        "4": 0.2754785418510437,
        "5": 0.2728089690208435,
        "6": 0.2649380564689636,
        "7": 0.2582143545150757,
        "8": 0.23617000877857208,
        "9": 0.23548561334609985
    },
    "112": {
        "0": 0.3154124319553375,
        "1": 0.307912141084671,
        "2": 0.29573318362236023,
        "3": 0.29524070024490356,
        "4": 0.2951831817626953,
        "5": 0.2934752106666565,
        "6": 0.29135650396347046,
        "7": 0.2886704206466675,
        "8": 0.2869498133659363,
        "9": 0.2846413254737854
    },
    "128": {
        "0": 0.3062610626220703,
        "1": 0.3058013319969177,
        "2": 0.29823389649391174,
        "3": 0.2945860028266907,
        "4": 0.2852793335914612,
        "5": 0.2819971740245819,
        "6": 0.2775295376777649,
        "7": 0.27718234062194824,
        "8": 0.2757578194141388,
        "9": 0.2746885120868683
    },
    "144": {
        "0": 0.28359660506248474,
        "1": 0.27985572814941406,
        "2": 0.27845942974090576,
        "3": 0.2708527743816376,
        "4": 0.26254698634147644,
        "5": 0.26110386848449707,
        "6": 0.260356068611145,
        "7": 0.25964030623435974,
        "8": 0.2567729949951172,
        "9": 0.25378113985061646
    },
    "160": {
        "0": 0.3801501393318176,
        "1": 0.3793233633041382,
        "2": 0.35494768619537354,
        "3": 0.351945161819458,
        "4": 0.3469751179218292,
        "5": 0.3394448161125183,
        "6": 0.33676111698150635,
        "7": 0.33616504073143005,
        "8": 0.33384186029434204,
        "9": 0.3330097198486328
    },
    "176": {
        "0": 0.3493979871273041,
        "1": 0.3484666049480438,
        "2": 0.33384081721305847,
        "3": 0.32805848121643066,
        "4": 0.32709094882011414,
        "5": 0.3227255046367645,
        "6": 0.32222646474838257,
        "7": 0.3217809796333313,
        "8": 0.31566834449768066,
        "9": 0.3118956685066223
    },
    "192": {
        "0": 0.3558037281036377,
        "1": 0.3554612994194031,
        "2": 0.3361929655075073,
        "3": 0.3320114314556122,
        "4": 0.3302038908004761,
        "5": 0.3252876400947571,
        "6": 0.32268619537353516,
        "7": 0.32204991579055786,
        "8": 0.3163236677646637,
        "9": 0.31239449977874756
    },
    "208": {
        "0": 0.3833416700363159,
        "1": 0.38252970576286316,
        "2": 0.3531675934791565,
        "3": 0.35039016604423523,
        "4": 0.34738412499427795,
        "5": 0.3448117971420288,
        "6": 0.33600783348083496,
        "7": 0.33451586961746216,
        "8": 0.3342764377593994,
        "9": 0.3319540023803711
    },
    "224": {
        "0": 0.3664610981941223,
        "1": 0.36532533168792725,
        "2": 0.3439496159553528,
        "3": 0.3409692347049713,
        "4": 0.33892592787742615,
        "5": 0.3360721468925476,
        "6": 0.32938069105148315,
        "7": 0.32848668098449707,
        "8": 0.32667630910873413,
        "9": 0.32624030113220215
    },
    "240": {
        "0": 0.28839078545570374,
        "1": 0.2797223627567291,
        "2": 0.2787434756755829,
        "3": 0.2782292366027832,
        "4": 0.26793205738067627,
        "5": 0.2635018527507782,
        "6": 0.26318565011024475,
        "7": 0.25640609860420227,
        "8": 0.25312674045562744,
        "9": 0.2518079876899719
    },
    "256": {
        "0": 0.326418399810791,
        "1": 0.31622999906539917,
        "2": 0.3115222156047821,
        "3": 0.3112521767616272,
        "4": 0.2985525131225586,
        "5": 0.2915365695953369,
        "6": 0.2891688644886017,
        "7": 0.28453779220581055,
        "8": 0.2735355496406555,
        "9": 0.2691190838813782
    }
}