{
    "0": {
        "0": 0.3101317286491394,
        "1": 0.30241960287094116,
        "2": 0.3006399869918823,
        "3": 0.2979440987110138,
        "4": 0.294340580701828,
        "5": 0.2912296950817108,
        "6": 0.29007744789123535,
        "7": 0.28533247113227844,
        "8": 0.28485187888145447,
        "9": 0.2838948369026184
    },
    "16": {
        "0": 0.29536721110343933,
        "1": 0.2907814681529999,
        "2": 0.2886357307434082,
        "3": 0.2865132689476013,
        "4": 0.2847793698310852,
        "5": 0.28460851311683655,
        "6": 0.2834547460079193,
        "7": 0.2810381352901459,
        "8": 0.28021880984306335,
        "9": 0.2789786159992218
    },
    "32": {
        "0": 0.325531542301178,
        "1": 0.3191909193992615,
        "2": 0.31521233916282654,
        "3": 0.31385326385498047,
        "4": 0.3117104768753052,
        "5": 0.3100478947162628,
        "6": 0.3088535964488983,
        "7": 0.3072649836540222,
        "8": 0.30482909083366394,
        "9": 0.30154773592948914
    },
    "48": {
        "0": 0.27182433009147644,
        "1": 0.2689313590526581,
        "2": 0.2646356225013733,
        "3": 0.25927141308784485,
        "4": 0.2544258236885071,
        "5": 0.2499331682920456,
        "6": 0.2495308369398117,
        "7": 0.24889948964118958,
        "8": 0.24707788228988647,
        "9": 0.24704162776470184
    },
    "64": {
        "0": 0.41495004296302795,
        "1": 0.40531685948371887,
        "2": 0.404280424118042,
        "3": 0.3985995352268219,
        "4": 0.3974977433681488,
        "5": 0.39510056376457214,
        "6": 0.3940277397632599,
        "7": 0.3936119079589844,
        "8": 0.3912189304828644,
        "9": 0.3878656327724457
    },
    "80": {
        "0": 0.42464303970336914,
        "1": 0.41388794779777527,
        "2": 0.412020742893219,
        "3": 0.41079220175743103,
        "4": 0.4104246199131012,
        "5": 0.407566100358963,
        "6": 0.40470749139785767,
        "7": 0.40179380774497986,
        "8": 0.40074026584625244,
        "9": 0.40032830834388733
    },
    "96": {
        "0": 0.4230891764163971,
        "1": 0.41516515612602234,
        "2": 0.4119858741760254,
        "3": 0.4111998975276947,
        "4": 0.410101056098938,
        "5": 0.40989676117897034,
        "6": 0.4078955054283142,
        "7": 0.40286147594451904,
        "8": 0.4001460671424866,
        "9": 0.392778217792511
    },
    "112": {
        "0": 0.41389501094818115,
        "1": 0.4117034077644348,
        "2": 0.40909603238105774,
        "3": 0.4047335982322693,
        "4": 0.4036748707294464,
        "5": 0.40213942527770996,
        "6": 0.4014660716056824,
        "7": 0.395016074180603,
        "8": 0.3910888731479645,
        "9": 0.3837212026119232
    },
    "128": {
        "0": 0.40936827659606934,
        "1": 0.39933499693870544,
        "2": 0.3986096978187561,
        "3": 0.38781842589378357,
        "4": 0.386005163192749,
        "5": 0.37937647104263306,
        "6": 0.3784688115119934,
        "7": 0.3775862455368042,
        "8": 0.37670525908470154,
        "9": 0.3715124726295471
    },
    "144": {
        "0": 0.3882838785648346,
        "1": 0.3861231505870819,
        "2": 0.38123899698257446,
        "3": 0.3765980303287506,
        "4": 0.37453949451446533,
        "5": 0.3706754744052887,
        "6": 0.3706668019294739,
        "7": 0.36874622106552124,
        "8": 0.36725741624832153,
        "9": 0.36212223768234253
    },
    "160": {
        "0": 0.38330456614494324,
        "1": 0.3831518590450287,
        "2": 0.3807239532470703,
        "3": 0.3733009397983551,
        "4": 0.37290164828300476,
        "5": 0.36935916543006897,
        "6": 0.3642628490924835,
        "7": 0.36420750617980957,
        "8": 0.36086612939834595,
        "9": 0.3565821647644043
    },
    "176": {
        "0": 0.3929525911808014,
        "1": 0.3875853419303894,
        "2": 0.3834524154663086,
        "3": 0.38301882147789,
        "4": 0.3799399137496948,
        "5": 0.3729935884475708,
        "6": 0.370493084192276,
        "7": 0.3664800226688385,
        "8": 0.36620578169822693,
        "9": 0.364539235830307
    },
    "192": {
        "0": 0.3963016867637634,
        "1": 0.3902197778224945,
        "2": 0.3843323588371277,
        "3": 0.38392889499664307,
        "4": 0.380371630191803,
        "5": 0.3774702548980713,
        "6": 0.37745001912117004,
        "7": 0.3660595715045929,
        "8": 0.363689124584198,
        "9": 0.36177945137023926
    },
    "208": {
        "0": 0.38717636466026306,
        "1": 0.3777836263179779,
        "2": 0.37664058804512024,
        "3": 0.37608546018600464,
        "4": 0.37145182490348816,
        "5": 0.3711474537849426,
        "6": 0.36679548025131226,
        "7": 0.36622482538223267,
        "8": 0.36457404494285583,
        "9": 0.3587624430656433
    },
    "224": {
        "0": 0.37737756967544556,
        "1": 0.3754854202270508,
        "2": 0.36627572774887085,
        "3": 0.3652759790420532,
        "4": 0.3585349917411804,
        "5": 0.3573927879333496,
        "6": 0.3541533350944519,
        "7": 0.3522733151912689,
        "8": 0.34854137897491455,
        "9": 0.34624066948890686
    },
    "240": {
        "0": 0.38655126094818115,
        "1": 0.3796096742153168,
        "2": 0.3754243850708008,
        "3": 0.37258896231651306,
        "4": 0.3688206970691681,
        "5": 0.36463654041290283,
        "6": 0.3645232617855072,
        "7": 0.36327430605888367,
        "8": 0.3591524064540863,
        "9": 0.35819876194000244
    },
    "256": {
        "0": 0.32107242941856384,
        "1": 0.31338128447532654,
        "2": 0.31268370151519775,
        "3": 0.31078746914863586,
        "4": 0.3103759288787842,
        "5": 0.3101789355278015,
        "6": 0.3086256682872772,
        "7": 0.30680957436561584,
        "8": 0.30607980489730835,
        "9": 0.30602002143859863
    },
    "272": {
        "0": 0.33903050422668457,
        "1": 0.32527461647987366,
        "2": 0.32153594493865967,
        "3": 0.31883060932159424,
        "4": 0.3183400332927704,
        "5": 0.31716468930244446,
        "6": 0.3171277344226837,
        "7": 0.31546708941459656,
        "8": 0.31430572271347046,
        "9": 0.3140420615673065
    },
    "288": {
        "0": 0.3188852369785309,
        "1": 0.31399646401405334,
        "2": 0.31358784437179565,
        "3": 0.31310611963272095,
        "4": 0.31302887201309204,
        "5": 0.3084458112716675,
        "6": 0.30603209137916565,
        "7": 0.3046179711818695,
        "8": 0.2984914779663086,
        "9": 0.2977868318557739
    },
    "304": {
        "0": 0.43294665217399597,
        "1": 0.4290078580379486,
        "2": 0.42758625745773315,
        "3": 0.4234451949596405,
        "4": 0.42197662591934204,
        "5": 0.41650721430778503,
        "6": 0.4134247303009033,
        "7": 0.4110864996910095,
        "8": 0.4074956774711609,
        "9": 0.4029618501663208
    },
    "320": {
        "0": 0.3820464015007019,
        "1": 0.3709031641483307,
        "2": 0.3678719401359558,
        "3": 0.36732035875320435,
        "4": 0.3654312491416931,
        "5": 0.36406904458999634,
        "6": 0.3639064133167267,
        "7": 0.36346954107284546,
        "8": 0.3626597821712494,
        "9": 0.36259934306144714
    },
    "336": {
        "0": 0.3682386875152588,
        "1": 0.36764252185821533,
        "2": 0.3619963228702545,
        "3": 0.3545866310596466,
        "4": 0.35349276661872864,
        "5": 0.35258013010025024,
        "6": 0.35194671154022217,
        "7": 0.3501887321472168,
        "8": 0.3489146828651428,
        "9": 0.3473092317581177
    },
    "352": {
        "0": 0.38454681634902954,
        "1": 0.3790123164653778,
        "2": 0.37387192249298096,
        "3": 0.3723689317703247,
        "4": 0.3683364689350128,
        "5": 0.36789682507514954,