{
    "0": {
        "0": 0.40574318170547485,
        "1": 0.38284850120544434,
        "2": 0.38061287999153137,
        "3": 0.37789636850357056,
        "4": 0.37609386444091797,
        "5": 0.3733481466770172,
        "6": 0.37308019399642944,
        "7": 0.37117353081703186,
        "8": 0.36940890550613403,
        "9": 0.3688982427120209
    },
    "16": {
        "0": 0.40856093168258667,
        "1": 0.3907417356967926,
        "2": 0.38904890418052673,
        "3": 0.3874451220035553,
        "4": 0.3854471445083618,
        "5": 0.3782648742198944,
        "6": 0.3780471980571747,
        "7": 0.3733123540878296,
        "8": 0.3725854456424713,
        "9": 0.37225091457366943
    },
    "32": {
        "0": 0.4072190821170807,
        "1": 0.38382208347320557,
        "2": 0.382614403963089,
        "3": 0.37428879737854004,
        "4": 0.37110939621925354,
        "5": 0.370853453874588,
        "6": 0.36825698614120483,
        "7": 0.3680106997489929,
        "8": 0.3624413013458252,
        "9": 0.3615913391113281
    },
    "48": {
        "0": 0.38029131293296814,
        "1": 0.36411017179489136,
        "2": 0.36232975125312805,
        "3": 0.35691943764686584,
        "4": 0.35513389110565186,
        "5": 0.35237860679626465,
        "6": 0.35080671310424805,
        "7": 0.34941402077674866,
        "8": 0.3491387665271759,
        "9": 0.34665319323539734
    },
    "64": {
        "0": 0.39557144045829773,
        "1": 0.38455432653427124,
        "2": 0.3809235394001007,
        "3": 0.3772568106651306,
        "4": 0.376625657081604,
        "5": 0.37111788988113403,
        "6": 0.3708914816379547,
        "7": 0.36562293767929077,
        "8": 0.3652447760105133,
        "9": 0.36313915252685547
    },
    "80": {
        "0": 0.39740151166915894,
        "1": 0.38627520203590393,
        "2": 0.3854198157787323,
        "3": 0.37626969814300537,
        "4": 0.37380000948905945,
        "5": 0.36764398217201233,
        "6": 0.36545586585998535,
        "7": 0.3645385503768921,
        "8": 0.3640671372413635,
        "9": 0.3640223741531372
    },
    "96": {
        "0": 0.39367061853408813,
        "1": 0.37400850653648376,
        "2": 0.3735320270061493,
        "3": 0.36586180329322815,
        "4": 0.36292701959609985,
        "5": 0.3576144278049469,
        "6": 0.35501760244369507,
        "7": 0.3549208343029022,
        "8": 0.35300111770629883,
        "9": 0.3507412075996399
    },
    "112": {
        "0": 0.3903045356273651,
        "1": 0.3803331255912781,
        "2": 0.3802051246166229,
        "3": 0.375249445438385,
        "4": 0.3741738498210907,
        "5": 0.37256067991256714,
        "6": 0.3672252297401428,
        "7": 0.3634304702281952,
        "8": 0.35968297719955444,
        "9": 0.3594422936439514
    },
    "128": {
        "0": 0.40135902166366577,
        "1": 0.39453184604644775,
        "2": 0.38380271196365356,
        "3": 0.3837296962738037,
        "4": 0.3817363977432251,
        "5": 0.3774772882461548,
        "6": 0.3766646385192871,
        "7": 0.37648046016693115,
        "8": 0.3744238018989563,
        "9": 0.3586096465587616
    },
    "144": {
        "0": 0.37224066257476807,
        "1": 0.371723473072052,
        "2": 0.3712918758392334,
        "3": 0.36649253964424133,
        "4": 0.35340404510498047,
        "5": 0.34320151805877686,
        "6": 0.3430164158344269,
        "7": 0.33878064155578613,
        "8": 0.338222861289978,
        "9": 0.33803117275238037
    },
    "160": {
        "0": 0.3829266428947449,
        "1": 0.37113362550735474,
        "2": 0.3590024411678314,
        "3": 0.3576434552669525,
        "4": 0.35741832852363586,
        "5": 0.35728588700294495,
        "6": 0.3559577763080597,
        "7": 0.35311824083328247,
        "8": 0.34907400608062744,
        "9": 0.3465930223464966
    },
    "176": {
        "0": 0.35779523849487305,
        "1": 0.347927987575531,
        "2": 0.34510913491249084,
        "3": 0.3451015055179596,
        "4": 0.3383730947971344,
        "5": 0.33296117186546326,
        "6": 0.33280298113822937,
        "7": 0.32533279061317444,
        "8": 0.32369184494018555,
        "9": 0.3207748234272003
    },
    "192": {
        "0": 0.36477380990982056,
        "1": 0.3618659973144531,
        "2": 0.3522913455963135,
        "3": 0.3462114930152893,
        "4": 0.3436001241207123,
        "5": 0.3421522378921509,
        "6": 0.34092023968696594,
        "7": 0.33892014622688293,
        "8": 0.3314646780490875,
        "9": 0.31640544533729553
    },
    "208": {
        "0": 0.3501392900943756,
        "1": 0.34618398547172546,
        "2": 0.3357008099555969,
        "3": 0.33347052335739136,
        "4": 0.3278452754020691,
        "5": 0.32626569271087646,
        "6": 0.3239997625350952,
        "7": 0.3198988437652588,
        "8": 0.3130972981452942,
        "9": 0.3082265555858612
    },
    "224": {
        "0": 0.31594112515449524,
        "1": 0.31571221351623535,
        "2": 0.3156428635120392,
        "3": 0.31108853220939636,
        "4": 0.3010978102684021,
        "5": 0.29952773451805115,
        "6": 0.2965764105319977,
        "7": 0.29543811082839966,
        "8": 0.2869221270084381,
        "9": 0.2745586335659027
    },
    "240": {
        "0": 0.3719273507595062,
        "1": 0.35935717821121216,
        "2": 0.35068315267562866,
        "3": 0.34907785058021545,
        "4": 0.3489348292350769,
        "5": 0.3472605347633362,
        "6": 0.34683483839035034,
        "7": 0.34520575404167175,
        "8": 0.34494972229003906,
        "9": 0.3447938561439514
    },
    "256": {
        "0": 0.3392361104488373,
        "1": 0.3365248441696167,
        "2": 0.3320092558860779,
        "3": 0.3276596665382385,
        "4": 0.3231046795845032,
        "5": 0.316606730222702,
        "6": 0.3122413158416748,
        "7": 0.30910781025886536,
        "8": 0.30538737773895264,
        "9": 0.3033667206764221
    },
    "272": {
        "0": 0.3287659287452698,
        "1": 0.326447069644928,
        "2": 0.32590988278388977,
        "3": 0.32420113682746887,
        "4": 0.3158443570137024,
        "5": 0.31461745500564575,
        "6": 0.30940672755241394,
        "7": 0.30360206961631775,
        "8": 0.3023007810115814,
        "9": 0.29791370034217834
    },
    "288": {
        "0": 0.39882391691207886,
        "1": 0.38479918241500854,
        "2": 0.38008320331573486,
        "3": 0.377149760723114,
        "4": 0.376619815826416,
        "5": 0.3722394108772278,
        "6": 0.37023159861564636,
        "7": 0.36596620082855225,
        "8": 0.3646465539932251,
        "9": 0.34515297412872314
    },
    "304": {
        "0": 0.38564929366111755,
        "1": 0.3743179440498352,
        "2": 0.3638250529766083,
        "3": 0.35666924715042114,
        "4": 0.3510708212852478,
        "5": 0.34807488322257996,
        "6": 0.3470436632633209,
        "7": 0.3437489867210388,
        "8": 0.34265023469924927,
        "9": 0.3399691879749298
    },
    "320": {
        "0": 0.3634333312511444,
        "1": 0.3633430600166321,
        "2": 0.3554348647594452,
        "3": 0.35418662428855896,
        "4": 0.35235273838043213,
        "5": 0.3456733226776123,
        "6": 0.3414039611816406,
        "7": 0.33900395035743713,
        "8": 0.33792954683303833,
        "9": 0.33534950017929077
    },
    "336": {
        "0": 0.37307459115982056,
        "1": 0.36231282353401184,
        "2": 0.3564890921115875,
        "3": 0.3560883402824402,
        "4": 0.355695903301239,
        "5": 0.35495954751968384,
        "6": 0.35434332489967346,
        "7": 0.34118106961250305,
        "8": 0.3397623896598816,
        "9": 0.33644360303878784
    },
    "352": {
        "0": 0.36348968744277954,
        "1": 0.3629581928253174,
        "2": 0.3611159026622772,
        "3": 0.35661306977272034,
        "4": 0.35264551639556885,
        "5": 0.3456152081489563,