{
    "0": {
        "0": 0.355193555355072,
        "1": 0.33930504322052,
        "2": 0.33504047989845276,
        "3": 0.3342821002006531,
        "4": 0.3312153220176697,
        "5": 0.3309652805328369,
        "6": 0.33040720224380493,
        "7": 0.3258550465106964,
        "8": 0.32546159625053406,
        "9": 0.3242470920085907
    },
    "16": {
        "0": 0.34971025586128235,
        "1": 0.33236947655677795,
        "2": 0.33073699474334717,
        "3": 0.32865023612976074,
        "4": 0.3256989121437073,
        "5": 0.32430270314216614,
        "6": 0.3211379051208496,
        "7": 0.3177933692932129,
        "8": 0.3173154294490814,
        "9": 0.31624945998191833
    },
    "32": {
        "0": 0.3393060863018036,
        "1": 0.32646769285202026,
        "2": 0.3230072855949402,
        "3": 0.319732666015625,
        "4": 0.3156037926673889,
        "5": 0.3139415681362152,
        "6": 0.31362083554267883,
        "7": 0.31092268228530884,
        "8": 0.3090616464614868,
        "9": 0.30645951628685
    },
    "48": {
        "0": 0.33023595809936523,
        "1": 0.2868887782096863,
        "2": 0.2845604419708252,
        "3": 0.28335246443748474,
        "4": 0.2810651659965515,
        "5": 0.280899316072464,
        "6": 0.2751466631889343,
        "7": 0.2722730040550232,
        "8": 0.2702445387840271,
        "9": 0.2696961760520935
    },
    "64": {
        "0": 0.3408752381801605,
        "1": 0.3045821785926819,
        "2": 0.30348604917526245,
        "3": 0.2960895299911499,
        "4": 0.29273656010627747,
        "5": 0.28777649998664856,
        "6": 0.2871072590351105,
        "7": 0.28609561920166016,
        "8": 0.2855347692966461,
        "9": 0.2840596139431
    },
    "80": {
        "0": 0.3362230360507965,
        "1": 0.30075541138648987,
        "2": 0.29775384068489075,
        "3": 0.2895934581756592,
        "4": 0.28716951608657837,
        "5": 0.28307580947875977,
        "6": 0.2805667221546173,
        "7": 0.28002092242240906,
        "8": 0.2785264849662781,
        "9": 0.2763339877128601
    },
    "96": {
        "0": 0.3505569398403168,
        "1": 0.3129993677139282,
        "2": 0.30747920274734497,
        "3": 0.3047618567943573,
        "4": 0.3029853403568268,
        "5": 0.2998775839805603,
        "6": 0.2949461042881012,
        "7": 0.29389435052871704,
        "8": 0.29364264011383057,
        "9": 0.29282376170158386
    },
    "112": {
        "0": 0.308419406414032,
        "1": 0.2801263928413391,
        "2": 0.27420249581336975,
        "3": 0.27297869324684143,
        "4": 0.26927658915519714,
        "5": 0.26087865233421326,
        "6": 0.2607508599758148,
        "7": 0.25960418581962585,
        "8": 0.2570841908454895,
        "9": 0.25524404644966125
    },
    "128": {
        "0": 0.36793527007102966,
        "1": 0.35361143946647644,
        "2": 0.3524671792984009,
        "3": 0.3497063219547272,
        "4": 0.3469601273536682,
        "5": 0.34607812762260437,
        "6": 0.34368887543678284,
        "7": 0.3433934450149536,
        "8": 0.34293830394744873,
        "9": 0.3423306941986084
    },
    "144": {
        "0": 0.33825382590293884,
        "1": 0.3020663559436798,
        "2": 0.30152612924575806,
        "3": 0.3014734983444214,
        "4": 0.29265233874320984,
        "5": 0.2899928689002991,
        "6": 0.28955769538879395,
        "7": 0.2774686813354492,
        "8": 0.27645230293273926,
        "9": 0.2763465642929077
    },
    "160": {
        "0": 0.3416553735733032,
        "1": 0.29732757806777954,
        "2": 0.2928917109966278,
        "3": 0.2915019690990448,
        "4": 0.28941580653190613,
        "5": 0.28660574555397034,
        "6": 0.2759234607219696,
        "7": 0.2751891314983368,
        "8": 0.2703188955783844,
        "9": 0.26838892698287964
    },
    "176": {
        "0": 0.40754348039627075,
        "1": 0.4074057340621948,
        "2": 0.40732428431510925,
        "3": 0.39914682507514954,
        "4": 0.39821845293045044,
        "5": 0.39633914828300476,
        "6": 0.3951076865196228,
        "7": 0.3905826807022095,
        "8": 0.38981327414512634,
        "9": 0.3881491720676422
    },
    "192": {
        "0": 0.4144879877567291,
        "1": 0.41419750452041626,
        "2": 0.4121447205543518,
        "3": 0.40779101848602295,
        "4": 0.4064794182777405,
        "5": 0.40346458554267883,
        "6": 0.4007922410964966,
        "7": 0.3982396125793457,
        "8": 0.394797146320343,
        "9": 0.39350980520248413
    },
    "208": {
        "0": 0.4061203896999359,
        "1": 0.40300601720809937,
        "2": 0.39910078048706055,
        "3": 0.3913607597351074,
        "4": 0.38753220438957214,
        "5": 0.386279433965683,
        "6": 0.38494542241096497,
        "7": 0.3836304545402527,
        "8": 0.38156604766845703,
        "9": 0.37560799717903137
    },
    "224": {
        "0": 0.38621824979782104,
        "1": 0.3807726502418518,
        "2": 0.37774035334587097,
        "3": 0.3718000650405884,
        "4": 0.3705419600009918,
        "5": 0.3663560450077057,
        "6": 0.3662715256214142,
        "7": 0.3661503791809082,
        "8": 0.3632054924964905,
        "9": 0.3581746816635132
    },
    "240": {
        "0": 0.40391361713409424,
        "1": 0.4023207426071167,
        "2": 0.40207749605178833,
        "3": 0.3965369462966919,
        "4": 0.3963058292865753,
        "5": 0.39251604676246643,
        "6": 0.39014455676078796,
        "7": 0.3896450400352478,
        "8": 0.38809582591056824,
        "9": 0.38205140829086304
    },
    "256": {
        "0": 0.40906214714050293,
        "1": 0.39924150705337524,
        "2": 0.39742666482925415,
        "3": 0.39169445633888245,
        "4": 0.3915259838104248,
        "5": 0.38676905632019043,
        "6": 0.3862856924533844,
        "7": 0.384612500667572,
        "8": 0.38225501775741577,
        "9": 0.38215288519859314
    },
    "272": {
        "0": 0.4306967854499817,
        "1": 0.4272266626358032,
        "2": 0.42542076110839844,
        "3": 0.4193240702152252,
        "4": 0.4191395938396454,
        "5": 0.41634923219680786,
        "6": 0.41389933228492737,
        "7": 0.4131518602371216,
        "8": 0.40735456347465515,
        "9": 0.4064057171344757
    },
    "288": {
        "0": 0.37011343240737915,
        "1": 0.3497939109802246,
        "2": 0.34580758213996887,
        "3": 0.33972835540771484,
        "4": 0.3350650370121002,
        "5": 0.33466458320617676,
        "6": 0.33069485425949097,
        "7": 0.3278922140598297,
        "8": 0.3270934224128723,
        "9": 0.32696616649627686
    },
    "304": {
        "0": 0.3951927721500397,
        "1": 0.3686164915561676,
        "2": 0.3630865514278412,
        "3": 0.3602685332298279,
        "4": 0.3547634780406952,
        "5": 0.353519469499588,
        "6": 0.34792429208755493,
        "7": 0.3463134467601776,
        "8": 0.3434317708015442,
        "9": 0.34242668747901917
    },
    "320": {
        "0": 0.3608379364013672,
        "1": 0.3330540060997009,
        "2": 0.3287368714809418,
        "3": 0.3281401991844177,
        "4": 0.32441702485084534,
        "5": 0.3207247257232666,
        "6": 0.31654614210128784,
        "7": 0.31112587451934814,
        "8": 0.3101761043071747,
        "9": 0.3066469430923462
    },
    "336": {
        "0": 0.35486119985580444,
        "1": 0.32312318682670593,
        "2": 0.32183924317359924,
        "3": 0.31531643867492676,
        "4": 0.31467339396476746,
        "5": 0.3129931688308716,
        "6": 0.3043164014816284,
        "7": 0.30182209610939026,
        "8": 0.30168771743774414,
        "9": 0.30035677552223206
    },
    "352": {
        "0": 0.340170294046402,
        "1": 0.31381094455718994,
        "2": 0.30175817012786865,
        "3": 0.2985645830631256,
        "4": 0.2968306243419647,
        "5": 0.2931331992149353,