{
    "0": {
        "0": 0.35353636741638184,
        "1": 0.34956443309783936,
        "2": 0.3495355546474457,
        "3": 0.3385271430015564,
        "4": 0.3329869508743286,
        "5": 0.32876312732696533,
        "6": 0.32532668113708496,
        "7": 0.32159674167633057,
        "8": 0.317688912153244,
        "9": 0.3168344497680664
    },
    "16": {
        "0": 0.3849448561668396,
        "1": 0.3789418935775757,
        "2": 0.36374595761299133,
        "3": 0.36294037103652954,
        "4": 0.35896557569503784,
        "5": 0.35876938700675964,
        "6": 0.35845431685447693,
        "7": 0.35725265741348267,
        "8": 0.3543330430984497,
        "9": 0.34872734546661377
    },
    "32": {
        "0": 0.3747415244579315,
        "1": 0.3683801591396332,
        "2": 0.3628784418106079,
        "3": 0.3597104251384735,
        "4": 0.3540152609348297,
        "5": 0.3443949222564697,
        "6": 0.3431090712547302,
        "7": 0.34246280789375305,
        "8": 0.33868229389190674,
        "9": 0.3373883068561554
    },
    "48": {
        "0": 0.3844720721244812,
        "1": 0.38245463371276855,
        "2": 0.3736193776130676,
        "3": 0.36634618043899536,
        "4": 0.3596564531326294,
        "5": 0.3524373471736908,
        "6": 0.35242214798927307,
        "7": 0.3520945906639099,
        "8": 0.3478885591030121,
        "9": 0.3471089005470276
    },
    "64": {
        "0": 0.3639242649078369,
        "1": 0.3563677668571472,
        "2": 0.3538997769355774,
        "3": 0.3502025008201599,
        "4": 0.34917151927948,
        "5": 0.3427242636680603,
        "6": 0.33836829662323,
        "7": 0.33697953820228577,
        "8": 0.33413952589035034,
        "9": 0.3332243263721466
    },
    "80": {
        "0": 0.374350368976593,
        "1": 0.35898298025131226,
        "2": 0.3551428020000458,
        "3": 0.3513582646846771,
        "4": 0.35057756304740906,
        "5": 0.34784796833992004,
        "6": 0.34591880440711975,
        "7": 0.34373486042022705,
        "8": 0.3395678997039795,
        "9": 0.338055819272995
    },
    "96": {
        "0": 0.36990007758140564,
        "1": 0.36111772060394287,
        "2": 0.3540136218070984,
        "3": 0.3527204692363739,
        "4": 0.352357417345047,
        "5": 0.3464265763759613,
        "6": 0.3435349464416504,
        "7": 0.34346646070480347,
        "8": 0.3424462080001831,
        "9": 0.33788084983825684
    },
    "112": {
        "0": 0.3636513650417328,
        "1": 0.3569149374961853,
        "2": 0.3489149510860443,
        "3": 0.3486982583999634,
        "4": 0.34848007559776306,
        "5": 0.34152454137802124,
        "6": 0.3392007350921631,
        "7": 0.3360925018787384,
        "8": 0.3357410728931427,
        "9": 0.3339387774467468
    },
    "128": {
        "0": 0.34088918566703796,
        "1": 0.33929967880249023,
        "2": 0.3338755667209625,
        "3": 0.3037654757499695,
        "4": 0.2990659177303314,
        "5": 0.2949639558792114,
        "6": 0.28923600912094116,
        "7": 0.2888326048851013,
        "8": 0.2813218832015991,
        "9": 0.2791762053966522
    },
    "144": {
        "0": 0.2846531569957733,
        "1": 0.2815932333469391,
        "2": 0.2802596986293793,
        "3": 0.27727729082107544,
        "4": 0.2751692235469818,
        "5": 0.2749616801738739,
        "6": 0.2745840549468994,
        "7": 0.2723826766014099,
        "8": 0.27231693267822266,
        "9": 0.2698811888694763
    },
    "160": {
        "0": 0.3489850163459778,
        "1": 0.3217866122722626,
        "2": 0.3194913864135742,
        "3": 0.3100672960281372,
        "4": 0.2924363911151886,
        "5": 0.27612414956092834,
        "6": 0.2754852771759033,
        "7": 0.27221542596817017,
        "8": 0.27024221420288086,
        "9": 0.26613807678222656
    },
    "176": {
        "0": 0.3839797079563141,
        "1": 0.3809612989425659,
        "2": 0.3473176062107086,
        "3": 0.3337836265563965,
        "4": 0.32565101981163025,
        "5": 0.3256444036960602,
        "6": 0.3252515494823456,
        "7": 0.3249755799770355,
        "8": 0.3223502039909363,
        "9": 0.31912824511528015
    },
    "192": {
        "0": 0.3881409764289856,
        "1": 0.387673556804657,
        "2": 0.35294511914253235,
        "3": 0.3511712849140167,
        "4": 0.34508049488067627,
        "5": 0.34295329451560974,
        "6": 0.342224657535553,
        "7": 0.3410778045654297,
        "8": 0.336443692445755,
        "9": 0.32984843850135803
    },
    "208": {
        "0": 0.37378066778182983,
        "1": 0.37164172530174255,
        "2": 0.3694884181022644,
        "3": 0.3157992959022522,
        "4": 0.3116663098335266,
        "5": 0.307376503944397,
        "6": 0.30518442392349243,
        "7": 0.3042263090610504,
        "8": 0.3021084666252136,
        "9": 0.30082008242607117
    },
    "224": {
        "0": 0.3159949481487274,
        "1": 0.30622830986976624,
        "2": 0.30547600984573364,
        "3": 0.3048052191734314,
        "4": 0.30226045846939087,
        "5": 0.2925964891910553,
        "6": 0.29115796089172363,
        "7": 0.2863607108592987,
        "8": 0.2852201759815216,
        "9": 0.28474900126457214
    },
    "240": {
        "0": 0.3451644778251648,
        "1": 0.34151673316955566,
        "2": 0.33525508642196655,
        "3": 0.33267685770988464,
        "4": 0.3323277235031128,
        "5": 0.32441282272338867,
        "6": 0.32384708523750305,
        "7": 0.32228225469589233,
        "8": 0.321798175573349,
        "9": 0.31773626804351807
    },
    "256": {
        "0": 0.38482412695884705,
        "1": 0.38315466046333313,
        "2": 0.346039354801178,
        "3": 0.3446970283985138,
        "4": 0.3389652669429779,
        "5": 0.33242252469062805,
        "6": 0.32527047395706177,
        "7": 0.32036206126213074,
        "8": 0.3200483024120331,
        "9": 0.31375566124916077
    },
    "272": {
        "0": 0.34596431255340576,
        "1": 0.34577175974845886,
        "2": 0.3446263372898102,
        "3": 0.3403509259223938,
        "4": 0.3343088626861572,
        "5": 0.3296390473842621,
        "6": 0.32699742913246155,
        "7": 0.3263501524925232,
        "8": 0.30019935965538025,
        "9": 0.2888765037059784
    },
    "288": {
        "0": 0.3474363088607788,
        "1": 0.3373537063598633,
        "2": 0.33701127767562866,
        "3": 0.3338501453399658,
        "4": 0.3307391405105591,
        "5": 0.3128369152545929,
        "6": 0.31181153655052185,
        "7": 0.30701592564582825,
        "8": 0.29141196608543396,
        "9": 0.2863753139972687
    },
    "304": {
        "0": 0.3310147821903229,
        "1": 0.3305196166038513,
        "2": 0.32752060890197754,
        "3": 0.32588642835617065,
        "4": 0.3216246962547302,
        "5": 0.31961339712142944,
        "6": 0.3123883605003357,
        "7": 0.3108350336551666,
        "8": 0.28496620059013367,
        "9": 0.28166472911834717
    },
    "320": {
        "0": 0.35848385095596313,
        "1": 0.3494498133659363,
        "2": 0.3474828004837036,
        "3": 0.3454982042312622,
        "4": 0.3335443437099457,
        "5": 0.3293493092060089,
        "6": 0.32880714535713196,
        "7": 0.3265572786331177,
        "8": 0.30734410881996155,
        "9": 0.2992595136165619
    },
    "336": {
        "0": 0.3621485233306885,
        "1": 0.3607092499732971,
        "2": 0.3534759283065796,
        "3": 0.35082870721817017,
        "4": 0.3495602011680603,
        "5": 0.347939133644104,
        "6": 0.3454901874065399,
        "7": 0.33142632246017456,
        "8": 0.3294695317745209,
        "9": 0.32841551303863525
    },
    "352": {
        "0": 0.3618055582046509,
        "1": 0.3602970540523529,
        "2": 0.3530327081680298,
        "3": 0.350074827671051,
        "4": 0.34935516119003296,
        "5": 0.3467436134815216,
        "6": 0.3444598615169525,