{
    "0": {
        "0": 0.3259296119213104,
        "1": 0.3220166862010956,
        "2": 0.3187600374221802,
        "3": 0.31498098373413086,
        "4": 0.3138795793056488,
        "5": 0.3133885860443115,
        "6": 0.31186506152153015,
        "7": 0.31068071722984314,
        "8": 0.3101421296596527,
        "9": 0.30878308415412903
    },
    "16": {
        "0": 0.3184386193752289,
        "1": 0.3103969693183899,
        "2": 0.30446720123291016,
        "3": 0.29798030853271484,
        "4": 0.2967790365219116,
        "5": 0.29280194640159607,
        "6": 0.29230961203575134,
        "7": 0.29101312160491943,
        "8": 0.29035648703575134,
        "9": 0.28812775015830994
    },
    "32": {
        "0": 0.2865928113460541,
        "1": 0.2810002267360687,
        "2": 0.2808169722557068,
        "3": 0.2805010676383972,
        "4": 0.27903512120246887,
        "5": 0.27819642424583435,
        "6": 0.27406999468803406,
        "7": 0.27364522218704224,
        "8": 0.2712310254573822,
        "9": 0.26538965106010437
    },
    "48": {
        "0": 0.2579072415828705,
        "1": 0.251137912273407,
        "2": 0.23108606040477753,
        "3": 0.2300061285495758,
        "4": 0.2298407256603241,
        "5": 0.22877530753612518,
        "6": 0.22573570907115936,
        "7": 0.22352975606918335,
        "8": 0.22127240896224976,
        "9": 0.2211671769618988
    },
    "64": {
        "0": 0.32492366433143616,
        "1": 0.2931121587753296,
        "2": 0.2910681366920471,
        "3": 0.28857290744781494,
        "4": 0.28768816590309143,
        "5": 0.2801171541213989,
        "6": 0.27864110469818115,
        "7": 0.2763407826423645,
        "8": 0.27454036474227905,
        "9": 0.27404189109802246
    },
    "80": {
        "0": 0.3386746048927307,
        "1": 0.3158041834831238,
        "2": 0.31503191590309143,
        "3": 0.31130123138427734,
        "4": 0.30486151576042175,
        "5": 0.30310243368148804,
        "6": 0.30214715003967285,
        "7": 0.3013273775577545,
        "8": 0.2959088981151581,
        "9": 0.294578492641449
    },
    "96": {
        "0": 0.3496677279472351,
        "1": 0.34920734167099,
        "2": 0.34565269947052,
        "3": 0.3420179486274719,
        "4": 0.3415481150150299,
        "5": 0.34038108587265015,
        "6": 0.3394390642642975,
        "7": 0.3368888199329376,
        "8": 0.3364368677139282,
        "9": 0.3293188810348511
    },
    "112": {
        "0": 0.3412691354751587,
        "1": 0.32655107975006104,
        "2": 0.32333511114120483,
        "3": 0.3226337134838104,
        "4": 0.32178255915641785,
        "5": 0.3156448006629944,
        "6": 0.31350967288017273,
        "7": 0.31219297647476196,
        "8": 0.3114356994628906,
        "9": 0.30312031507492065
    },
    "128": {
        "0": 0.33160606026649475,
        "1": 0.3298683762550354,
        "2": 0.32972246408462524,
        "3": 0.32769355177879333,
        "4": 0.3244580328464508,
        "5": 0.3214881420135498,
        "6": 0.32114169001579285,
        "7": 0.3198269009590149,
        "8": 0.310901015996933,
        "9": 0.3042975664138794
    },
    "144": {
        "0": 0.349418044090271,
        "1": 0.34737300872802734,
        "2": 0.3452867865562439,
        "3": 0.3450658619403839,
        "4": 0.3422110974788666,
        "5": 0.33978354930877686,
        "6": 0.3384437561035156,
        "7": 0.3329843580722809,
        "8": 0.33090314269065857,
        "9": 0.32686930894851685
    },
    "160": {
        "0": 0.39994746446609497,
        "1": 0.39387473464012146,
        "2": 0.3890778720378876,
        "3": 0.38194888830184937,
        "4": 0.37752944231033325,
        "5": 0.37355145812034607,
        "6": 0.3710503578186035,
        "7": 0.3692801296710968,
        "8": 0.3678106963634491,
        "9": 0.365587443113327
    },
    "176": {
        "0": 0.33460932970046997,
        "1": 0.33192768692970276,
        "2": 0.33079707622528076,
        "3": 0.3288884162902832,
        "4": 0.3265612721443176,
        "5": 0.3234589993953705,
        "6": 0.3206497132778168,
        "7": 0.3188496232032776,
        "8": 0.31840163469314575,
        "9": 0.3159388601779938
    },
    "192": {
        "0": 0.34843355417251587,
        "1": 0.34592705965042114,
        "2": 0.34093254804611206,
        "3": 0.3392922878265381,
        "4": 0.33852294087409973,
        "5": 0.3366992771625519,
        "6": 0.33245858550071716,
        "7": 0.33148694038391113,
        "8": 0.33096396923065186,
        "9": 0.33012282848358154
    },
    "208": {
        "0": 0.3789411187171936,
        "1": 0.3758663237094879,
        "2": 0.3750065267086029,
        "3": 0.37020665407180786,
        "4": 0.3682529926300049,
        "5": 0.3665845990180969,
        "6": 0.3664988875389099,
        "7": 0.3660960793495178,
        "8": 0.3635314404964447,
        "9": 0.3588634431362152
    },
    "224": {
        "0": 0.34629929065704346,
        "1": 0.340267539024353,
        "2": 0.3334338068962097,
        "3": 0.3124963939189911,
        "4": 0.30902761220932007,
        "5": 0.3068132996559143,
        "6": 0.3041926622390747,
        "7": 0.29911088943481445,
        "8": 0.2985615134239197,
        "9": 0.29807981848716736
    },
    "240": {
        "0": 0.30362358689308167,
        "1": 0.2989557087421417,
        "2": 0.29840242862701416,
        "3": 0.28943172097206116,
        "4": 0.28865861892700195,
        "5": 0.28728926181793213,
        "6": 0.2867826819419861,
        "7": 0.28108933568000793,
        "8": 0.28067994117736816,
        "9": 0.27957484126091003
    },
    "256": {
        "0": 0.38000163435935974,
        "1": 0.37865501642227173,
        "2": 0.37752729654312134,
        "3": 0.3706877827644348,
        "4": 0.36885663866996765,
        "5": 0.36185669898986816,
        "6": 0.361451119184494,
        "7": 0.36063098907470703,
        "8": 0.35982057452201843,
        "9": 0.35491323471069336
    },
    "272": {
        "0": 0.37148746848106384,
        "1": 0.36547499895095825,
        "2": 0.36536431312561035,
        "3": 0.3642323613166809,
        "4": 0.3599414527416229,
        "5": 0.35734328627586365,
        "6": 0.3561442494392395,
        "7": 0.35048624873161316,
        "8": 0.3485962152481079,
        "9": 0.3469808101654053
    },
    "288": {
        "0": 0.3337068259716034,
        "1": 0.3296607732772827,
        "2": 0.3288725018501282,
        "3": 0.32780274748802185,
        "4": 0.3254042863845825,
        "5": 0.3199411630630493,
        "6": 0.3175165355205536,
        "7": 0.31582558155059814,
        "8": 0.30868786573410034,
        "9": 0.30830997228622437
    },
    "304": {
        "0": 0.28291961550712585,
        "1": 0.27289316058158875,
        "2": 0.26261794567108154,
        "3": 0.26050856709480286,
        "4": 0.2603036165237427,
        "5": 0.2596104145050049,
        "6": 0.25709661841392517,
        "7": 0.25568532943725586,
        "8": 0.2538600564002991,
        "9": 0.25239261984825134
    },
    "320": {
        "0": 0.30283015966415405,
        "1": 0.2852938175201416,
        "2": 0.2817443013191223,
        "3": 0.27953532338142395,
        "4": 0.27797287702560425,
        "5": 0.2694723904132843,
        "6": 0.25464335083961487,
        "7": 0.25395822525024414,
        "8": 0.24794700741767883,
        "9": 0.2467409372329712
    },
    "336": {
        "0": 0.3850253224372864,
        "1": 0.3696601986885071,
        "2": 0.3676598370075226,
        "3": 0.3664672374725342,
        "4": 0.36438649892807007,
        "5": 0.3641050159931183,
        "6": 0.3617382049560547,
        "7": 0.36065366864204407,
        "8": 0.3596987724304199,
        "9": 0.35697609186172485
    },
    "352": {
        "0": 0.3725767731666565,
        "1": 0.3631666302680969,
        "2": 0.3617815673351288,
        "3": 0.36010098457336426,
        "4": 0.3568785786628723,
        "5": 0.3567730784416199,