{
    "0": {
        "0": 0.34994280338287354,
        "1": 0.34146246314048767,
        "2": 0.33625349402427673,
        "3": 0.3360355496406555,
        "4": 0.3283691704273224,
        "5": 0.32784491777420044,
        "6": 0.3275299370288849,
        "7": 0.32560601830482483,
        "8": 0.3204658031463623,
        "9": 0.31831640005111694
    },
    "16": {
        "0": 0.3399856686592102,
        "1": 0.3360153138637543,
        "2": 0.33257153630256653,
        "3": 0.31943562626838684,
        "4": 0.3191761076450348,
        "5": 0.31834137439727783,
        "6": 0.31810954213142395,
        "7": 0.31734538078308105,
        "8": 0.31269484758377075,
        "9": 0.3108540177345276
    },
    "32": {
        "0": 0.34178370237350464,
        "1": 0.3408129811286926,
        "2": 0.33889031410217285,
        "3": 0.32642194628715515,
        "4": 0.32535845041275024,
        "5": 0.3235124349594116,
        "6": 0.3226538896560669,
        "7": 0.32248640060424805,
        "8": 0.3175951838493347,
        "9": 0.31234630942344666
    },
    "48": {
        "0": 0.3681620955467224,
        "1": 0.3621422350406647,
        "2": 0.3579122722148895,
        "3": 0.3523838520050049,
        "4": 0.34864509105682373,
        "5": 0.3482355773448944,
        "6": 0.34706196188926697,
        "7": 0.34677380323410034,
        "8": 0.3466501235961914,
        "9": 0.3427025079727173
    },
    "64": {
        "0": 0.3782452940940857,
        "1": 0.3714089095592499,
        "2": 0.36370834708213806,
        "3": 0.3630676567554474,
        "4": 0.3602323532104492,
        "5": 0.35705292224884033,
        "6": 0.3549584150314331,
        "7": 0.3526320159435272,
        "8": 0.3488966226577759,
        "9": 0.34455591440200806
    },
    "80": {
        "0": 0.3651736378669739,
        "1": 0.3568557798862457,
        "2": 0.35130611062049866,
        "3": 0.3491327166557312,
        "4": 0.3474156856536865,
        "5": 0.3455103635787964,
        "6": 0.3418941795825958,
        "7": 0.33600202202796936,
        "8": 0.33277371525764465,
        "9": 0.3320414423942566
    },
    "96": {
        "0": 0.3739066421985626,
        "1": 0.37220272421836853,
        "2": 0.3613567352294922,
        "3": 0.3606809675693512,
        "4": 0.3560938239097595,
        "5": 0.3534364402294159,
        "6": 0.35297518968582153,
        "7": 0.35061120986938477,
        "8": 0.3447020947933197,
        "9": 0.33755314350128174
    },
    "112": {
        "0": 0.3614186942577362,
        "1": 0.34591808915138245,
        "2": 0.34515607357025146,
        "3": 0.34340590238571167,
        "4": 0.3378340005874634,
        "5": 0.334682822227478,
        "6": 0.3325646221637726,
        "7": 0.3323075771331787,
        "8": 0.3304356038570404,
        "9": 0.3274213969707489
    },
    "128": {
        "0": 0.3723730742931366,
        "1": 0.36092326045036316,
        "2": 0.3562646806240082,
        "3": 0.35384151339530945,
        "4": 0.3535821735858917,
        "5": 0.35132572054862976,
        "6": 0.3453138470649719,
        "7": 0.34482982754707336,
        "8": 0.34438055753707886,
        "9": 0.3439262807369232
    },
    "144": {
        "0": 0.31630629301071167,
        "1": 0.30777275562286377,
        "2": 0.29987213015556335,
        "3": 0.2952091097831726,
        "4": 0.28951868414878845,
        "5": 0.2878835201263428,
        "6": 0.28515562415122986,
        "7": 0.28067824244499207,
        "8": 0.2786976099014282,
        "9": 0.278649240732193
    },
    "160": {
        "0": 0.32119694352149963,
        "1": 0.3178161382675171,
        "2": 0.31144872307777405,
        "3": 0.3106572926044464,
        "4": 0.3102947771549225,
        "5": 0.3078007996082306,
        "6": 0.3077967166900635,
        "7": 0.3052499294281006,
        "8": 0.2932511866092682,
        "9": 0.29276683926582336
    },
    "176": {
        "0": 0.31215527653694153,
        "1": 0.2931142747402191,
        "2": 0.2660614252090454,
        "3": 0.2601674497127533,
        "4": 0.2596815228462219,
        "5": 0.2533683478832245,
        "6": 0.24852105975151062,
        "7": 0.24428565800189972,
        "8": 0.23981530964374542,
        "9": 0.23390990495681763
    },
    "192": {
        "0": 0.278432697057724,
        "1": 0.2617694139480591,
        "2": 0.2524148225784302,
        "3": 0.24298544228076935,
        "4": 0.2386387586593628,
        "5": 0.23784303665161133,
        "6": 0.23588889837265015,
        "7": 0.22799178957939148,
        "8": 0.22149570286273956,
        "9": 0.21964287757873535
    },
    "208": {
        "0": 0.35764551162719727,
        "1": 0.35513031482696533,
        "2": 0.35339590907096863,
        "3": 0.34570130705833435,
        "4": 0.3440704047679901,
        "5": 0.3393983542919159,
        "6": 0.3365646004676819,
        "7": 0.3364209234714508,
        "8": 0.33317774534225464,
        "9": 0.3292791247367859
    },
    "224": {
        "0": 0.3624621629714966,
        "1": 0.3446650803089142,
        "2": 0.3416132926940918,
        "3": 0.3413084149360657,
        "4": 0.339619517326355,
        "5": 0.3394951820373535,
        "6": 0.3383539915084839,
        "7": 0.33735135197639465,
        "8": 0.33674317598342896,
        "9": 0.3364669382572174
    },
    "240": {
        "0": 0.3584819436073303,
        "1": 0.3498559296131134,
        "2": 0.34876126050949097,
        "3": 0.3481593728065491,
        "4": 0.3437155485153198,
        "5": 0.34154391288757324,
        "6": 0.34046944975852966,
        "7": 0.33672261238098145,
        "8": 0.33628326654434204,
        "9": 0.33416566252708435
    },
    "256": {
        "0": 0.3581721782684326,
        "1": 0.3567603528499603,
        "2": 0.3560967445373535,
        "3": 0.352881520986557,
        "4": 0.35239773988723755,
        "5": 0.34947237372398376,
        "6": 0.34827083349227905,
        "7": 0.3474612832069397,
        "8": 0.3442065417766571,
        "9": 0.3433142602443695
    },
    "272": {
        "0": 0.35993659496307373,
        "1": 0.3558262586593628,
        "2": 0.35560718178749084,
        "3": 0.3550560474395752,
        "4": 0.3534198999404907,
        "5": 0.3533695340156555,
        "6": 0.3526887893676758,
        "7": 0.3517550230026245,
        "8": 0.34721624851226807,
        "9": 0.3459920585155487
    },
    "288": {
        "0": 0.3538707494735718,
        "1": 0.34921321272850037,
        "2": 0.34920838475227356,
        "3": 0.3428530991077423,
        "4": 0.34174293279647827,
        "5": 0.3416278064250946,
        "6": 0.3388853669166565,
        "7": 0.33833131194114685,
        "8": 0.33813413977622986,
        "9": 0.337490975856781
    },
    "304": {
        "0": 0.3845328688621521,
        "1": 0.38115638494491577,
        "2": 0.38044455647468567,
        "3": 0.37939250469207764,
        "4": 0.3787265121936798,
        "5": 0.3780224621295929,
        "6": 0.3748495578765869,
        "7": 0.3744364380836487,
        "8": 0.37367168068885803,
        "9": 0.3709923028945923
    },
    "320": {
        "0": 0.38103577494621277,
        "1": 0.3795202374458313,
        "2": 0.3774588406085968,
        "3": 0.37669527530670166,
        "4": 0.3737470805644989,
        "5": 0.36924558877944946,
        "6": 0.36923956871032715,
        "7": 0.3633415102958679,
        "8": 0.3630655109882355,
        "9": 0.3617233633995056
    },
    "336": {
        "0": 0.37577754259109497,
        "1": 0.3701207637786865,
        "2": 0.36618778109550476,
        "3": 0.36413493752479553,
        "4": 0.3625648319721222,
        "5": 0.3619181513786316,
        "6": 0.3615589141845703,
        "7": 0.35674118995666504,
        "8": 0.3567386567592621,
        "9": 0.3555738925933838
    },
    "352": {
        "0": 0.32762518525123596,
        "1": 0.3248822093009949,
        "2": 0.32194921374320984,
        "3": 0.3177264630794525,
        "4": 0.3162821829319,
        "5": 0.31412073969841003,