{
    "0": {
        "0": 0.37508058547973633,
        "1": 0.36315497756004333,
        "2": 0.36131903529167175,
        "3": 0.3590085506439209,
        "4": 0.3551504909992218,
        "5": 0.3546127676963806,
        "6": 0.35139429569244385,
        "7": 0.34964919090270996,
        "8": 0.34842920303344727,
        "9": 0.34570711851119995
    },
    "16": {
        "0": 0.3572460412979126,
        "1": 0.3405064642429352,
        "2": 0.3403252065181732,
        "3": 0.3357621133327484,
        "4": 0.3341819941997528,
        "5": 0.3323386311531067,
        "6": 0.33201566338539124,
        "7": 0.329584002494812,
        "8": 0.3287341296672821,
        "9": 0.3283681869506836
    },
    "32": {
        "0": 0.3590875267982483,
        "1": 0.34853264689445496,
        "2": 0.34785982966423035,
        "3": 0.34316736459732056,
        "4": 0.3393726348876953,
        "5": 0.33669066429138184,
        "6": 0.3365176320075989,
        "7": 0.33519479632377625,
        "8": 0.3337930738925934,
        "9": 0.3318654000759125
    },
    "48": {
        "0": 0.38151082396507263,
        "1": 0.36713698506355286,
        "2": 0.36563119292259216,
        "3": 0.36299967765808105,
        "4": 0.3604113459587097,
        "5": 0.3581918179988861,
        "6": 0.35694390535354614,
        "7": 0.3569256365299225,
        "8": 0.3544732630252838,
        "9": 0.3531576991081238
    },
    "64": {
        "0": 0.37299418449401855,
        "1": 0.361541748046875,
        "2": 0.36006271839141846,
        "3": 0.357126384973526,
        "4": 0.3536849617958069,
        "5": 0.35226577520370483,
        "6": 0.345512330532074,
        "7": 0.34517955780029297,
        "8": 0.3448777496814728,
        "9": 0.3402283191680908
    },
    "80": {
        "0": 0.37293946743011475,
        "1": 0.3625134825706482,
        "2": 0.3591269254684448,
        "3": 0.3555094301700592,
        "4": 0.35412585735321045,
        "5": 0.35305121541023254,
        "6": 0.34681832790374756,
        "7": 0.34256282448768616,
        "8": 0.34231916069984436,
        "9": 0.3398364782333374
    },
    "96": {
        "0": 0.37222740054130554,
        "1": 0.36052125692367554,
        "2": 0.35670045018196106,
        "3": 0.35441362857818604,
        "4": 0.3536342978477478,
        "5": 0.34980088472366333,
        "6": 0.34248942136764526,
        "7": 0.3416097164154053,
        "8": 0.3414178192615509,
        "9": 0.339708536863327
    },
    "112": {
        "0": 0.3653520941734314,
        "1": 0.35193803906440735,
        "2": 0.349348247051239,
        "3": 0.34423062205314636,
        "4": 0.34376171231269836,
        "5": 0.34023427963256836,
        "6": 0.33588919043540955,
        "7": 0.334277868270874,
        "8": 0.33044755458831787,
        "9": 0.32977181673049927
    },
    "128": {
        "0": 0.3768256902694702,
        "1": 0.37330156564712524,
        "2": 0.36624643206596375,
        "3": 0.3634801208972931,
        "4": 0.3623899817466736,
        "5": 0.361917108297348,
        "6": 0.3576749563217163,
        "7": 0.3564258813858032,
        "8": 0.3495060205459595,
        "9": 0.3470640480518341
    },
    "144": {
        "0": 0.3738479018211365,
        "1": 0.3640528619289398,
        "2": 0.3579559624195099,
        "3": 0.3560101091861725,
        "4": 0.35596904158592224,
        "5": 0.35264936089515686,
        "6": 0.3501451909542084,
        "7": 0.34666213393211365,
        "8": 0.3405875563621521,
        "9": 0.33822399377822876
    },
    "160": {
        "0": 0.3597281575202942,
        "1": 0.35306310653686523,
        "2": 0.3487713634967804,
        "3": 0.3482038974761963,
        "4": 0.34084299206733704,
        "5": 0.33819857239723206,
        "6": 0.3365245461463928,
        "7": 0.3345322906970978,
        "8": 0.33247846364974976,
        "9": 0.32757243514060974
    },
    "176": {
        "0": 0.3510351777076721,
        "1": 0.34345340728759766,
        "2": 0.3422430455684662,
        "3": 0.33664220571517944,
        "4": 0.33245354890823364,
        "5": 0.3322218656539917,
        "6": 0.327326238155365,
        "7": 0.3229658901691437,
        "8": 0.3227159082889557,
        "9": 0.3209385275840759
    },
    "192": {
        "0": 0.3579017221927643,
        "1": 0.34726324677467346,
        "2": 0.3470865488052368,
        "3": 0.34063854813575745,
        "4": 0.33969077467918396,
        "5": 0.337929904460907,
        "6": 0.33477115631103516,
        "7": 0.32904672622680664,
        "8": 0.32879889011383057,
        "9": 0.3273066282272339
    },
    "208": {
        "0": 0.3716217875480652,
        "1": 0.3632964789867401,
        "2": 0.36266475915908813,
        "3": 0.3557978868484497,
        "4": 0.35448670387268066,
        "5": 0.35263901948928833,
        "6": 0.34341880679130554,
        "7": 0.34334665536880493,
        "8": 0.33777227997779846,
        "9": 0.33761629462242126
    },
    "224": {
        "0": 0.37398621439933777,
        "1": 0.3624119758605957,
        "2": 0.3621421158313751,
        "3": 0.3620928227901459,
        "4": 0.3516773283481598,
        "5": 0.35078826546669006,
        "6": 0.34935322403907776,
        "7": 0.34827572107315063,
        "8": 0.3482571542263031,
        "9": 0.3439466953277588
    },
    "240": {
        "0": 0.3731745481491089,
        "1": 0.37115129828453064,
        "2": 0.36993783712387085,
        "3": 0.35804295539855957,
        "4": 0.3573963940143585,
        "5": 0.35586586594581604,
        "6": 0.34590375423431396,
        "7": 0.3410680294036865,
        "8": 0.3362238109111786,
        "9": 0.33582398295402527
    },
    "256": {
        "0": 0.35315996408462524,
        "1": 0.3435818552970886,
        "2": 0.34059828519821167,
        "3": 0.34035006165504456,
        "4": 0.334117591381073,
        "5": 0.33062273263931274,
        "6": 0.3297434151172638,
        "7": 0.3255406618118286,
        "8": 0.3254010081291199,
        "9": 0.32392147183418274
    },
    "272": {
        "0": 0.3596743941307068,
        "1": 0.3488451838493347,
        "2": 0.3484768271446228,
        "3": 0.3419696092605591,
        "4": 0.3418503701686859,
        "5": 0.34135809540748596,
        "6": 0.33577483892440796,
        "7": 0.33060622215270996,
        "8": 0.3304567039012909,
        "9": 0.32805585861206055
    },
    "288": {
        "0": 0.37571749091148376,
        "1": 0.36975106596946716,
        "2": 0.3640669286251068,
        "3": 0.36056703329086304,
        "4": 0.36007457971572876,
        "5": 0.3573853075504303,
        "6": 0.35480812191963196,
        "7": 0.3480917811393738,
        "8": 0.3469148278236389,
        "9": 0.34026792645454407
    },
    "304": {
        "0": 0.37709394097328186,
        "1": 0.36594873666763306,
        "2": 0.3657800555229187,
        "3": 0.36339694261550903,
        "4": 0.36164963245391846,
        "5": 0.36133649945259094,
        "6": 0.350270539522171,
        "7": 0.3484710156917572,
        "8": 0.3439334034919739,
        "9": 0.3427529036998749
    },
    "320": {
        "0": 0.37859734892845154,
        "1": 0.37254878878593445,
        "2": 0.3695085346698761,
        "3": 0.36449840664863586,
        "4": 0.36307844519615173,
        "5": 0.36141619086265564,
        "6": 0.35964488983154297,
        "7": 0.35085606575012207,
        "8": 0.3480541706085205,
        "9": 0.34647566080093384
    },
    "336": {
        "0": 0.3869815766811371,
        "1": 0.38385793566703796,
        "2": 0.3805082440376282,
        "3": 0.3763818144798279,
        "4": 0.37616750597953796,
        "5": 0.36878713965415955,
        "6": 0.3632695972919464,
        "7": 0.35429906845092773,
        "8": 0.3520464599132538,
        "9": 0.35049957036972046
    },
    "352": {
        "0": 0.38425007462501526,
        "1": 0.3756694793701172,
        "2": 0.3750993609428406,
        "3": 0.36881184577941895,
        "4": 0.36769920587539673,
        "5": 0.3639211654663086,