{
    "0": {
        "0": 0.33388853073120117,
        "1": 0.3293458819389343,
        "2": 0.3262687921524048,
        "3": 0.3229052722454071,
        "4": 0.31974291801452637,
        "5": 0.3127692639827728,
        "6": 0.3122609555721283,
        "7": 0.3069975972175598,
        "8": 0.3067856431007385,
        "9": 0.3045305013656616
    },
    "16": {
        "0": 0.32899007201194763,
        "1": 0.3176723122596741,
        "2": 0.31754904985427856,
        "3": 0.3155890107154846,
        "4": 0.31455299258232117,
        "5": 0.311472088098526,
        "6": 0.30711352825164795,
        "7": 0.3047733008861542,
        "8": 0.3043974041938782,
        "9": 0.3035920262336731
    },
    "32": {
        "0": 0.31843775510787964,
        "1": 0.3114158809185028,
        "2": 0.309248685836792,
        "3": 0.30906516313552856,
        "4": 0.30702441930770874,
        "5": 0.303066611289978,
        "6": 0.3024425506591797,
        "7": 0.3013441562652588,
        "8": 0.2992110550403595,
        "9": 0.29659298062324524
    },
    "48": {
        "0": 0.34155383706092834,
        "1": 0.3378181755542755,
        "2": 0.33396413922309875,
        "3": 0.33037492632865906,
        "4": 0.32949119806289673,
        "5": 0.32924431562423706,
        "6": 0.32675954699516296,
        "7": 0.32586729526519775,
        "8": 0.32424747943878174,
        "9": 0.3230893611907959
    },
    "64": {
        "0": 0.3253161311149597,
        "1": 0.3193923234939575,
        "2": 0.31360429525375366,
        "3": 0.3119637072086334,
        "4": 0.3008624017238617,
        "5": 0.2943054139614105,
        "6": 0.28892195224761963,
        "7": 0.2880686819553375,
        "8": 0.28759318590164185,
        "9": 0.2867351174354553
    },
    "80": {
        "0": 0.315719872713089,
        "1": 0.30526232719421387,
        "2": 0.30450135469436646,
        "3": 0.30086711049079895,
        "4": 0.2918994426727295,
        "5": 0.28312385082244873,
        "6": 0.27548667788505554,
        "7": 0.27523529529571533,
        "8": 0.27454373240470886,
        "9": 0.2728366553783417
    },
    "96": {
        "0": 0.3181755542755127,
        "1": 0.30913832783699036,
        "2": 0.30697333812713623,
        "3": 0.3054142892360687,
        "4": 0.3022121489048004,
        "5": 0.2899394631385803,
        "6": 0.2874639928340912,
        "7": 0.28541773557662964,
        "8": 0.2824905812740326,
        "9": 0.2799074947834015
    },
    "112": {
        "0": 0.3151436746120453,
        "1": 0.30258795619010925,
        "2": 0.3006284832954407,
        "3": 0.3004229664802551,
        "4": 0.29619765281677246,
        "5": 0.2837781608104706,
        "6": 0.2828257381916046,
        "7": 0.2812761962413788,
        "8": 0.2757258415222168,
        "9": 0.27563923597335815
    },
    "128": {
        "0": 0.31359997391700745,
        "1": 0.2992524206638336,
        "2": 0.2986409068107605,
        "3": 0.29855573177337646,
        "4": 0.2943803369998932,
        "5": 0.28266867995262146,
        "6": 0.28241151571273804,
        "7": 0.2801159918308258,
        "8": 0.27307647466659546,
        "9": 0.272665411233902
    },
    "144": {
        "0": 0.34921175241470337,
        "1": 0.3446543216705322,
        "2": 0.34444165229797363,
        "3": 0.3349515497684479,
        "4": 0.3311768174171448,
        "5": 0.33085188269615173,
        "6": 0.32408663630485535,
        "7": 0.3233315646648407,
        "8": 0.3215043544769287,
        "9": 0.32098814845085144
    },
    "160": {
        "0": 0.3747703731060028,
        "1": 0.37469014525413513,
        "2": 0.3723081350326538,
        "3": 0.36192259192466736,
        "4": 0.35998791456222534,
        "5": 0.3592407703399658,
        "6": 0.35797691345214844,
        "7": 0.3547934293746948,
        "8": 0.350131630897522,
        "9": 0.3496018350124359
    },
    "176": {
        "0": 0.3198453485965729,
        "1": 0.31800419092178345,
        "2": 0.2851596474647522,
        "3": 0.2781347632408142,
        "4": 0.2778010368347168,
        "5": 0.2756081819534302,
        "6": 0.2749720811843872,
        "7": 0.2736496329307556,
        "8": 0.27148503065109253,
        "9": 0.2712915241718292
    },
    "192": {
        "0": 0.3210100531578064,
        "1": 0.3086314797401428,
        "2": 0.2931792140007019,
        "3": 0.2896564304828644,
        "4": 0.2893415093421936,
        "5": 0.2886040210723877,
        "6": 0.28043586015701294,
        "7": 0.2776513397693634,
        "8": 0.27579811215400696,
        "9": 0.26999443769454956
    },
    "208": {
        "0": 0.3112999498844147,
        "1": 0.3100122809410095,
        "2": 0.30966731905937195,
        "3": 0.3020433187484741,
        "4": 0.2966972887516022,
        "5": 0.29607143998146057,
        "6": 0.2930176258087158,
        "7": 0.2901895046234131,
        "8": 0.28833407163619995,
        "9": 0.28604093194007874
    },
    "224": {
        "0": 0.35125643014907837,
        "1": 0.34651118516921997,
        "2": 0.343830943107605,
        "3": 0.3341195285320282,
        "4": 0.33288052678108215,
        "5": 0.32762837409973145,
        "6": 0.32534629106521606,
        "7": 0.32362550497055054,
        "8": 0.3203965425491333,
        "9": 0.3195459544658661
    },
    "240": {
        "0": 0.3014296889305115,
        "1": 0.28550082445144653,
        "2": 0.2776831388473511,
        "3": 0.27598699927330017,
        "4": 0.2739395797252655,
        "5": 0.273634672164917,
        "6": 0.2684323489665985,
        "7": 0.26635122299194336,
        "8": 0.26544010639190674,
        "9": 0.26512962579727173
    },
    "256": {
        "0": 0.27397066354751587,
        "1": 0.267090380191803,
        "2": 0.256689190864563,
        "3": 0.2514968812465668,
        "4": 0.2485414743423462,
        "5": 0.24729233980178833,
        "6": 0.24659959971904755,
        "7": 0.244254007935524,
        "8": 0.24386346340179443,
        "9": 0.24267351627349854
    },
    "272": {
        "0": 0.2683202624320984,
        "1": 0.2587437927722931,
        "2": 0.25356608629226685,
        "3": 0.24881204962730408,
        "4": 0.24755501747131348,
        "5": 0.2451161891222,
        "6": 0.24506019055843353,
        "7": 0.24498477578163147,
        "8": 0.2407671958208084,
        "9": 0.2400636523962021
    },
    "288": {
        "0": 0.2889671325683594,
        "1": 0.28811103105545044,
        "2": 0.2867094874382019,
        "3": 0.28199005126953125,
        "4": 0.28047794103622437,
        "5": 0.27244722843170166,
        "6": 0.27093350887298584,
        "7": 0.2707533836364746,
        "8": 0.26985061168670654,
        "9": 0.26954004168510437
    },
    "304": {
        "0": 0.3218570649623871,
        "1": 0.27515316009521484,
        "2": 0.27227282524108887,
        "3": 0.2708679735660553,
        "4": 0.2685985863208771,
        "5": 0.2676736116409302,
        "6": 0.2670612931251526,
        "7": 0.26648128032684326,
        "8": 0.26581427454948425,
        "9": 0.2614372968673706
    },
    "320": {
        "0": 0.3268812298774719,
        "1": 0.2903890311717987,
        "2": 0.286125123500824,
        "3": 0.28417402505874634,
        "4": 0.28075823187828064,
        "5": 0.277518093585968,
        "6": 0.27446383237838745,
        "7": 0.2742588222026825,
        "8": 0.2710859775543213,
        "9": 0.27081820368766785
    },
    "336": {
        "0": 0.32620084285736084,
        "1": 0.2812045216560364,
        "2": 0.27618110179901123,
        "3": 0.2749266028404236,
        "4": 0.266841858625412,
        "5": 0.26360610127449036,
        "6": 0.26167672872543335,
        "7": 0.25928837060928345,
        "8": 0.2586006820201874,
        "9": 0.2543124854564667
    },
    "352": {
        "0": 0.3488563001155853,
        "1": 0.32914870977401733,
        "2": 0.3234308063983917,
        "3": 0.32303524017333984,
        "4": 0.31626632809638977,
        "5": 0.31073352694511414,
        "6": 0.3094917833805084,