{
    "0": {
        "0": 0.3279397785663605,
        "1": 0.2811676561832428,
        "2": 0.2780730724334717,
        "3": 0.26863330602645874,
        "4": 0.26711544394493103,
        "5": 0.262597918510437,
        "6": 0.2622561752796173,
        "7": 0.2572888731956482,
        "8": 0.253439724445343,
        "9": 0.25096189975738525
    },
    "16": {
        "0": 0.3185056149959564,
        "1": 0.25850731134414673,
        "2": 0.25729066133499146,
        "3": 0.25374042987823486,
        "4": 0.25253915786743164,
        "5": 0.2493620216846466,
        "6": 0.24553142488002777,
        "7": 0.244379460811615,
        "8": 0.24350905418395996,
        "9": 0.24268576502799988
    },
    "32": {
        "0": 0.3185056149959564,
        "1": 0.25850731134414673,
        "2": 0.25729066133499146,
        "3": 0.25374042987823486,
        "4": 0.25253915786743164,
        "5": 0.2493620216846466,
        "6": 0.24553142488002777,
        "7": 0.244379460811615,
        "8": 0.24350905418395996,
        "9": 0.24268576502799988
    },
    "48": {
        "0": 0.3185056149959564,
        "1": 0.25850731134414673,
        "2": 0.25729066133499146,
        "3": 0.25374042987823486,
        "4": 0.25253915786743164,
        "5": 0.2493620216846466,
        "6": 0.24553142488002777,
        "7": 0.244379460811615,
        "8": 0.24350905418395996,
        "9": 0.24268576502799988
    },
    "64": {
        "0": 0.3302806615829468,
        "1": 0.32767462730407715,
        "2": 0.3127439022064209,
        "3": 0.3095833361148834,
        "4": 0.30892980098724365,
        "5": 0.2976285219192505,
        "6": 0.2811691164970398,
        "7": 0.27222734689712524,
        "8": 0.2639496326446533,
        "9": 0.2604234516620636
    },
    "80": {
        "0": 0.32203081250190735,
        "1": 0.32009151577949524,
        "2": 0.3061348497867584,
        "3": 0.30367836356163025,
        "4": 0.30283159017562866,
        "5": 0.29235199093818665,
        "6": 0.27430078387260437,
        "7": 0.26828664541244507,
        "8": 0.2565946578979492,
        "9": 0.2517753541469574
    },
    "96": {
        "0": 0.3211873769760132,
        "1": 0.32032841444015503,
        "2": 0.3090709447860718,
        "3": 0.30188894271850586,
        "4": 0.3007503151893616,
        "5": 0.29146549105644226,
        "6": 0.282253623008728,
        "7": 0.27667373418807983,
        "8": 0.2557571828365326,
        "9": 0.25280293822288513
    },
    "112": {
        "0": 0.31278565526008606,
        "1": 0.3082636594772339,
        "2": 0.30003228783607483,
        "3": 0.2962513566017151,
        "4": 0.2948896288871765,
        "5": 0.2785859704017639,
        "6": 0.27483972907066345,
        "7": 0.26460736989974976,
        "8": 0.24822039902210236,
        "9": 0.2464398294687271
    },
    "128": {
        "0": 0.34703347086906433,
        "1": 0.33554309606552124,
        "2": 0.32912760972976685,
        "3": 0.3104698359966278,
        "4": 0.3071450889110565,
        "5": 0.2961907684803009,
        "6": 0.2950928211212158,
        "7": 0.29389557242393494,
        "8": 0.2713615298271179,
        "9": 0.266432523727417
    },
    "144": {
        "0": 0.3642619550228119,
        "1": 0.34538108110427856,
        "2": 0.3423571288585663,
        "3": 0.3422310948371887,
        "4": 0.3412054181098938,
        "5": 0.31756094098091125,
        "6": 0.31493937969207764,
        "7": 0.3124813437461853,
        "8": 0.311450332403183,
        "9": 0.3101765215396881
    },
    "160": {
        "0": 0.35516372323036194,
        "1": 0.34178972244262695,
        "2": 0.33662715554237366,
        "3": 0.3349893391132355,
        "4": 0.325270414352417,
        "5": 0.32363784313201904,
        "6": 0.3161005675792694,
        "7": 0.31048259139060974,
        "8": 0.3076520562171936,
        "9": 0.3063458800315857
    },
    "176": {
        "0": 0.38442865014076233,
        "1": 0.37313735485076904,
        "2": 0.3711247444152832,
        "3": 0.36795541644096375,
        "4": 0.3639218807220459,
        "5": 0.36090779304504395,
        "6": 0.35974225401878357,
        "7": 0.3554763197898865,
        "8": 0.35367995500564575,
        "9": 0.35249847173690796
    },
    "192": {
        "0": 0.39110997319221497,
        "1": 0.3833901584148407,
        "2": 0.3775531053543091,
        "3": 0.375995397567749,
        "4": 0.3475336730480194,
        "5": 0.3472171425819397,
        "6": 0.34698110818862915,
        "7": 0.33358490467071533,
        "8": 0.33039411902427673,
        "9": 0.32965943217277527
    },
    "208": {
        "0": 0.33881402015686035,
        "1": 0.33410120010375977,
        "2": 0.33159327507019043,
        "3": 0.33116626739501953,
        "4": 0.31815481185913086,
        "5": 0.31188011169433594,
        "6": 0.311063289642334,
        "7": 0.3034060597419739,
        "8": 0.2966139316558838,
        "9": 0.2954210937023163
    },
    "224": {
        "0": 0.3450395464897156,
        "1": 0.3414921760559082,
        "2": 0.3358403742313385,
        "3": 0.33439865708351135,
        "4": 0.3308340013027191,
        "5": 0.3299655318260193,
        "6": 0.32455044984817505,
        "7": 0.31558024883270264,
        "8": 0.31020134687423706,
        "9": 0.31002336740493774
    },
    "240": {
        "0": 0.391104519367218,
        "1": 0.3897474408149719,
        "2": 0.3787292242050171,
        "3": 0.3783574402332306,
        "4": 0.3760227859020233,
        "5": 0.35943952202796936,
        "6": 0.3555335998535156,
        "7": 0.35245242714881897,
        "8": 0.3511825203895569,
        "9": 0.3485855162143707
    },
    "256": {
        "0": 0.3590681850910187,
        "1": 0.35645073652267456,
        "2": 0.3540278673171997,
        "3": 0.3537178039550781,
        "4": 0.3503497540950775,
        "5": 0.3473241925239563,
        "6": 0.34283915162086487,
        "7": 0.34109869599342346,
        "8": 0.33726781606674194,
        "9": 0.3355703353881836
    },
    "272": {
        "0": 0.38292962312698364,
        "1": 0.37014222145080566,
        "2": 0.3632403016090393,
        "3": 0.3616556227207184,
        "4": 0.35544514656066895,
        "5": 0.3421282172203064,
        "6": 0.3421264886856079,
        "7": 0.33437681198120117,
        "8": 0.33316075801849365,
        "9": 0.3311719596385956
    },
    "288": {
        "0": 0.3848872482776642,
        "1": 0.3735907971858978,
        "2": 0.36635345220565796,
        "3": 0.3601928949356079,
        "4": 0.3477533757686615,
        "5": 0.3319578468799591,
        "6": 0.3263097405433655,
        "7": 0.3210916519165039,
        "8": 0.32042112946510315,
        "9": 0.314483642578125
    },
    "304": {
        "0": 0.3523786664009094,
        "1": 0.3287533223628998,
        "2": 0.32848379015922546,
        "3": 0.32392674684524536,
        "4": 0.32256999611854553,
        "5": 0.29645341634750366,
        "6": 0.2962343990802765,
        "7": 0.2929915189743042,
        "8": 0.28923892974853516,
        "9": 0.2811180651187897
    },
    "320": {
        "0": 0.3243008852005005,
        "1": 0.3015682101249695,
        "2": 0.30140382051467896,
        "3": 0.2931104302406311,
        "4": 0.29101821780204773,
        "5": 0.2835319936275482,
        "6": 0.28035449981689453,
        "7": 0.27600619196891785,
        "8": 0.2739027440547943,
        "9": 0.27019307017326355
    },
    "336": {
        "0": 0.3257524371147156,
        "1": 0.308885782957077,
        "2": 0.30497774481773376,
        "3": 0.29997462034225464,
        "4": 0.29980865120887756,
        "5": 0.2875780165195465,
        "6": 0.2869654893875122,
        "7": 0.27596983313560486,
        "8": 0.27403438091278076,
        "9": 0.2700827121734619
    },
    "352": {
        "0": 0.3261454999446869,
        "1": 0.32013288140296936,
        "2": 0.300883024930954,
        "3": 0.29298892617225647,
        "4": 0.29255014657974243,
        "5": 0.28030794858932495,