{
    "0": {
        "0": 0.38455072045326233,
        "1": 0.3829483985900879,
        "2": 0.3801843523979187,
        "3": 0.3772291839122772,
        "4": 0.3712104856967926,
        "5": 0.37047168612480164,
        "6": 0.3666954040527344,
        "7": 0.3665257394313812,
        "8": 0.3617114722728729,
        "9": 0.35838982462882996
    },
    "16": {
        "0": 0.3700576424598694,
        "1": 0.3695942759513855,
        "2": 0.3689783811569214,
        "3": 0.3645969331264496,
        "4": 0.3645673990249634,
        "5": 0.3556784391403198,
        "6": 0.3542875647544861,
        "7": 0.3492962718009949,
        "8": 0.344405859708786,
        "9": 0.3437037765979767
    },
    "32": {
        "0": 0.3307033181190491,
        "1": 0.32925504446029663,
        "2": 0.31841278076171875,
        "3": 0.31647825241088867,
        "4": 0.31231147050857544,
        "5": 0.30764445662498474,
        "6": 0.30550360679626465,
        "7": 0.30340299010276794,
        "8": 0.30258646607398987,
        "9": 0.2975023686885834
    },
    "48": {
        "0": 0.3459007143974304,
        "1": 0.33859822154045105,
        "2": 0.32940635085105896,
        "3": 0.3289686441421509,
        "4": 0.32559627294540405,
        "5": 0.32487818598747253,
        "6": 0.3178447186946869,
        "7": 0.3155463933944702,
        "8": 0.3134540915489197,
        "9": 0.3093222677707672
    },
    "64": {
        "0": 0.340834379196167,
        "1": 0.3389010727405548,
        "2": 0.33884531259536743,
        "3": 0.3337502181529999,
        "4": 0.3318686783313751,
        "5": 0.32746583223342896,
        "6": 0.32740089297294617,
        "7": 0.3234832286834717,
        "8": 0.3184480369091034,
        "9": 0.31478041410446167
    },
    "80": {
        "0": 0.3154589831829071,
        "1": 0.3122357726097107,
        "2": 0.3102439343929291,
        "3": 0.30959343910217285,
        "4": 0.30758848786354065,
        "5": 0.3073541224002838,
        "6": 0.2988337278366089,
        "7": 0.2967640161514282,
        "8": 0.2964833080768585,
        "9": 0.29471033811569214
    },
    "96": {
        "0": 0.32875052094459534,
        "1": 0.3218458890914917,
        "2": 0.3207945227622986,
        "3": 0.31579333543777466,
        "4": 0.3148282766342163,
        "5": 0.31087273359298706,
        "6": 0.3104035556316376,
        "7": 0.30555659532546997,
        "8": 0.3043476343154907,
        "9": 0.30163609981536865
    },
    "112": {
        "0": 0.33181121945381165,
        "1": 0.3293050229549408,
        "2": 0.3265044689178467,
        "3": 0.3251447081565857,
        "4": 0.3234384059906006,
        "5": 0.31933820247650146,
        "6": 0.31612998247146606,
        "7": 0.3160783350467682,
        "8": 0.3146284520626068,
        "9": 0.313414603471756
    },
    "128": {
        "0": 0.30662381649017334,
        "1": 0.30587708950042725,
        "2": 0.30574852228164673,
        "3": 0.30248284339904785,
        "4": 0.301640123128891,
        "5": 0.3001070022583008,
        "6": 0.29931604862213135,
        "7": 0.2964956760406494,
        "8": 0.2835938632488251,
        "9": 0.2826147675514221
    },
    "144": {
        "0": 0.37686899304389954,
        "1": 0.351821631193161,
        "2": 0.34783869981765747,
        "3": 0.33842024207115173,
        "4": 0.33508482575416565,
        "5": 0.33439749479293823,
        "6": 0.33305829763412476,
        "7": 0.32680344581604004,
        "8": 0.32401472330093384,
        "9": 0.3230533301830292
    },
    "160": {
        "0": 0.3560669720172882,
        "1": 0.35135120153427124,
        "2": 0.3496760427951813,
        "3": 0.3407191336154938,
        "4": 0.33496376872062683,
        "5": 0.3347468674182892,
        "6": 0.33240774273872375,
        "7": 0.33084794878959656,
        "8": 0.3273428678512573,
        "9": 0.32439830899238586
    },
    "176": {
        "0": 0.36447617411613464,
        "1": 0.3614346981048584,
        "2": 0.3448678255081177,
        "3": 0.3408096432685852,
        "4": 0.3339100480079651,
        "5": 0.33134132623672485,
        "6": 0.3312966823577881,
        "7": 0.32703882455825806,
        "8": 0.3265427052974701,
        "9": 0.3261380195617676
    },
    "192": {
        "0": 0.37130507826805115,
        "1": 0.37092143297195435,
        "2": 0.36094579100608826,
        "3": 0.35699015855789185,
        "4": 0.35288238525390625,
        "5": 0.34902888536453247,
        "6": 0.34397050738334656,
        "7": 0.34396272897720337,
        "8": 0.3383338749408722,
        "9": 0.32817956805229187
    },
    "208": {
        "0": 0.32462409138679504,
        "1": 0.3236960768699646,
        "2": 0.31793922185897827,
        "3": 0.30913418531417847,
        "4": 0.30874544382095337,
        "5": 0.3047577142715454,
        "6": 0.30119866132736206,
        "7": 0.29659590125083923,
        "8": 0.29359474778175354,
        "9": 0.28950732946395874
    },
    "224": {
        "0": 0.3698997497558594,
        "1": 0.3643167316913605,
        "2": 0.36095795035362244,
        "3": 0.35233837366104126,
        "4": 0.35211676359176636,
        "5": 0.3452352285385132,
        "6": 0.34241437911987305,
        "7": 0.3402499258518219,
        "8": 0.3366803228855133,
        "9": 0.33639803528785706
    },
    "240": {
        "0": 0.3452807366847992,
        "1": 0.3422574996948242,
        "2": 0.32974207401275635,
        "3": 0.328365683555603,
        "4": 0.32131344079971313,
        "5": 0.32112839818000793,
        "6": 0.3147832453250885,
        "7": 0.309597909450531,
        "8": 0.2926090359687805,
        "9": 0.2868872582912445
    },
    "256": {
        "0": 0.33692407608032227,
        "1": 0.33157965540885925,
        "2": 0.32987546920776367,
        "3": 0.32810482382774353,
        "4": 0.3235417604446411,
        "5": 0.3189133405685425,
        "6": 0.3162752687931061,
        "7": 0.31427431106567383,
        "8": 0.2972358763217926,
        "9": 0.29494619369506836
    },
    "272": {
        "0": 0.41437196731567383,
        "1": 0.4043080508708954,
        "2": 0.4027242064476013,
        "3": 0.3825930058956146,
        "4": 0.36926567554473877,
        "5": 0.36240726709365845,
        "6": 0.359734445810318,
        "7": 0.3580399453639984,
        "8": 0.357626736164093,
        "9": 0.35713642835617065
    },
    "288": {
        "0": 0.44011789560317993,
        "1": 0.4277418851852417,
        "2": 0.41939347982406616,
        "3": 0.40144193172454834,
        "4": 0.4010029435157776,
        "5": 0.4003160297870636,
        "6": 0.3941994905471802,
        "7": 0.3930770754814148,
        "8": 0.3902188837528229,
        "9": 0.3843134641647339
    },
    "304": {
        "0": 0.43863871693611145,
        "1": 0.4337020516395569,
        "2": 0.4311220347881317,
        "3": 0.41278955340385437,
        "4": 0.4027773141860962,
        "5": 0.3962521553039551,
        "6": 0.39262813329696655,
        "7": 0.3915897309780121,
        "8": 0.3872198760509491,
        "9": 0.3846741318702698
    },
    "320": {
        "0": 0.42643073201179504,
        "1": 0.41420066356658936,
        "2": 0.4104915261268616,
        "3": 0.3911135792732239,
        "4": 0.3838599920272827,
        "5": 0.38003459572792053,
        "6": 0.3796815574169159,
        "7": 0.3759109079837799,
        "8": 0.3737473785877228,
        "9": 0.37034475803375244
    },
    "336": {
        "0": 0.4237453043460846,
        "1": 0.41522836685180664,
        "2": 0.4121147394180298,
        "3": 0.40466076135635376,
        "4": 0.4030327796936035,
        "5": 0.4022873342037201,
        "6": 0.398532897233963,
        "7": 0.3907553553581238,
        "8": 0.38751500844955444,
        "9": 0.37688344717025757
    },
    "352": {
        "0": 0.42557215690612793,
        "1": 0.4155024588108063,
        "2": 0.41437792778015137,
        "3": 0.39255768060684204,
        "4": 0.38772404193878174,
        "5": 0.38724642992019653,