{
    "0": {
        "0": 0.43899253010749817,
        "1": 0.43499869108200073,
        "2": 0.4247371554374695,
        "3": 0.42447561025619507,
        "4": 0.4063793122768402,
        "5": 0.39767229557037354,
        "6": 0.3962867856025696,
        "7": 0.39304372668266296,
        "8": 0.39147448539733887,
        "9": 0.38054507970809937
    },
    "16": {
        "0": 0.399701327085495,
        "1": 0.39897018671035767,
        "2": 0.39526548981666565,
        "3": 0.39069628715515137,
        "4": 0.3820497691631317,
        "5": 0.3763771653175354,
        "6": 0.37439391016960144,
        "7": 0.3720548450946808,
        "8": 0.3702186644077301,
        "9": 0.3679830729961395
    },
    "32": {
        "0": 0.4057512879371643,
        "1": 0.3935818672180176,
        "2": 0.3906917870044708,
        "3": 0.38550177216529846,
        "4": 0.38522443175315857,
        "5": 0.37897706031799316,
        "6": 0.37683913111686707,
        "7": 0.3754289448261261,
        "8": 0.37185996770858765,
        "9": 0.3708178997039795
    },
    "48": {
        "0": 0.4020858108997345,
        "1": 0.40145546197891235,
        "2": 0.39469096064567566,
        "3": 0.39152559638023376,
        "4": 0.39037710428237915,
        "5": 0.3870963454246521,
        "6": 0.38473281264305115,
        "7": 0.3841877281665802,
        "8": 0.37686142325401306,
        "9": 0.3634096086025238
    },
    "64": {
        "0": 0.3952699303627014,
        "1": 0.3837640881538391,
        "2": 0.37919628620147705,
        "3": 0.3759463429450989,
        "4": 0.37478506565093994,
        "5": 0.3723832368850708,
        "6": 0.3656800091266632,
        "7": 0.3647458255290985,
        "8": 0.364341139793396,
        "9": 0.3602410852909088
    },
    "80": {
        "0": 0.3807004988193512,
        "1": 0.37313467264175415,
        "2": 0.3727010190486908,
        "3": 0.3668240010738373,
        "4": 0.35982391238212585,
        "5": 0.3574514389038086,
        "6": 0.3555905222892761,
        "7": 0.3527970314025879,
        "8": 0.3524843752384186,
        "9": 0.3493962287902832
    },
    "96": {
        "0": 0.4076242446899414,
        "1": 0.4060037136077881,
        "2": 0.40577763319015503,
        "3": 0.3980386257171631,
        "4": 0.3916667699813843,
        "5": 0.3905770182609558,
        "6": 0.38883310556411743,
        "7": 0.3855712413787842,
        "8": 0.38358715176582336,
        "9": 0.3736023008823395
    },
    "112": {
        "0": 0.4129446744918823,
        "1": 0.4043058454990387,
        "2": 0.4023436903953552,
        "3": 0.40131711959838867,
        "4": 0.4003280699253082,
        "5": 0.3983203172683716,
        "6": 0.3892372250556946,
        "7": 0.38822314143180847,
        "8": 0.38094866275787354,
        "9": 0.3753611743450165
    },
    "128": {
        "0": 0.3775888681411743,
        "1": 0.374431312084198,
        "2": 0.3672153949737549,
        "3": 0.3664575517177582,
        "4": 0.3653795123100281,
        "5": 0.3626561462879181,
        "6": 0.3625698387622833,
        "7": 0.3604772388935089,
        "8": 0.35957834124565125,
        "9": 0.3428284525871277
    },
    "144": {
        "0": 0.36840569972991943,
        "1": 0.3609933853149414,
        "2": 0.35915130376815796,
        "3": 0.3561009466648102,
        "4": 0.35448190569877625,
        "5": 0.3543182909488678,
        "6": 0.3515627682209015,
        "7": 0.35087645053863525,
        "8": 0.3503258228302002,
        "9": 0.3458287715911865
    },
    "160": {
        "0": 0.3979291319847107,
        "1": 0.3951569199562073,
        "2": 0.39067381620407104,
        "3": 0.3889176845550537,
        "4": 0.3887025713920593,
        "5": 0.3835504353046417,
        "6": 0.37305688858032227,
        "7": 0.3713848888874054,
        "8": 0.37029775977134705,
        "9": 0.36214905977249146
    },
    "176": {
        "0": 0.4008755087852478,
        "1": 0.39124757051467896,
        "2": 0.38565582036972046,
        "3": 0.3717935383319855,
        "4": 0.3712385892868042,
        "5": 0.36779624223709106,
        "6": 0.3677327632904053,
        "7": 0.3675785958766937,
        "8": 0.3669353425502777,
        "9": 0.3666444420814514
    },
    "192": {
        "0": 0.4083983898162842,
        "1": 0.40269705653190613,
        "2": 0.39402011036872864,
        "3": 0.38709893822669983,
        "4": 0.3856239914894104,
        "5": 0.3810490667819977,
        "6": 0.37891843914985657,
        "7": 0.37195873260498047,
        "8": 0.3686721622943878,
        "9": 0.36095842719078064
    },
    "208": {
        "0": 0.3504987061023712,
        "1": 0.33038628101348877,
        "2": 0.3294951915740967,
        "3": 0.31688207387924194,
        "4": 0.3167034387588501,
        "5": 0.31358447670936584,
        "6": 0.31318163871765137,
        "7": 0.3128746747970581,
        "8": 0.311457097530365,
        "9": 0.2954581677913666
    },
    "224": {
        "0": 0.42465314269065857,
        "1": 0.4211599826812744,
        "2": 0.4208409786224365,
        "3": 0.4123016893863678,
        "4": 0.39169052243232727,
        "5": 0.33924224972724915,
        "6": 0.33161798119544983,
        "7": 0.3285726308822632,
        "8": 0.3243386745452881,
        "9": 0.3228679299354553
    },
    "240": {
        "0": 0.3971831798553467,
        "1": 0.38263988494873047,
        "2": 0.3821104168891907,
        "3": 0.3800962269306183,
        "4": 0.3530731201171875,
        "5": 0.3473488688468933,
        "6": 0.3458659052848816,
        "7": 0.34270405769348145,
        "8": 0.32880085706710815,
        "9": 0.3271160423755646
    },
    "256": {
        "0": 0.39865928888320923,
        "1": 0.3909146189689636,
        "2": 0.39023274183273315,
        "3": 0.38806167244911194,
        "4": 0.38477540016174316,
        "5": 0.384670227766037,
        "6": 0.37316691875457764,
        "7": 0.36732950806617737,
        "8": 0.36548158526420593,
        "9": 0.3650120496749878
    },
    "272": {
        "0": 0.3738107681274414,
        "1": 0.3722476363182068,
        "2": 0.37211301922798157,
        "3": 0.37201547622680664,
        "4": 0.36450621485710144,
        "5": 0.3625643253326416,
        "6": 0.35744360089302063,
        "7": 0.35456568002700806,
        "8": 0.35409900546073914,
        "9": 0.3510841429233551
    },
    "288": {
        "0": 0.3894391357898712,
        "1": 0.3891128897666931,
        "2": 0.38630783557891846,
        "3": 0.38405388593673706,
        "4": 0.38036075234413147,
        "5": 0.3799446225166321,
        "6": 0.37307828664779663,
        "7": 0.3690101206302643,
        "8": 0.36713746190071106,
        "9": 0.3646421432495117
    },
    "304": {
        "0": 0.38369959592819214,
        "1": 0.37958720326423645,
        "2": 0.36476418375968933,
        "3": 0.3639772832393646,
        "4": 0.3635820746421814,
        "5": 0.3598541021347046,
        "6": 0.35931938886642456,
        "7": 0.35515156388282776,
        "8": 0.35304903984069824,
        "9": 0.3509700894355774
    },
    "320": {
        "0": 0.3285869359970093,
        "1": 0.32832425832748413,
        "2": 0.31857264041900635,
        "3": 0.3156971037387848,
        "4": 0.31008949875831604,
        "5": 0.30941158533096313,
        "6": 0.3085692226886749,
        "7": 0.30851370096206665,
        "8": 0.30621257424354553,
        "9": 0.304657518863678
    }
}