{
    "0": {
        "0": 0.41079065203666687,
        "1": 0.40386083722114563,
        "2": 0.4023253619670868,
        "3": 0.40214547514915466,
        "4": 0.40166518092155457,
        "5": 0.3954164683818817,
        "6": 0.3951023817062378,
        "7": 0.39280712604522705,
        "8": 0.3873092532157898,
        "9": 0.38443347811698914
    },
    "16": {
        "0": 0.4184066653251648,
        "1": 0.4170069396495819,
        "2": 0.4055659770965576,
        "3": 0.40440627932548523,
        "4": 0.4043963551521301,
        "5": 0.40329810976982117,
        "6": 0.40111789107322693,
        "7": 0.39994752407073975,
        "8": 0.3938637375831604,
        "9": 0.39340439438819885
    },
    "32": {
        "0": 0.4179140031337738,
        "1": 0.41568538546562195,
        "2": 0.4116894602775574,
        "3": 0.41001978516578674,
        "4": 0.40848293900489807,
        "5": 0.4078896939754486,
        "6": 0.40224355459213257,
        "7": 0.4003886282444,
        "8": 0.39957746863365173,
        "9": 0.3980517089366913
    },
    "48": {
        "0": 0.4132229685783386,
        "1": 0.40961337089538574,
        "2": 0.4086902439594269,
        "3": 0.40798231959342957,
        "4": 0.4039357304573059,
        "5": 0.40192535519599915,
        "6": 0.4006631374359131,
        "7": 0.3983989357948303,
        "8": 0.39765071868896484,
        "9": 0.39742013812065125
    },
    "64": {
        "0": 0.3958313763141632,
        "1": 0.39135223627090454,
        "2": 0.3868934214115143,
        "3": 0.38654765486717224,
        "4": 0.3858013153076172,
        "5": 0.3854047656059265,
        "6": 0.38535282015800476,
        "7": 0.38347938656806946,
        "8": 0.3829869031906128,
        "9": 0.38142865896224976
    },
    "80": {
        "0": 0.42897188663482666,
        "1": 0.4244573712348938,
        "2": 0.42175042629241943,
        "3": 0.4181519150733948,
        "4": 0.4155486822128296,
        "5": 0.41553795337677,
        "6": 0.4119449555873871,
        "7": 0.41159701347351074,
        "8": 0.4098776876926422,
        "9": 0.40987518429756165
    },
    "96": {
        "0": 0.36816155910491943,
        "1": 0.3649972081184387,
        "2": 0.3642902970314026,
        "3": 0.36017724871635437,
        "4": 0.357683390378952,
        "5": 0.3548639714717865,
        "6": 0.354548841714859,
        "7": 0.353982537984848,
        "8": 0.3539680242538452,
        "9": 0.3537573516368866
    },
    "112": {
        "0": 0.4246373176574707,
        "1": 0.42421194911003113,
        "2": 0.4234711527824402,
        "3": 0.4224533438682556,
        "4": 0.41903218626976013,
        "5": 0.4152081310749054,
        "6": 0.4110319912433624,
        "7": 0.4069054424762726,
        "8": 0.4065706729888916,
        "9": 0.4024500548839569
    },
    "128": {
        "0": 0.3584958016872406,
        "1": 0.3549048602581024,
        "2": 0.35449716448783875,
        "3": 0.3503434658050537,
        "4": 0.3474957346916199,
        "5": 0.34647202491760254,
        "6": 0.34408140182495117,
        "7": 0.3432111144065857,
        "8": 0.342442125082016,
        "9": 0.3422934412956238
    },
    "144": {
        "0": 0.41467732191085815,
        "1": 0.40641361474990845,
        "2": 0.40588897466659546,
        "3": 0.4031766951084137,
        "4": 0.4025433659553528,
        "5": 0.3984050154685974,
        "6": 0.39205116033554077,
        "7": 0.39092037081718445,
        "8": 0.38911721110343933,
        "9": 0.3884807229042053
    },
    "160": {
        "0": 0.3739319145679474,
        "1": 0.3699684143066406,
        "2": 0.36865976452827454,
        "3": 0.3668614327907562,
        "4": 0.3653238117694855,
        "5": 0.3613135516643524,
        "6": 0.360404908657074,
        "7": 0.3598839044570923,
        "8": 0.3583228290081024,
        "9": 0.3578307628631592
    },
    "176": {
        "0": 0.4469413459300995,
        "1": 0.4428609311580658,
        "2": 0.4424722492694855,
        "3": 0.4403248727321625,
        "4": 0.43774083256721497,
        "5": 0.43678879737854004,
        "6": 0.43605682253837585,
        "7": 0.43417519330978394,
        "8": 0.4324159622192383,
        "9": 0.43087461590766907
    },
    "192": {
        "0": 0.4058007597923279,
        "1": 0.39320245385169983,
        "2": 0.3927302956581116,
        "3": 0.39235803484916687,
        "4": 0.3892216086387634,
        "5": 0.38608992099761963,
        "6": 0.3828588128089905,
        "7": 0.37929436564445496,
        "8": 0.37855038046836853,
        "9": 0.37828877568244934
    },
    "208": {
        "0": 0.425651490688324,
        "1": 0.41990870237350464,
        "2": 0.4107747972011566,
        "3": 0.41055983304977417,
        "4": 0.41017165780067444,
        "5": 0.4044608473777771,
        "6": 0.40408656001091003,
        "7": 0.4034039378166199,
        "8": 0.40280112624168396,
        "9": 0.4021110534667969
    },
    "224": {
        "0": 0.4140520393848419,
        "1": 0.4135230779647827,
        "2": 0.4119423031806946,
        "3": 0.4108850359916687,
        "4": 0.4097353518009186,
        "5": 0.40738171339035034,
        "6": 0.3957526683807373,
        "7": 0.39279884099960327,
        "8": 0.39156630635261536,
        "9": 0.38800615072250366
    },
    "240": {
        "0": 0.3999602496623993,
        "1": 0.3997653126716614,
        "2": 0.3956450819969177,
        "3": 0.39443397521972656,
        "4": 0.38418757915496826,
        "5": 0.37646690011024475,
        "6": 0.3744092881679535,
        "7": 0.37213316559791565,
        "8": 0.3720369338989258,
        "9": 0.3720099627971649
    },
    "256": {
        "0": 0.4362829327583313,
        "1": 0.4300174415111542,
        "2": 0.42814937233924866,
        "3": 0.42665567994117737,
        "4": 0.4232649505138397,
        "5": 0.4183148145675659,
        "6": 0.4156721830368042,
        "7": 0.41493523120880127,
        "8": 0.4149065315723419,
        "9": 0.4146117866039276
    },
    "272": {
        "0": 0.36714109778404236,
        "1": 0.349510133266449,
        "2": 0.3482610285282135,
        "3": 0.3469788730144501,
        "4": 0.3446589410305023,
        "5": 0.34048590064048767,
        "6": 0.3397231698036194,
        "7": 0.33968815207481384,
        "8": 0.3384237587451935,
        "9": 0.337035208940506
    },
    "288": {
        "0": 0.3020476698875427,
        "1": 0.29779714345932007,
        "2": 0.2973720133304596,
        "3": 0.29553163051605225,
        "4": 0.294168621301651,
        "5": 0.2933206558227539,
        "6": 0.29212692379951477,
        "7": 0.29198694229125977,
        "8": 0.2899434566497803,
        "9": 0.2876633107662201
    },
    "304": {
        "0": 0.3523707687854767,
        "1": 0.3487001657485962,
        "2": 0.3400700092315674,
        "3": 0.34005099534988403,
        "4": 0.33871859312057495,
        "5": 0.3363952934741974,
        "6": 0.3357245624065399,
        "7": 0.33503589034080505,
        "8": 0.33454999327659607,
        "9": 0.3345140516757965
    },
    "320": {
        "0": 0.37857577204704285,
        "1": 0.3665142357349396,
        "2": 0.3644183874130249,
        "3": 0.36421138048171997,
        "4": 0.3633641004562378,
        "5": 0.36191123723983765,
        "6": 0.3600555658340454,
        "7": 0.3590707778930664,
        "8": 0.35794633626937866,
        "9": 0.35712286829948425
    },
    "336": {
        "0": 0.3691219389438629,
        "1": 0.3673822283744812,
        "2": 0.363221675157547,
        "3": 0.3629426658153534,
        "4": 0.3602360486984253,
        "5": 0.35890883207321167,
        "6": 0.358870267868042,
        "7": 0.3587021231651306,
        "8": 0.3573524057865143,
        "9": 0.3565651476383209
    },
    "352": {
        "0": 0.4221229553222656,
        "1": 0.4167335033416748,
        "2": 0.4098151922225952,
        "3": 0.40487825870513916,
        "4": 0.39692723751068115,
        "5": 0.3941403031349182,
        "6": 0.39224085211753845,