{
    "0": {
        "0": 0.2908005118370056,
        "1": 0.2521316111087799,
        "2": 0.24973076581954956,
        "3": 0.23880600929260254,
        "4": 0.22814366221427917,
        "5": 0.2220836579799652,
        "6": 0.21738475561141968,
        "7": 0.21499356627464294,
        "8": 0.21267394721508026,
        "9": 0.21123771369457245
    },
    "16": {
        "0": 0.3394308388233185,
        "1": 0.31606554985046387,
        "2": 0.30161914229393005,
        "3": 0.2893438935279846,
        "4": 0.2749776244163513,
        "5": 0.2687307596206665,
        "6": 0.2623978853225708,
        "7": 0.25376230478286743,
        "8": 0.2536965012550354,
        "9": 0.2440660446882248
    },
    "32": {
        "0": 0.2801883816719055,
        "1": 0.24128113687038422,
        "2": 0.23214177787303925,
        "3": 0.2318948656320572,
        "4": 0.21261294186115265,
        "5": 0.20663148164749146,
        "6": 0.20546187460422516,
        "7": 0.2008013278245926,
        "8": 0.20063982903957367,
        "9": 0.20050761103630066
    },
    "48": {
        "0": 0.31450167298316956,
        "1": 0.290149986743927,
        "2": 0.2646600306034088,
        "3": 0.2633563280105591,
        "4": 0.2541329860687256,
        "5": 0.24558328092098236,
        "6": 0.24243830144405365,
        "7": 0.2418675273656845,
        "8": 0.23824110627174377,
        "9": 0.23807741701602936
    },
    "64": {
        "0": 0.3424668610095978,
        "1": 0.34234678745269775,
        "2": 0.30496981739997864,
        "3": 0.299008309841156,
        "4": 0.29550111293792725,
        "5": 0.2906947433948517,
        "6": 0.2833821177482605,
        "7": 0.2683897614479065,
        "8": 0.2628345787525177,
        "9": 0.2614043951034546
    },
    "80": {
        "0": 0.35791701078414917,
        "1": 0.3380729556083679,
        "2": 0.3051038980484009,
        "3": 0.29842275381088257,
        "4": 0.28038766980171204,
        "5": 0.2800036668777466,
        "6": 0.2789245843887329,
        "7": 0.27384305000305176,
        "8": 0.26914918422698975,
        "9": 0.2653335928916931
    },
    "96": {
        "0": 0.353640079498291,
        "1": 0.33080819249153137,
        "2": 0.29291144013404846,
        "3": 0.2905682325363159,
        "4": 0.27448442578315735,
        "5": 0.2734651267528534,
        "6": 0.2734425663948059,
        "7": 0.26356518268585205,
        "8": 0.2614189386367798,
        "9": 0.2608507573604584
    },
    "112": {
        "0": 0.362064927816391,
        "1": 0.34995996952056885,
        "2": 0.31839367747306824,
        "3": 0.3132731318473816,
        "4": 0.30717018246650696,
        "5": 0.30304840207099915,
        "6": 0.2965899407863617,
        "7": 0.29010462760925293,
        "8": 0.2881093919277191,
        "9": 0.2841254472732544
    },
    "128": {
        "0": 0.37535208463668823,
        "1": 0.3688809871673584,
        "2": 0.343088835477829,
        "3": 0.32544976472854614,
        "4": 0.3012849986553192,
        "5": 0.29779908061027527,
        "6": 0.2975865304470062,
        "7": 0.29655808210372925,
        "8": 0.29087015986442566,
        "9": 0.28887277841567993
    },
    "144": {
        "0": 0.37393492460250854,
        "1": 0.3585982024669647,
        "2": 0.3309524357318878,
        "3": 0.32836923003196716,
        "4": 0.3272033631801605,
        "5": 0.32554736733436584,
        "6": 0.32428744435310364,
        "7": 0.3219176232814789,
        "8": 0.3212621212005615,
        "9": 0.3142741918563843
    },
    "160": {
        "0": 0.34975144267082214,
        "1": 0.3179468512535095,
        "2": 0.3109341263771057,
        "3": 0.29299724102020264,
        "4": 0.2843998074531555,
        "5": 0.2836161255836487,
        "6": 0.28203684091567993,
        "7": 0.27820852398872375,
        "8": 0.277585506439209,
        "9": 0.26424911618232727
    },
    "176": {
        "0": 0.3602069020271301,
        "1": 0.3484889268875122,
        "2": 0.32877853512763977,
        "3": 0.316073477268219,
        "4": 0.3072313666343689,
        "5": 0.2941182851791382,
        "6": 0.28240373730659485,
        "7": 0.26705771684646606,
        "8": 0.26645490527153015,
        "9": 0.2642042934894562
    },
    "192": {
        "0": 0.30644863843917847,
        "1": 0.2850989103317261,
        "2": 0.28206396102905273,
        "3": 0.28129154443740845,
        "4": 0.2673162817955017,
        "5": 0.2585533857345581,
        "6": 0.2556559443473816,
        "7": 0.2506773769855499,
        "8": 0.2496747076511383,
        "9": 0.248579204082489
    },
    "208": {
        "0": 0.34757280349731445,
        "1": 0.34612464904785156,
        "2": 0.3450292944908142,
        "3": 0.33774033188819885,
        "4": 0.3361532986164093,
        "5": 0.333394318819046,
        "6": 0.32596808671951294,
        "7": 0.32330867648124695,
        "8": 0.3138357996940613,
        "9": 0.3122544586658478
    },
    "224": {
        "0": 0.3428933322429657,
        "1": 0.32712307572364807,
        "2": 0.31001949310302734,
        "3": 0.2921440601348877,
        "4": 0.28618186712265015,
        "5": 0.2857632040977478,
        "6": 0.26957106590270996,
        "7": 0.26925769448280334,
        "8": 0.2631053924560547,
        "9": 0.2611808478832245
    },
    "240": {
        "0": 0.40905144810676575,
        "1": 0.39322611689567566,
        "2": 0.38200250267982483,
        "3": 0.35359659790992737,
        "4": 0.35334765911102295,
        "5": 0.35147175192832947,
        "6": 0.3484523594379425,
        "7": 0.3470270037651062,
        "8": 0.33994537591934204,
        "9": 0.33908867835998535
    },
    "256": {
        "0": 0.25750595331192017,
        "1": 0.2480136752128601,
        "2": 0.21654967963695526,
        "3": 0.19087277352809906,
        "4": 0.18168146908283234,
        "5": 0.11889199167490005,
        "6": 0.11568775773048401,
        "7": 0.11509057879447937,
        "8": 0.11509057879447937,
        "9": 0.11509057879447937
    },
    "272": {
        "0": 0.26519083976745605,
        "1": 0.2521079182624817,
        "2": 0.24180704355239868,
        "3": 0.23300513625144958,
        "4": 0.20460954308509827,
        "5": 0.18007026612758636,
        "6": 0.17832084000110626,
        "7": 0.15229208767414093,
        "8": 0.14861533045768738,
        "9": 0.1479661911725998
    },
    "288": {
        "0": 0.23225848376750946,
        "1": 0.2072388231754303,
        "2": 0.20580796897411346,
        "3": 0.18941283226013184,
        "4": 0.16230042278766632,
        "5": 0.15041694045066833,
        "6": 0.14797742664813995,
        "7": 0.13073422014713287,
        "8": 0.12553691864013672,
        "9": 0.12395378202199936
    },
    "304": {
        "0": 0.31023526191711426,
        "1": 0.3057853579521179,
        "2": 0.2687177062034607,
        "3": 0.252545028924942,
        "4": 0.23918448388576508,
        "5": 0.1608380675315857,
        "6": 0.15945354104042053,
        "7": 0.15829038619995117,
        "8": 0.14985644817352295,
        "9": 0.14976122975349426
    },
    "320": {
        "0": 0.30839803814888,
        "1": 0.29587528109550476,
        "2": 0.2692317068576813,
        "3": 0.2595616281032562,
        "4": 0.24811334908008575,
        "5": 0.20390282571315765,
        "6": 0.19372054934501648,
        "7": 0.1784222573041916,
        "8": 0.16369682550430298,
        "9": 0.16202567517757416
    },
    "336": {
        "0": 0.3185938000679016,
        "1": 0.3028550446033478,
        "2": 0.2714829742908478,
        "3": 0.2611026465892792,
        "4": 0.2539592981338501,
        "5": 0.2013474404811859,
        "6": 0.1898948699235916,
        "7": 0.1759340614080429,
        "8": 0.1561252623796463,
        "9": 0.1515830159187317
    },
    "352": {
        "0": 0.307768315076828,
        "1": 0.3067137598991394,
        "2": 0.273668497800827,
        "3": 0.24608540534973145,
        "4": 0.2457231879234314,
        "5": 0.16737419366836548,