{
    "0": {
        "0": 0.4094320833683014,
        "1": 0.39011162519454956,
        "2": 0.38968637585639954,
        "3": 0.3872802257537842,
        "4": 0.3865205943584442,
        "5": 0.3845648765563965,
        "6": 0.37437745928764343,
        "7": 0.3685322701931,
        "8": 0.366717129945755,
        "9": 0.3656081557273865
    },
    "16": {
        "0": 0.4089430868625641,
        "1": 0.3888815641403198,
        "2": 0.38701534271240234,
        "3": 0.3794645369052887,
        "4": 0.37890100479125977,
        "5": 0.3752084970474243,
        "6": 0.37466177344322205,
        "7": 0.36984336376190186,
        "8": 0.3692518174648285,
        "9": 0.3690395653247833
    },
    "32": {
        "0": 0.37182849645614624,
        "1": 0.3618622124195099,
        "2": 0.35312116146087646,
        "3": 0.3530736267566681,
        "4": 0.35165315866470337,
        "5": 0.3468421697616577,
        "6": 0.34223252534866333,
        "7": 0.3405553996562958,
        "8": 0.34029853343963623,
        "9": 0.33882901072502136
    },
    "48": {
        "0": 0.3711526393890381,
        "1": 0.366604208946228,
        "2": 0.3584168255329132,
        "3": 0.3498849868774414,
        "4": 0.34739360213279724,
        "5": 0.341748982667923,
        "6": 0.3362636864185333,
        "7": 0.3332235515117645,
        "8": 0.3318318724632263,
        "9": 0.3305284380912781
    },
    "64": {
        "0": 0.3586752414703369,
        "1": 0.3462432324886322,
        "2": 0.3420049548149109,
        "3": 0.33928242325782776,
        "4": 0.33883431553840637,
        "5": 0.33620885014533997,
        "6": 0.3266904354095459,
        "7": 0.3182525336742401,
        "8": 0.3181500732898712,
        "9": 0.31784626841545105
    },
    "80": {
        "0": 0.3306555449962616,
        "1": 0.3210318982601166,
        "2": 0.3187974691390991,
        "3": 0.3169863820075989,
        "4": 0.31405097246170044,
        "5": 0.30695027112960815,
        "6": 0.30155161023139954,
        "7": 0.3002053499221802,
        "8": 0.2977873384952545,
        "9": 0.29654911160469055
    },
    "96": {
        "0": 0.3752397894859314,
        "1": 0.3721114993095398,
        "2": 0.3703390955924988,
        "3": 0.35541409254074097,
        "4": 0.35516995191574097,
        "5": 0.3511555790901184,
        "6": 0.3494317829608917,
        "7": 0.3484356105327606,
        "8": 0.34808722138404846,
        "9": 0.3467457890510559
    },
    "112": {
        "0": 0.3591943681240082,
        "1": 0.3495618999004364,
        "2": 0.3454757332801819,
        "3": 0.34448322653770447,
        "4": 0.3414687216281891,
        "5": 0.3363143801689148,
        "6": 0.32694971561431885,
        "7": 0.3262769877910614,
        "8": 0.3248109817504883,
        "9": 0.3237340450286865
    },
    "128": {
        "0": 0.3773772716522217,
        "1": 0.3734227418899536,
        "2": 0.364679753780365,
        "3": 0.3626300096511841,
        "4": 0.3543686866760254,
        "5": 0.3516322076320648,
        "6": 0.3506341576576233,
        "7": 0.3497389853000641,
        "8": 0.34174644947052,
        "9": 0.3399069607257843
    },
    "144": {
        "0": 0.315170019865036,
        "1": 0.2976422905921936,
        "2": 0.29295411705970764,
        "3": 0.29209524393081665,
        "4": 0.2858309745788574,
        "5": 0.28470900654792786,
        "6": 0.28051820397377014,
        "7": 0.27829572558403015,
        "8": 0.27811601758003235,
        "9": 0.2767489552497864
    },
    "160": {
        "0": 0.4235711991786957,
        "1": 0.4108869135379791,
        "2": 0.39933833479881287,
        "3": 0.394476979970932,
        "4": 0.3885411322116852,
        "5": 0.3828439712524414,
        "6": 0.3822580873966217,
        "7": 0.38028475642204285,
        "8": 0.3791634142398834,
        "9": 0.37456029653549194
    },
    "176": {
        "0": 0.38675788044929504,
        "1": 0.38665440678596497,
        "2": 0.3737843930721283,
        "3": 0.37022238969802856,
        "4": 0.3696429133415222,
        "5": 0.36437270045280457,
        "6": 0.3642111122608185,
        "7": 0.36300763487815857,
        "8": 0.36079922318458557,
        "9": 0.3603653609752655
    },
    "192": {
        "0": 0.42061281204223633,
        "1": 0.4204843044281006,
        "2": 0.4087705612182617,
        "3": 0.40710726380348206,
        "4": 0.3975765109062195,
        "5": 0.3960329592227936,
        "6": 0.39319610595703125,
        "7": 0.39280688762664795,
        "8": 0.3919439911842346,
        "9": 0.38958069682121277
    },
    "208": {
        "0": 0.37972116470336914,
        "1": 0.37946733832359314,
        "2": 0.3664080798625946,
        "3": 0.366084486246109,
        "4": 0.36477816104888916,
        "5": 0.3643455505371094,
        "6": 0.3631940484046936,
        "7": 0.3596358895301819,
        "8": 0.35936054587364197,
        "9": 0.3524089455604553
    },
    "224": {
        "0": 0.40481802821159363,
        "1": 0.3993396759033203,
        "2": 0.39271023869514465,
        "3": 0.38895276188850403,
        "4": 0.3889085352420807,
        "5": 0.38652893900871277,
        "6": 0.38452857732772827,
        "7": 0.38257861137390137,
        "8": 0.38243675231933594,
        "9": 0.37910038232803345
    },
    "240": {
        "0": 0.32643717527389526,
        "1": 0.32635942101478577,
        "2": 0.32278338074684143,
        "3": 0.31429827213287354,
        "4": 0.31176114082336426,
        "5": 0.31084001064300537,
        "6": 0.3105889558792114,
        "7": 0.309862345457077,
        "8": 0.30746427178382874,
        "9": 0.29914236068725586
    },
    "256": {
        "0": 0.393631249666214,
        "1": 0.3877984881401062,
        "2": 0.38495272397994995,
        "3": 0.3799416124820709,
        "4": 0.3748747408390045,
        "5": 0.3748340606689453,
        "6": 0.3721148371696472,
        "7": 0.3710787296295166,
        "8": 0.37008363008499146,
        "9": 0.37007802724838257
    },
    "272": {
        "0": 0.3390212953090668,
        "1": 0.33828020095825195,
        "2": 0.33658212423324585,
        "3": 0.32432329654693604,
        "4": 0.32089313864707947,
        "5": 0.3204009532928467,
        "6": 0.3166998624801636,
        "7": 0.31664133071899414,
        "8": 0.316334992647171,
        "9": 0.3094766438007355
    },
    "288": {
        "0": 0.3028278052806854,
        "1": 0.2940026819705963,
        "2": 0.28618258237838745,
        "3": 0.284488707780838,
        "4": 0.28321757912635803,
        "5": 0.2825510501861572,
        "6": 0.2811192572116852,
        "7": 0.28097274899482727,
        "8": 0.28025662899017334,
        "9": 0.2651121914386749
    },
    "304": {
        "0": 0.3265033960342407,
        "1": 0.31275588274002075,
        "2": 0.3096935749053955,
        "3": 0.3081069588661194,
        "4": 0.30087268352508545,
        "5": 0.2984667718410492,
        "6": 0.29772138595581055,
        "7": 0.2960222661495209,
        "8": 0.29569974541664124,
        "9": 0.2909802198410034
    },
    "320": {
        "0": 0.3144845962524414,
        "1": 0.3127587139606476,
        "2": 0.3104175329208374,
        "3": 0.3034704923629761,
        "4": 0.3027758300304413,
        "5": 0.2969496250152588,
        "6": 0.2952510118484497,
        "7": 0.2951565980911255,
        "8": 0.29147323966026306,
        "9": 0.2899906039237976
    },
    "336": {
        "0": 0.40150386095046997,
        "1": 0.3947117328643799,
        "2": 0.39237678050994873,
        "3": 0.3921237885951996,
        "4": 0.3914323151111603,
        "5": 0.3848707973957062,
        "6": 0.36020946502685547,
        "7": 0.3556579351425171,
        "8": 0.33434557914733887,
        "9": 0.33160296082496643
    },
    "352": {
        "0": 0.3416935205459595,
        "1": 0.3377368152141571,
        "2": 0.32961055636405945,
        "3": 0.32921546697616577,
        "4": 0.3278178870677948,
        "5": 0.32564404606819153,
        "6": 0.2787618339061737,