{
    "0": {
        "0": 0.4046841263771057,
        "1": 0.40257200598716736,
        "2": 0.3943058252334595,
        "3": 0.3936898112297058,
        "4": 0.38585931062698364,
        "5": 0.3855043947696686,
        "6": 0.38548827171325684,
        "7": 0.38354429602622986,
        "8": 0.3835378885269165,
        "9": 0.38156524300575256
    },
    "16": {
        "0": 0.4025976061820984,
        "1": 0.4011616110801697,
        "2": 0.39175140857696533,
        "3": 0.38839417695999146,
        "4": 0.38147515058517456,
        "5": 0.37947672605514526,
        "6": 0.37853801250457764,
        "7": 0.3781733512878418,
        "8": 0.37815526127815247,
        "9": 0.37786343693733215
    },
    "32": {
        "0": 0.3935268521308899,
        "1": 0.3917092978954315,
        "2": 0.3827064037322998,
        "3": 0.3823021352291107,
        "4": 0.3730185925960541,
        "5": 0.3720012605190277,
        "6": 0.37139344215393066,
        "7": 0.370912104845047,
        "8": 0.37026292085647583,
        "9": 0.37007689476013184
    },
    "48": {
        "0": 0.3993891775608063,
        "1": 0.39555659890174866,
        "2": 0.38632720708847046,
        "3": 0.3846006691455841,
        "4": 0.3753787875175476,
        "5": 0.37460795044898987,
        "6": 0.3741554021835327,
        "7": 0.37347424030303955,
        "8": 0.3732096552848816,
        "9": 0.372843474149704
    },
    "64": {
        "0": 0.4087201952934265,
        "1": 0.4051203727722168,
        "2": 0.39741066098213196,
        "3": 0.3953840136528015,
        "4": 0.3863997459411621,
        "5": 0.3850977420806885,
        "6": 0.38455379009246826,
        "7": 0.38392242789268494,
        "8": 0.3838720917701721,
        "9": 0.3833923637866974
    },
    "80": {
        "0": 0.4018282890319824,
        "1": 0.4007015526294708,
        "2": 0.3872254192829132,
        "3": 0.3854002356529236,
        "4": 0.37979745864868164,
        "5": 0.3794567883014679,
        "6": 0.3763386309146881,
        "7": 0.37465596199035645,
        "8": 0.3745975196361542,
        "9": 0.3733707368373871
    },
    "96": {
        "0": 0.40946492552757263,
        "1": 0.4086839258670807,
        "2": 0.39322665333747864,
        "3": 0.3910701870918274,
        "4": 0.38430050015449524,
        "5": 0.38304609060287476,
        "6": 0.3824218213558197,
        "7": 0.379888653755188,
        "8": 0.37690475583076477,
        "9": 0.37666770815849304
    },
    "112": {
        "0": 0.41745179891586304,
        "1": 0.41691145300865173,
        "2": 0.4029864966869354,
        "3": 0.3960166871547699,
        "4": 0.3931916058063507,
        "5": 0.39271441102027893,
        "6": 0.39242085814476013,
        "7": 0.3867908716201782,
        "8": 0.3856596350669861,
        "9": 0.385017454624176
    },
    "128": {
        "0": 0.40073972940444946,
        "1": 0.39947509765625,
        "2": 0.3799111247062683,
        "3": 0.37910160422325134,
        "4": 0.3754447400569916,
        "5": 0.3743681013584137,
        "6": 0.37315133213996887,
        "7": 0.3721217215061188,
        "8": 0.37123480439186096,
        "9": 0.3696891963481903
    },
    "144": {
        "0": 0.41044947504997253,
        "1": 0.40697675943374634,
        "2": 0.3950830399990082,
        "3": 0.38639089465141296,
        "4": 0.3853147625923157,
        "5": 0.383661150932312,
        "6": 0.38244301080703735,
        "7": 0.3822780251502991,
        "8": 0.37964728474617004,
        "9": 0.37851405143737793
    },
    "160": {
        "0": 0.4173904061317444,
        "1": 0.41440486907958984,
        "2": 0.4037202298641205,
        "3": 0.4028448760509491,
        "4": 0.4004008173942566,
        "5": 0.39699098467826843,
        "6": 0.3940560817718506,
        "7": 0.39031848311424255,
        "8": 0.38807064294815063,
        "9": 0.38718312978744507
    },
    "176": {
        "0": 0.4221237301826477,
        "1": 0.4188143014907837,
        "2": 0.4165724813938141,
        "3": 0.41158175468444824,
        "4": 0.408766508102417,
        "5": 0.4079783260822296,
        "6": 0.4071776270866394,
        "7": 0.40357857942581177,
        "8": 0.40271344780921936,
        "9": 0.39984461665153503
    },
    "192": {
        "0": 0.40191391110420227,
        "1": 0.40098753571510315,
        "2": 0.400967538356781,
        "3": 0.39350321888923645,
        "4": 0.3932205140590668,
        "5": 0.38936182856559753,
        "6": 0.38888534903526306,
        "7": 0.38628557324409485,
        "8": 0.38276591897010803,
        "9": 0.38188672065734863
    },
    "208": {
        "0": 0.4042690694332123,
        "1": 0.40319520235061646,
        "2": 0.3951376676559448,
        "3": 0.39264437556266785,
        "4": 0.3890596032142639,
        "5": 0.3889189660549164,
        "6": 0.3809428811073303,
        "7": 0.3796254098415375,
        "8": 0.37923383712768555,
        "9": 0.37633785605430603
    },
    "224": {
        "0": 0.4219192564487457,
        "1": 0.42074504494667053,
        "2": 0.4167899787425995,
        "3": 0.4100087881088257,
        "4": 0.4070890545845032,
        "5": 0.39939507842063904,
        "6": 0.3993750214576721,
        "7": 0.39873504638671875,
        "8": 0.3986501693725586,
        "9": 0.3928419053554535
    },
    "240": {
        "0": 0.39748871326446533,
        "1": 0.39455240964889526,
        "2": 0.39240527153015137,
        "3": 0.38893914222717285,
        "4": 0.38538089394569397,
        "5": 0.38109642267227173,
        "6": 0.3806335926055908,
        "7": 0.3803611695766449,
        "8": 0.37984511256217957,
        "9": 0.3784657418727875
    },
    "256": {
        "0": 0.39156559109687805,
        "1": 0.3884020447731018,
        "2": 0.38231363892555237,
        "3": 0.3818841576576233,
        "4": 0.38069766759872437,
        "5": 0.38018137216567993,
        "6": 0.38015785813331604,
        "7": 0.37785518169403076,
        "8": 0.3747102618217468,
        "9": 0.37338149547576904
    },
    "272": {
        "0": 0.41892576217651367,
        "1": 0.413665235042572,
        "2": 0.4116688370704651,
        "3": 0.40849924087524414,
        "4": 0.40500831604003906,
        "5": 0.4049842953681946,
        "6": 0.40449678897857666,
        "7": 0.4030015766620636,
        "8": 0.4016851484775543,
        "9": 0.401090532541275
    },
    "288": {
        "0": 0.43777748942375183,
        "1": 0.4365302324295044,
        "2": 0.42279964685440063,
        "3": 0.4212585687637329,
        "4": 0.42120638489723206,
        "5": 0.4165908992290497,
        "6": 0.41486555337905884,
        "7": 0.40832799673080444,
        "8": 0.40612635016441345,
        "9": 0.40493765473365784
    },
    "304": {
        "0": 0.4285852611064911,
        "1": 0.4253275692462921,
        "2": 0.41372716426849365,
        "3": 0.410707026720047,
        "4": 0.4048457443714142,
        "5": 0.40237748622894287,
        "6": 0.39955922961235046,
        "7": 0.3950291872024536,
        "8": 0.39224812388420105,
        "9": 0.3909701704978943
    },
    "320": {
        "0": 0.43668311834335327,
        "1": 0.43659529089927673,
        "2": 0.42176583409309387,
        "3": 0.41632020473480225,
        "4": 0.4160967171192169,
        "5": 0.4156307578086853,
        "6": 0.41214650869369507,
        "7": 0.4113410711288452,
        "8": 0.4101061522960663,
        "9": 0.40858975052833557
    },
    "336": {
        "0": 0.42509233951568604,
        "1": 0.42186692357063293,
        "2": 0.4081522822380066,
        "3": 0.40355032682418823,
        "4": 0.39872556924819946,
        "5": 0.39845097064971924,
        "6": 0.3967622220516205,
        "7": 0.39620906114578247,
        "8": 0.39578503370285034,
        "9": 0.39516639709472656
    },
    "352": {
        "0": 0.43004941940307617,
        "1": 0.42745229601860046,
        "2": 0.4160710573196411,
        "3": 0.4134537875652313,
        "4": 0.41259315609931946,
        "5": 0.410916268825531,