{
    "0": {
        "0": 0.3878833055496216,
        "1": 0.38124117255210876,
        "2": 0.37919875979423523,
        "3": 0.3788681626319885,
        "4": 0.37642791867256165,
        "5": 0.37124672532081604,
        "6": 0.3700719177722931,
        "7": 0.3668518662452698,
        "8": 0.36417078971862793,
        "9": 0.3633904755115509
    },
    "16": {
        "0": 0.38976460695266724,
        "1": 0.38512882590293884,
        "2": 0.38151922821998596,
        "3": 0.3813856542110443,
        "4": 0.3813638985157013,
        "5": 0.3753790259361267,
        "6": 0.37453120946884155,
        "7": 0.3738270401954651,
        "8": 0.36660999059677124,
        "9": 0.36510008573532104
    },
    "32": {
        "0": 0.3898226320743561,
        "1": 0.3888968527317047,
        "2": 0.3839685916900635,
        "3": 0.3830156624317169,
        "4": 0.3829685151576996,
        "5": 0.3796398639678955,
        "6": 0.3780405521392822,
        "7": 0.37437155842781067,
        "8": 0.37033316493034363,
        "9": 0.36447328329086304
    },
    "48": {
        "0": 0.38715696334838867,
        "1": 0.38351529836654663,
        "2": 0.3822617530822754,
        "3": 0.38036954402923584,
        "4": 0.37695449590682983,
        "5": 0.3748084604740143,
        "6": 0.37309321761131287,
        "7": 0.3694486916065216,
        "8": 0.36577916145324707,
        "9": 0.3646045923233032
    },
    "64": {
        "0": 0.36078375577926636,
        "1": 0.3578203320503235,
        "2": 0.3542604446411133,
        "3": 0.34902051091194153,
        "4": 0.34398600459098816,
        "5": 0.34339869022369385,
        "6": 0.3398241400718689,
        "7": 0.3305285573005676,
        "8": 0.32293128967285156,
        "9": 0.3188888132572174
    },
    "80": {
        "0": 0.3668391704559326,
        "1": 0.3548738956451416,
        "2": 0.3498741388320923,
        "3": 0.34651514887809753,
        "4": 0.33705124258995056,
        "5": 0.3356320858001709,
        "6": 0.33309054374694824,
        "7": 0.3213832378387451,
        "8": 0.3171508312225342,
        "9": 0.31074926257133484
    },
    "96": {
        "0": 0.3672854006290436,
        "1": 0.3552299439907074,
        "2": 0.3540193438529968,
        "3": 0.3407112658023834,
        "4": 0.34036022424697876,
        "5": 0.33551928400993347,
        "6": 0.33209240436553955,
        "7": 0.32585129141807556,
        "8": 0.32496604323387146,
        "9": 0.31493690609931946
    },
    "112": {
        "0": 0.3848731219768524,
        "1": 0.3817317485809326,
        "2": 0.3803647458553314,
        "3": 0.3767435848712921,
        "4": 0.3760688602924347,
        "5": 0.3697035610675812,
        "6": 0.3671628534793854,
        "7": 0.36506566405296326,
        "8": 0.36315253376960754,
        "9": 0.363005131483078
    },
    "128": {
        "0": 0.3777715265750885,
        "1": 0.37312138080596924,
        "2": 0.36672043800354004,
        "3": 0.3662566840648651,
        "4": 0.36625245213508606,
        "5": 0.3609274625778198,
        "6": 0.3544142544269562,
        "7": 0.34843239188194275,
        "8": 0.3474384546279907,
        "9": 0.3468848168849945
    },
    "144": {
        "0": 0.3844235837459564,
        "1": 0.36775660514831543,
        "2": 0.3673887550830841,
        "3": 0.3645806610584259,
        "4": 0.3591388761997223,
        "5": 0.35621848702430725,
        "6": 0.3483395278453827,
        "7": 0.3422866761684418,
        "8": 0.34163349866867065,
        "9": 0.3389960825443268
    },
    "160": {
        "0": 0.41326266527175903,
        "1": 0.372449666261673,
        "2": 0.36406609416007996,
        "3": 0.3635677099227905,
        "4": 0.3595624566078186,
        "5": 0.3536369800567627,
        "6": 0.35092633962631226,
        "7": 0.3478076457977295,
        "8": 0.3465054929256439,
        "9": 0.3451729118824005
    },
    "176": {
        "0": 0.4079478979110718,
        "1": 0.35561084747314453,
        "2": 0.35080549120903015,
        "3": 0.3500083386898041,
        "4": 0.34742480516433716,
        "5": 0.3469773530960083,
        "6": 0.3439638018608093,
        "7": 0.3366777002811432,
        "8": 0.33318647742271423,
        "9": 0.3259425163269043
    },
    "192": {
        "0": 0.38695210218429565,
        "1": 0.35853341221809387,
        "2": 0.3577534556388855,
        "3": 0.3573474884033203,
        "4": 0.3572269082069397,
        "5": 0.34957951307296753,
        "6": 0.34873202443122864,
        "7": 0.34142208099365234,
        "8": 0.33716610074043274,
        "9": 0.33661848306655884
    },
    "208": {
        "0": 0.38606470823287964,
        "1": 0.3623709976673126,
        "2": 0.35812506079673767,
        "3": 0.3539135754108429,
        "4": 0.3473097085952759,
        "5": 0.34507691860198975,
        "6": 0.3443028926849365,
        "7": 0.3384779095649719,
        "8": 0.3367302417755127,
        "9": 0.33403998613357544
    },
    "224": {
        "0": 0.3768378496170044,
        "1": 0.35663866996765137,
        "2": 0.3518596291542053,
        "3": 0.34694573283195496,
        "4": 0.34246382117271423,
        "5": 0.33713918924331665,
        "6": 0.33484578132629395,
        "7": 0.33246704936027527,
        "8": 0.331384539604187,
        "9": 0.32759106159210205
    },
    "240": {
        "0": 0.36705487966537476,
        "1": 0.3653055727481842,
        "2": 0.3633021414279938,
        "3": 0.36135217547416687,
        "4": 0.3613431453704834,
        "5": 0.3603954613208771,
        "6": 0.3582530915737152,
        "7": 0.35821449756622314,
        "8": 0.3453983664512634,
        "9": 0.3353751599788666
    },
    "256": {
        "0": 0.37498071789741516,
        "1": 0.3747367858886719,
        "2": 0.369674950838089,
        "3": 0.36654508113861084,
        "4": 0.3663513660430908,
        "5": 0.3656995892524719,
        "6": 0.365400493144989,
        "7": 0.361645370721817,
        "8": 0.35473769903182983,
        "9": 0.3467215895652771
    },
    "272": {
        "0": 0.3746641278266907,
        "1": 0.3729422092437744,
        "2": 0.3705753982067108,
        "3": 0.3681376576423645,
        "4": 0.36412057280540466,
        "5": 0.3638736307621002,
        "6": 0.36320894956588745,
        "7": 0.3626023232936859,
        "8": 0.35440927743911743,
        "9": 0.3508172631263733
    },
    "288": {
        "0": 0.36720046401023865,
        "1": 0.36412355303764343,
        "2": 0.36186882853507996,
        "3": 0.3604736924171448,
        "4": 0.35777148604393005,
        "5": 0.3542599081993103,
        "6": 0.35010454058647156,
        "7": 0.33754876255989075,
        "8": 0.3369530737400055,
        "9": 0.33672475814819336
    },
    "304": {
        "0": 0.36294442415237427,
        "1": 0.3588465750217438,
        "2": 0.3558540344238281,
        "3": 0.34938520193099976,
        "4": 0.33692166209220886,
        "5": 0.33597075939178467,
        "6": 0.33096620440483093,
        "7": 0.32349273562431335,
        "8": 0.3195730149745941,
        "9": 0.30190974473953247
    },
    "320": {
        "0": 0.3440978527069092,
        "1": 0.33761510252952576,
        "2": 0.3338681161403656,
        "3": 0.3275861442089081,
        "4": 0.3266652822494507,
        "5": 0.32325848937034607,
        "6": 0.3167189061641693,
        "7": 0.316376268863678,
        "8": 0.2910362482070923,
        "9": 0.28998345136642456
    },
    "336": {
        "0": 0.3311828076839447,
        "1": 0.32810837030410767,
        "2": 0.31714391708374023,
        "3": 0.31572896242141724,
        "4": 0.3081347644329071,
        "5": 0.3042551577091217,
        "6": 0.30312249064445496,
        "7": 0.2990899384021759,
        "8": 0.29518139362335205,
        "9": 0.2843455672264099
    },
    "352": {
        "0": 0.3628780245780945,
        "1": 0.3548312187194824,
        "2": 0.35223352909088135,
        "3": 0.3491807281970978,
        "4": 0.3428880572319031,
        "5": 0.33601394295692444,