{
    "0": {
        "0": 0.3483612835407257,
        "1": 0.3444063067436218,
        "2": 0.34253767132759094,
        "3": 0.3421437442302704,
        "4": 0.33957991003990173,
        "5": 0.33655548095703125,
        "6": 0.3354509174823761,
        "7": 0.3336620032787323,
        "8": 0.33165398240089417,
        "9": 0.3315843641757965
    },
    "16": {
        "0": 0.3511427938938141,
        "1": 0.3467380106449127,
        "2": 0.34562039375305176,
        "3": 0.3439043164253235,
        "4": 0.3433917164802551,
        "5": 0.3412116765975952,
        "6": 0.33269959688186646,
        "7": 0.3318910002708435,
        "8": 0.33178842067718506,
        "9": 0.3310664892196655
    },
    "32": {
        "0": 0.3803558647632599,
        "1": 0.3775864839553833,
        "2": 0.3751547336578369,
        "3": 0.37439781427383423,
        "4": 0.3718967139720917,
        "5": 0.37075039744377136,
        "6": 0.36758407950401306,
        "7": 0.36698421835899353,
        "8": 0.36440426111221313,
        "9": 0.3637116551399231
    },
    "48": {
        "0": 0.35600095987319946,
        "1": 0.3521803021430969,
        "2": 0.34015148878097534,
        "3": 0.3346751928329468,
        "4": 0.33388441801071167,
        "5": 0.333495557308197,
        "6": 0.33206039667129517,
        "7": 0.33066365122795105,
        "8": 0.3306041657924652,
        "9": 0.33057156205177307
    },
    "64": {
        "0": 0.3457750678062439,
        "1": 0.3426280617713928,
        "2": 0.34128230810165405,
        "3": 0.3330875337123871,
        "4": 0.3303488790988922,
        "5": 0.3249962031841278,
        "6": 0.3242432475090027,
        "7": 0.3192390501499176,
        "8": 0.316910058259964,
        "9": 0.3134443759918213
    },
    "80": {
        "0": 0.36897602677345276,
        "1": 0.3666686415672302,
        "2": 0.3647093176841736,
        "3": 0.35356226563453674,
        "4": 0.35228148102760315,
        "5": 0.3474583029747009,
        "6": 0.3472452163696289,
        "7": 0.34685325622558594,
        "8": 0.3464975357055664,
        "9": 0.3440062701702118
    },
    "96": {
        "0": 0.3353743851184845,
        "1": 0.334246426820755,
        "2": 0.33321595191955566,
        "3": 0.3234260082244873,
        "4": 0.32287299633026123,
        "5": 0.32132136821746826,
        "6": 0.3042306900024414,
        "7": 0.30356916785240173,
        "8": 0.3001650869846344,
        "9": 0.2955436408519745
    },
    "112": {
        "0": 0.39022019505500793,
        "1": 0.38757413625717163,
        "2": 0.38627445697784424,
        "3": 0.3833804428577423,
        "4": 0.3827807605266571,
        "5": 0.38241684436798096,
        "6": 0.3791460394859314,
        "7": 0.3791115880012512,
        "8": 0.37559062242507935,
        "9": 0.37469807267189026
    },
    "128": {
        "0": 0.31929540634155273,
        "1": 0.3114684820175171,
        "2": 0.3103903830051422,
        "3": 0.3103335499763489,
        "4": 0.3095934987068176,
        "5": 0.307545930147171,
        "6": 0.3038836717605591,
        "7": 0.30120089650154114,
        "8": 0.29286107420921326,
        "9": 0.2914173901081085
    },
    "144": {
        "0": 0.3150138258934021,
        "1": 0.30610325932502747,
        "2": 0.30545535683631897,
        "3": 0.3019692301750183,
        "4": 0.30149129033088684,
        "5": 0.3013407289981842,
        "6": 0.3007643520832062,
        "7": 0.2981196641921997,
        "8": 0.2974734306335449,
        "9": 0.2949379086494446
    },
    "160": {
        "0": 0.3425796329975128,
        "1": 0.3405231237411499,
        "2": 0.3382875919342041,
        "3": 0.33733221888542175,
        "4": 0.3348674476146698,
        "5": 0.32968294620513916,
        "6": 0.32923537492752075,
        "7": 0.3271588087081909,
        "8": 0.3193899989128113,
        "9": 0.31676188111305237
    },
    "176": {
        "0": 0.34819671511650085,
        "1": 0.3471643030643463,
        "2": 0.34112903475761414,
        "3": 0.3399817943572998,
        "4": 0.3378850221633911,
        "5": 0.3359967768192291,
        "6": 0.32622042298316956,
        "7": 0.3253202736377716,
        "8": 0.32446521520614624,
        "9": 0.3239552080631256
    },
    "192": {
        "0": 0.3551139831542969,
        "1": 0.35034283995628357,
        "2": 0.34890416264533997,
        "3": 0.3478522002696991,
        "4": 0.34136655926704407,
        "5": 0.3391268849372864,
        "6": 0.33901071548461914,
        "7": 0.33732497692108154,
        "8": 0.3366582989692688,
        "9": 0.3336188495159149
    },
    "208": {
        "0": 0.307430237531662,
        "1": 0.2993704378604889,
        "2": 0.2968864440917969,
        "3": 0.29644304513931274,
        "4": 0.29083675146102905,
        "5": 0.28624629974365234,
        "6": 0.285849004983902,
        "7": 0.2857566773891449,
        "8": 0.28338849544525146,
        "9": 0.2832782566547394
    },
    "224": {
        "0": 0.3581903278827667,
        "1": 0.3564830720424652,
        "2": 0.3505954444408417,
        "3": 0.3457690179347992,
        "4": 0.3435722589492798,
        "5": 0.3422318696975708,
        "6": 0.34186720848083496,
        "7": 0.3388124108314514,
        "8": 0.33671846985816956,
        "9": 0.33505937457084656
    },
    "240": {
        "0": 0.3765525221824646,
        "1": 0.3744727075099945,
        "2": 0.3737279772758484,
        "3": 0.3658376634120941,
        "4": 0.36095350980758667,
        "5": 0.3527335524559021,
        "6": 0.35242971777915955,
        "7": 0.3522038459777832,
        "8": 0.3505098223686218,
        "9": 0.3487977981567383
    },
    "256": {
        "0": 0.27326181530952454,
        "1": 0.2724544405937195,
        "2": 0.27010223269462585,
        "3": 0.2678602337837219,
        "4": 0.2659412622451782,
        "5": 0.2566367983818054,
        "6": 0.2545298933982849,
        "7": 0.25397026538848877,
        "8": 0.25384750962257385,
        "9": 0.25352659821510315
    },
    "272": {
        "0": 0.3844006657600403,
        "1": 0.3830510675907135,
        "2": 0.37961918115615845,
        "3": 0.37670207023620605,
        "4": 0.3735103905200958,
        "5": 0.3732239603996277,
        "6": 0.3692862391471863,
        "7": 0.3631450831890106,
        "8": 0.3606354296207428,
        "9": 0.35742175579071045
    },
    "288": {
        "0": 0.37862294912338257,
        "1": 0.37333357334136963,
        "2": 0.37076205015182495,
        "3": 0.3641660809516907,
        "4": 0.35246071219444275,
        "5": 0.3515533208847046,
        "6": 0.3504273593425751,
        "7": 0.3503148555755615,
        "8": 0.3488101065158844,
        "9": 0.3453758656978607
    },
    "304": {
        "0": 0.3919536769390106,
        "1": 0.38521891832351685,
        "2": 0.3773549795150757,
        "3": 0.3741488754749298,
        "4": 0.36832812428474426,
        "5": 0.3645378649234772,
        "6": 0.3574449121952057,
        "7": 0.3573363125324249,
        "8": 0.3550974428653717,
        "9": 0.35487258434295654
    },
    "320": {
        "0": 0.43363821506500244,
        "1": 0.4253198504447937,
        "2": 0.41273730993270874,
        "3": 0.4126298129558563,
        "4": 0.4094109535217285,
        "5": 0.40824809670448303,
        "6": 0.40553343296051025,
        "7": 0.4015669524669647,
        "8": 0.39193153381347656,
        "9": 0.391065388917923
    },
    "336": {
        "0": 0.30260589718818665,
        "1": 0.29724007844924927,
        "2": 0.2949570417404175,
        "3": 0.29169008135795593,
        "4": 0.290103018283844,
        "5": 0.2871096134185791,
        "6": 0.2842893898487091,
        "7": 0.2785993814468384,
        "8": 0.27538102865219116,
        "9": 0.27459466457366943
    },
    "352": {
        "0": 0.40422141551971436,
        "1": 0.40138041973114014,
        "2": 0.3885957896709442,
        "3": 0.38720279932022095,
        "4": 0.37828442454338074,
        "5": 0.37824761867523193,
        "6": 0.3766739070415497,