{
    "0": {
        "0": 0.35632815957069397,
        "1": 0.3498676121234894,
        "2": 0.34883925318717957,
        "3": 0.34849295020103455,
        "4": 0.3471054136753082,
        "5": 0.3465355932712555,
        "6": 0.3455687165260315,
        "7": 0.3433140218257904,
        "8": 0.3431921601295471,
        "9": 0.34290653467178345
    },
    "16": {
        "0": 0.3259273171424866,
        "1": 0.3181748390197754,
        "2": 0.31753793358802795,
        "3": 0.31194448471069336,
        "4": 0.31028613448143005,
        "5": 0.3063923418521881,
        "6": 0.3056614100933075,
        "7": 0.3052425980567932,
        "8": 0.30487990379333496,
        "9": 0.30365392565727234
    },
    "32": {
        "0": 0.33525171875953674,
        "1": 0.3306991755962372,
        "2": 0.3241713345050812,
        "3": 0.3199566900730133,
        "4": 0.31868308782577515,
        "5": 0.3168965280056,
        "6": 0.3156701326370239,
        "7": 0.3151676654815674,
        "8": 0.3150618076324463,
        "9": 0.3148024082183838
    },
    "48": {
        "0": 0.41410189867019653,
        "1": 0.4119088351726532,
        "2": 0.41013601422309875,
        "3": 0.40837326645851135,
        "4": 0.4047168791294098,
        "5": 0.40180814266204834,
        "6": 0.39948317408561707,
        "7": 0.3993261456489563,
        "8": 0.3989070951938629,
        "9": 0.39868542551994324
    },
    "64": {
        "0": 0.41542285680770874,
        "1": 0.408069372177124,
        "2": 0.40223270654678345,
        "3": 0.3998175859451294,
        "4": 0.3963085412979126,
        "5": 0.3942907750606537,
        "6": 0.39384835958480835,
        "7": 0.39348268508911133,
        "8": 0.3934752941131592,
        "9": 0.39304929971694946
    },
    "80": {
        "0": 0.44292202591896057,
        "1": 0.43391892313957214,
        "2": 0.42794787883758545,
        "3": 0.41996610164642334,
        "4": 0.4195886552333832,
        "5": 0.4186050593852997,
        "6": 0.41829678416252136,
        "7": 0.41828152537345886,
        "8": 0.4178323447704315,
        "9": 0.41532033681869507
    },
    "96": {
        "0": 0.43579286336898804,
        "1": 0.42732948064804077,
        "2": 0.4125754237174988,
        "3": 0.41007092595100403,
        "4": 0.40838006138801575,
        "5": 0.40687140822410583,
        "6": 0.406699538230896,
        "7": 0.4055804908275604,
        "8": 0.40339788794517517,
        "9": 0.40233513712882996
    },
    "112": {
        "0": 0.4249095320701599,
        "1": 0.41752731800079346,
        "2": 0.4051918089389801,
        "3": 0.40467000007629395,
        "4": 0.40400418639183044,
        "5": 0.40281620621681213,
        "6": 0.39816656708717346,
        "7": 0.3961150348186493,
        "8": 0.39110514521598816,
        "9": 0.38942426443099976
    },
    "128": {
        "0": 0.4320039749145508,
        "1": 0.4216379225254059,
        "2": 0.4209987223148346,
        "3": 0.41887789964675903,
        "4": 0.41694381833076477,
        "5": 0.41645917296409607,
        "6": 0.4115258753299713,
        "7": 0.40486541390419006,
        "8": 0.40346989035606384,
        "9": 0.40298834443092346
    },
    "144": {
        "0": 0.4068087935447693,
        "1": 0.40617313981056213,
        "2": 0.4049209952354431,
        "3": 0.39764517545700073,
        "4": 0.39732807874679565,
        "5": 0.3938749134540558,
        "6": 0.39253050088882446,
        "7": 0.38917437195777893,
        "8": 0.38857439160346985,
        "9": 0.3881056308746338
    },
    "160": {
        "0": 0.4062812924385071,
        "1": 0.4043317437171936,
        "2": 0.40382400155067444,
        "3": 0.3973519206047058,
        "4": 0.396446168422699,
        "5": 0.39523518085479736,
        "6": 0.3893672525882721,
        "7": 0.3884338438510895,
        "8": 0.38658857345581055,
        "9": 0.38493838906288147
    },
    "176": {
        "0": 0.40715909004211426,
        "1": 0.3993701934814453,
        "2": 0.3953991234302521,
        "3": 0.39246001839637756,
        "4": 0.39037609100341797,
        "5": 0.38812851905822754,
        "6": 0.3841518461704254,
        "7": 0.3833933472633362,
        "8": 0.3819381892681122,
        "9": 0.37599945068359375
    },
    "192": {
        "0": 0.4126381576061249,
        "1": 0.40450021624565125,
        "2": 0.4016175866127014,
        "3": 0.4004327058792114,
        "4": 0.3985002338886261,
        "5": 0.3950883150100708,
        "6": 0.3903152048587799,
        "7": 0.3892107903957367,
        "8": 0.38847440481185913,
        "9": 0.38757532835006714
    },
    "208": {
        "0": 0.3918503224849701,
        "1": 0.38588351011276245,
        "2": 0.38463103771209717,
        "3": 0.38435572385787964,
        "4": 0.38043373823165894,
        "5": 0.38029295206069946,
        "6": 0.3782978355884552,
        "7": 0.37794288992881775,
        "8": 0.3759162127971649,
        "9": 0.37401124835014343
    },
    "224": {
        "0": 0.3944844603538513,
        "1": 0.3891053795814514,
        "2": 0.3888765275478363,
        "3": 0.3875485360622406,
        "4": 0.38271990418434143,
        "5": 0.38255366683006287,
        "6": 0.38229307532310486,
        "7": 0.38169535994529724,
        "8": 0.3802379369735718,
        "9": 0.37962469458580017
    },
    "240": {
        "0": 0.37701040506362915,
        "1": 0.3756130337715149,
        "2": 0.37425732612609863,
        "3": 0.37295249104499817,
        "4": 0.36968904733657837,
        "5": 0.367075651884079,
        "6": 0.36502373218536377,
        "7": 0.361305296421051,
        "8": 0.3596799075603485,
        "9": 0.3587595224380493
    },
    "256": {
        "0": 0.3466772735118866,
        "1": 0.3459457755088806,
        "2": 0.33981961011886597,
        "3": 0.3380924165248871,
        "4": 0.3363153040409088,
        "5": 0.33420634269714355,
        "6": 0.3341773450374603,
        "7": 0.3326793313026428,
        "8": 0.3302018940448761,
        "9": 0.3299311697483063
    },
    "272": {
        "0": 0.3362797498703003,
        "1": 0.3328048288822174,
        "2": 0.32971858978271484,
        "3": 0.3286327123641968,
        "4": 0.32747530937194824,
        "5": 0.32707470655441284,
        "6": 0.32543298602104187,
        "7": 0.32389211654663086,
        "8": 0.32248494029045105,
        "9": 0.32197996973991394
    },
    "288": {
        "0": 0.41020190715789795,
        "1": 0.3992577791213989,
        "2": 0.3978669345378876,
        "3": 0.39347395300865173,
        "4": 0.3918994963169098,
        "5": 0.3905237317085266,
        "6": 0.39050349593162537,
        "7": 0.39022451639175415,
        "8": 0.39016586542129517,
        "9": 0.39006277918815613
    },
    "304": {
        "0": 0.38074836134910583,
        "1": 0.3799315094947815,
        "2": 0.37612125277519226,
        "3": 0.37425321340560913,
        "4": 0.37358641624450684,
        "5": 0.37256041169166565,
        "6": 0.37183862924575806,
        "7": 0.3712078928947449,
        "8": 0.37055203318595886,
        "9": 0.37000420689582825
    },
    "320": {
        "0": 0.3975973129272461,
        "1": 0.38722988963127136,
        "2": 0.37932175397872925,
        "3": 0.37718480825424194,
        "4": 0.37360724806785583,
        "5": 0.3727017343044281,
        "6": 0.3725849688053131,
        "7": 0.3716893792152405,
        "8": 0.371056467294693,
        "9": 0.3702278435230255
    },
    "336": {
        "0": 0.39436328411102295,
        "1": 0.3909004032611847,
        "2": 0.3771866261959076,
        "3": 0.37509387731552124,
        "4": 0.3736450970172882,
        "5": 0.3735294044017792,
        "6": 0.3733867406845093,
        "7": 0.3719462752342224,
        "8": 0.3702234923839569,
        "9": 0.3677709698677063
    },
    "352": {
        "0": 0.375438928604126,
        "1": 0.3675192594528198,
        "2": 0.3562793731689453,
        "3": 0.35559016466140747,
        "4": 0.3543124198913574,
        "5": 0.3534771502017975,