{
    "0": {
        "0": 0.3884945511817932,
        "1": 0.37204813957214355,
        "2": 0.362408846616745,
        "3": 0.3563545048236847,
        "4": 0.35127943754196167,
        "5": 0.35105785727500916,
        "6": 0.35025790333747864,
        "7": 0.35020017623901367,
        "8": 0.34837836027145386,
        "9": 0.34818756580352783
    },
    "16": {
        "0": 0.37706729769706726,
        "1": 0.36770516633987427,
        "2": 0.3648315370082855,
        "3": 0.36058637499809265,
        "4": 0.3603851795196533,
        "5": 0.35689640045166016,
        "6": 0.3567613959312439,
        "7": 0.35473692417144775,
        "8": 0.35471925139427185,
        "9": 0.34876391291618347
    },
    "32": {
        "0": 0.3891948461532593,
        "1": 0.3884432017803192,
        "2": 0.37511950731277466,
        "3": 0.37424707412719727,
        "4": 0.37397587299346924,
        "5": 0.3738998770713806,
        "6": 0.3738020062446594,
        "7": 0.36898940801620483,
        "8": 0.3687961995601654,
        "9": 0.36739107966423035
    },
    "48": {
        "0": 0.3957120478153229,
        "1": 0.3860056400299072,
        "2": 0.37368035316467285,
        "3": 0.37299761176109314,
        "4": 0.3715258240699768,
        "5": 0.3690170347690582,
        "6": 0.3661465048789978,
        "7": 0.36473315954208374,
        "8": 0.3645903766155243,
        "9": 0.36218002438545227
    },
    "64": {
        "0": 0.40163111686706543,
        "1": 0.3856239318847656,
        "2": 0.376617431640625,
        "3": 0.3749516010284424,
        "4": 0.3738808035850525,
        "5": 0.37342873215675354,
        "6": 0.37227126955986023,
        "7": 0.3701445758342743,
        "8": 0.3696136772632599,
        "9": 0.3674566149711609
    },
    "80": {
        "0": 0.40461692214012146,
        "1": 0.3869807720184326,
        "2": 0.3756210505962372,
        "3": 0.37468287348747253,
        "4": 0.37400007247924805,
        "5": 0.3724339008331299,
        "6": 0.3723747134208679,
        "7": 0.37200555205345154,
        "8": 0.37041521072387695,
        "9": 0.36890122294425964
    },
    "96": {
        "0": 0.3937859535217285,
        "1": 0.3695363700389862,
        "2": 0.3633512258529663,
        "3": 0.35934963822364807,
        "4": 0.35682737827301025,
        "5": 0.35550785064697266,
        "6": 0.35315752029418945,
        "7": 0.3518037796020508,
        "8": 0.3503727912902832,
        "9": 0.3500671684741974
    },
    "112": {
        "0": 0.3857210576534271,
        "1": 0.3755449950695038,
        "2": 0.3638295531272888,
        "3": 0.36232179403305054,
        "4": 0.36207693815231323,
        "5": 0.36178022623062134,
        "6": 0.35898759961128235,
        "7": 0.3583208918571472,
        "8": 0.35787081718444824,
        "9": 0.3566375970840454
    },
    "128": {
        "0": 0.37322044372558594,
        "1": 0.35745733976364136,
        "2": 0.3472723364830017,
        "3": 0.34571903944015503,
        "4": 0.34448665380477905,
        "5": 0.3443278670310974,
        "6": 0.3443233072757721,
        "7": 0.3427400588989258,
        "8": 0.34228429198265076,
        "9": 0.3420107662677765
    },
    "144": {
        "0": 0.37720972299575806,
        "1": 0.35757699608802795,
        "2": 0.34732282161712646,
        "3": 0.3420453369617462,
        "4": 0.33783313632011414,
        "5": 0.33639252185821533,
        "6": 0.3359234929084778,
        "7": 0.33232080936431885,
        "8": 0.33213523030281067,
        "9": 0.3316599726676941
    },
    "160": {
        "0": 0.38792240619659424,
        "1": 0.36530834436416626,
        "2": 0.36215636134147644,
        "3": 0.35880914330482483,
        "4": 0.35634729266166687,
        "5": 0.3561522364616394,
        "6": 0.3525100350379944,
        "7": 0.35160723328590393,
        "8": 0.347821444272995,
        "9": 0.34582245349884033
    },
    "176": {
        "0": 0.3298180103302002,
        "1": 0.3235678970813751,
        "2": 0.3235567510128021,
        "3": 0.3227550685405731,
        "4": 0.3223084807395935,
        "5": 0.3152318000793457,
        "6": 0.3142940402030945,
        "7": 0.3114061653614044,
        "8": 0.3102160692214966,
        "9": 0.3100612759590149
    },
    "192": {
        "0": 0.3614809513092041,
        "1": 0.3482971489429474,
        "2": 0.3460310101509094,
        "3": 0.3430943787097931,
        "4": 0.34036779403686523,
        "5": 0.3378594219684601,
        "6": 0.33727532625198364,
        "7": 0.3358061909675598,
        "8": 0.3333452343940735,
        "9": 0.33157068490982056
    },
    "208": {
        "0": 0.38026726245880127,
        "1": 0.37034735083580017,
        "2": 0.36547186970710754,
        "3": 0.3557351529598236,
        "4": 0.3486097455024719,
        "5": 0.34679579734802246,
        "6": 0.3461202383041382,
        "7": 0.34557485580444336,
        "8": 0.3438539505004883,
        "9": 0.34371915459632874
    },
    "224": {
        "0": 0.3623656630516052,
        "1": 0.35480833053588867,
        "2": 0.3442456126213074,
        "3": 0.34105566143989563,
        "4": 0.34030261635780334,
        "5": 0.3317790925502777,
        "6": 0.33117833733558655,
        "7": 0.33067166805267334,
        "8": 0.3289603590965271,
        "9": 0.326219379901886
    },
    "240": {
        "0": 0.3678526282310486,
        "1": 0.36069637537002563,
        "2": 0.35004258155822754,
        "3": 0.34884315729141235,
        "4": 0.3421490490436554,
        "5": 0.33530309796333313,
        "6": 0.333674818277359,
        "7": 0.3333852291107178,
        "8": 0.33091750741004944,
        "9": 0.3308993875980377
    },
    "256": {
        "0": 0.3871530592441559,
        "1": 0.38632819056510925,
        "2": 0.38405072689056396,
        "3": 0.3790889382362366,
        "4": 0.371337354183197,
        "5": 0.36980894207954407,
        "6": 0.3662019968032837,
        "7": 0.3661547005176544,
        "8": 0.36330869793891907,
        "9": 0.36021101474761963
    },
    "272": {
        "0": 0.3897339105606079,
        "1": 0.38677290081977844,
        "2": 0.3791887164115906,
        "3": 0.3753693997859955,
        "4": 0.36740437150001526,
        "5": 0.3645023703575134,
        "6": 0.3636966645717621,
        "7": 0.3621751070022583,
        "8": 0.36173534393310547,
        "9": 0.3613417446613312
    },
    "288": {
        "0": 0.3777807652950287,
        "1": 0.36639314889907837,
        "2": 0.36393144726753235,
        "3": 0.36363959312438965,
        "4": 0.3511126935482025,
        "5": 0.3504972457885742,
        "6": 0.35019761323928833,
        "7": 0.3496510684490204,
        "8": 0.34575021266937256,
        "9": 0.34505829215049744
    },
    "304": {
        "0": 0.3990561068058014,
        "1": 0.37313389778137207,
        "2": 0.3587421178817749,
        "3": 0.35698017477989197,
        "4": 0.35610467195510864,
        "5": 0.3535827100276947,
        "6": 0.3502563238143921,
        "7": 0.3494807481765747,
        "8": 0.3459852933883667,
        "9": 0.34429246187210083
    },
    "320": {
        "0": 0.40045297145843506,
        "1": 0.3933510184288025,
        "2": 0.38708728551864624,
        "3": 0.3824118673801422,
        "4": 0.3820117712020874,
        "5": 0.3790743052959442,
        "6": 0.3784883916378021,
        "7": 0.3778795599937439,
        "8": 0.37728458642959595,
        "9": 0.3717903196811676
    },
    "336": {
        "0": 0.39320600032806396,
        "1": 0.38330668210983276,
        "2": 0.3786439299583435,
        "3": 0.37099236249923706,
        "4": 0.3704105317592621,
        "5": 0.3669346868991852,
        "6": 0.36463892459869385,
        "7": 0.3631429672241211,
        "8": 0.36216849088668823,
        "9": 0.361622154712677
    },
    "352": {
        "0": 0.394805908203125,
        "1": 0.38345426321029663,
        "2": 0.3776538074016571,
        "3": 0.37763357162475586,
        "4": 0.37599706649780273,
        "5": 0.3674233555793762,