{
    "0": {
        "0": 0.2587709128856659,
        "1": 0.23955270648002625,
        "2": 0.22953654825687408,
        "3": 0.22528864443302155,
        "4": 0.22393563389778137,
        "5": 0.22266414761543274,
        "6": 0.2221374809741974,
        "7": 0.21810540556907654,
        "8": 0.21722878515720367,
        "9": 0.2160329669713974
    },
    "16": {
        "0": 0.2448652982711792,
        "1": 0.23471403121948242,
        "2": 0.2335219532251358,
        "3": 0.22151735424995422,
        "4": 0.21881376206874847,
        "5": 0.21279911696910858,
        "6": 0.21087990701198578,
        "7": 0.20904506742954254,
        "8": 0.20797646045684814,
        "9": 0.20697356760501862
    },
    "32": {
        "0": 0.27382346987724304,
        "1": 0.2682294547557831,
        "2": 0.26226282119750977,
        "3": 0.2535402178764343,
        "4": 0.25233277678489685,
        "5": 0.2513529658317566,
        "6": 0.24932052195072174,
        "7": 0.24864476919174194,
        "8": 0.2478145807981491,
        "9": 0.242327481508255
    },
    "48": {
        "0": 0.25772082805633545,
        "1": 0.2548130750656128,
        "2": 0.24941840767860413,
        "3": 0.24321968853473663,
        "4": 0.24043472111225128,
        "5": 0.2389470636844635,
        "6": 0.2385217249393463,
        "7": 0.2373947650194168,
        "8": 0.23500293493270874,
        "9": 0.23262016475200653
    },
    "64": {
        "0": 0.26623716950416565,
        "1": 0.26459625363349915,
        "2": 0.26265013217926025,
        "3": 0.25523993372917175,
        "4": 0.24956877529621124,
        "5": 0.24607157707214355,
        "6": 0.24447864294052124,
        "7": 0.24419867992401123,
        "8": 0.24259065091609955,
        "9": 0.2402714192867279
    },
    "80": {
        "0": 0.2951264977455139,
        "1": 0.2774442434310913,
        "2": 0.25825369358062744,
        "3": 0.25501978397369385,
        "4": 0.2546762228012085,
        "5": 0.25344565510749817,
        "6": 0.25106281042099,
        "7": 0.24774697422981262,
        "8": 0.24774032831192017,
        "9": 0.24719081819057465
    },
    "96": {
        "0": 0.2549133002758026,
        "1": 0.23821455240249634,
        "2": 0.22321783006191254,
        "3": 0.21916918456554413,
        "4": 0.21916013956069946,
        "5": 0.2139980047941208,
        "6": 0.21171724796295166,
        "7": 0.21063075959682465,
        "8": 0.20920944213867188,
        "9": 0.2067774534225464
    },
    "112": {
        "0": 0.2562924027442932,
        "1": 0.25535616278648376,
        "2": 0.2448955625295639,
        "3": 0.23718714714050293,
        "4": 0.23282650113105774,
        "5": 0.23103666305541992,
        "6": 0.22982800006866455,
        "7": 0.22829867899417877,
        "8": 0.2278994619846344,
        "9": 0.2206583172082901
    },
    "128": {
        "0": 0.248609259724617,
        "1": 0.23235827684402466,
        "2": 0.23120589554309845,
        "3": 0.22590169310569763,
        "4": 0.22155509889125824,
        "5": 0.21298588812351227,
        "6": 0.2064288854598999,
        "7": 0.20551376044750214,
        "8": 0.20410571992397308,
        "9": 0.20110318064689636
    },
    "144": {
        "0": 0.3124924302101135,
        "1": 0.3117630183696747,
        "2": 0.308594286441803,
        "3": 0.29958081245422363,
        "4": 0.2975444793701172,
        "5": 0.28668928146362305,
        "6": 0.2798290550708771,
        "7": 0.27210164070129395,
        "8": 0.2673361599445343,
        "9": 0.2646939158439636
    },
    "160": {
        "0": 0.3131914734840393,
        "1": 0.3122878074645996,
        "2": 0.3098939061164856,
        "3": 0.3017289936542511,
        "4": 0.30084940791130066,
        "5": 0.2910192012786865,
        "6": 0.27654576301574707,
        "7": 0.2711585760116577,
        "8": 0.26666459441185,
        "9": 0.26087474822998047
    },
    "176": {
        "0": 0.309894859790802,
        "1": 0.30620837211608887,
        "2": 0.303363561630249,
        "3": 0.29905739426612854,
        "4": 0.2968871295452118,
        "5": 0.2954367399215698,
        "6": 0.27639079093933105,
        "7": 0.26478374004364014,
        "8": 0.26129084825515747,
        "9": 0.2503424882888794
    },
    "192": {
        "0": 0.3239634931087494,
        "1": 0.31409770250320435,
        "2": 0.3105781078338623,
        "3": 0.31004175543785095,
        "4": 0.3050161898136139,
        "5": 0.2986688017845154,
        "6": 0.28862664103507996,
        "7": 0.2716606855392456,
        "8": 0.26353365182876587,
        "9": 0.25708577036857605
    },
    "208": {
        "0": 0.3161476254463196,
        "1": 0.309765100479126,
        "2": 0.3089829981327057,
        "3": 0.30669307708740234,
        "4": 0.2967919707298279,
        "5": 0.28711411356925964,
        "6": 0.2751328945159912,
        "7": 0.2739923596382141,
        "8": 0.2629442512989044,
        "9": 0.2525756359100342
    },
    "224": {
        "0": 0.31772124767303467,
        "1": 0.30925536155700684,
        "2": 0.30524489283561707,
        "3": 0.3023967742919922,
        "4": 0.29139262437820435,
        "5": 0.2748841941356659,
        "6": 0.27404531836509705,
        "7": 0.2713663578033447,
        "8": 0.2623346447944641,
        "9": 0.25266849994659424
    },
    "240": {
        "0": 0.3321053683757782,
        "1": 0.3150521516799927,
        "2": 0.3063865900039673,
        "3": 0.3026694059371948,
        "4": 0.29774487018585205,
        "5": 0.2959737181663513,
        "6": 0.28425654768943787,
        "7": 0.2841240465641022,
        "8": 0.28232210874557495,
        "9": 0.27950671315193176
    },
    "256": {
        "0": 0.31203150749206543,
        "1": 0.3047407269477844,
        "2": 0.30358198285102844,
        "3": 0.303104430437088,
        "4": 0.2991875410079956,
        "5": 0.29823631048202515,
        "6": 0.28613343834877014,
        "7": 0.26922085881233215,
        "8": 0.2595711350440979,
        "9": 0.25866687297821045
    },
    "272": {
        "0": 0.3345746695995331,
        "1": 0.3326665163040161,
        "2": 0.332580029964447,
        "3": 0.3275803327560425,
        "4": 0.3237415552139282,
        "5": 0.3097633123397827,
        "6": 0.30841749906539917,
        "7": 0.3028312921524048,
        "8": 0.29869186878204346,
        "9": 0.2971424460411072
    },
    "288": {
        "0": 0.3218659460544586,
        "1": 0.3212002217769623,
        "2": 0.31850746273994446,
        "3": 0.31574076414108276,
        "4": 0.31178733706474304,
        "5": 0.298827201128006,
        "6": 0.2951231896877289,
        "7": 0.2887023389339447,
        "8": 0.28762298822402954,
        "9": 0.2857855558395386
    },
    "304": {
        "0": 0.31368809938430786,
        "1": 0.31228724122047424,
        "2": 0.30791327357292175,
        "3": 0.30621403455734253,
        "4": 0.29949837923049927,
        "5": 0.2905896008014679,
        "6": 0.2872706651687622,
        "7": 0.27826669812202454,
        "8": 0.27799269556999207,
        "9": 0.27515676617622375
    }
}