{
    "0": {
        "0": 0.314622700214386,
        "1": 0.28051289916038513,
        "2": 0.2768135070800781,
        "3": 0.2744801342487335,
        "4": 0.2663104832172394,
        "5": 0.26524367928504944,
        "6": 0.2644554376602173,
        "7": 0.26289835572242737,
        "8": 0.26242488622665405,
        "9": 0.2617863416671753
    },
    "16": {
        "0": 0.34303924441337585,
        "1": 0.3166128993034363,
        "2": 0.3099300265312195,
        "3": 0.3095826506614685,
        "4": 0.30796384811401367,
        "5": 0.2991628646850586,
        "6": 0.2968524396419525,
        "7": 0.29525673389434814,
        "8": 0.29123425483703613,
        "9": 0.2904561460018158
    },
    "32": {
        "0": 0.3201495409011841,
        "1": 0.31892502307891846,
        "2": 0.3188433349132538,
        "3": 0.31528887152671814,
        "4": 0.3147515654563904,
        "5": 0.3118550181388855,
        "6": 0.31123313307762146,
        "7": 0.3101347088813782,
        "8": 0.30935803055763245,
        "9": 0.30929645895957947
    },
    "48": {
        "0": 0.326955646276474,
        "1": 0.32586923241615295,
        "2": 0.3256867527961731,
        "3": 0.32174503803253174,
        "4": 0.32099658250808716,
        "5": 0.31894439458847046,
        "6": 0.3171326816082001,
        "7": 0.31452757120132446,
        "8": 0.31144165992736816,
        "9": 0.31087061762809753
    },
    "64": {
        "0": 0.3811395764350891,
        "1": 0.37288185954093933,
        "2": 0.37276870012283325,
        "3": 0.3689614534378052,
        "4": 0.3659951388835907,
        "5": 0.36535078287124634,
        "6": 0.36455583572387695,
        "7": 0.3634071350097656,
        "8": 0.3598652482032776,
        "9": 0.3574340045452118
    },
    "80": {
        "0": 0.3648507595062256,
        "1": 0.3647996485233307,
        "2": 0.3644956350326538,
        "3": 0.36402714252471924,
        "4": 0.362318217754364,
        "5": 0.3585955500602722,
        "6": 0.3581971228122711,
        "7": 0.35615572333335876,
        "8": 0.35491347312927246,
        "9": 0.354358971118927
    },
    "96": {
        "0": 0.31342238187789917,
        "1": 0.31174442172050476,
        "2": 0.3103905916213989,
        "3": 0.3025837540626526,
        "4": 0.3012502193450928,
        "5": 0.29957273602485657,
        "6": 0.2981782555580139,
        "7": 0.29589489102363586,
        "8": 0.29462170600891113,
        "9": 0.2918396294116974
    },
    "112": {
        "0": 0.34465041756629944,
        "1": 0.33705848455429077,
        "2": 0.3330611288547516,
        "3": 0.3324916958808899,
        "4": 0.32011744379997253,
        "5": 0.3200845420360565,
        "6": 0.3198128342628479,
        "7": 0.3170357644557953,
        "8": 0.3151378929615021,
        "9": 0.31184375286102295
    },
    "128": {
        "0": 0.29836398363113403,
        "1": 0.29119735956192017,
        "2": 0.2882334291934967,
        "3": 0.28564193844795227,
        "4": 0.2780038118362427,
        "5": 0.27772021293640137,
        "6": 0.2776927947998047,
        "7": 0.26870179176330566,
        "8": 0.26663118600845337,
        "9": 0.26585131883621216
    },
    "144": {
        "0": 0.281700998544693,
        "1": 0.28054162859916687,
        "2": 0.2801496684551239,
        "3": 0.2748948335647583,
        "4": 0.2740653157234192,
        "5": 0.2620276212692261,
        "6": 0.26004886627197266,
        "7": 0.25909489393234253,
        "8": 0.2587212324142456,
        "9": 0.258542537689209
    },
    "160": {
        "0": 0.26147809624671936,
        "1": 0.2599237859249115,
        "2": 0.2521965205669403,
        "3": 0.24640676379203796,
        "4": 0.24619846045970917,
        "5": 0.24588611721992493,
        "6": 0.24358543753623962,
        "7": 0.24318714439868927,
        "8": 0.24218960106372833,
        "9": 0.2420845478773117
    },
    "176": {
        "0": 0.34317466616630554,
        "1": 0.3400382697582245,
        "2": 0.3333936631679535,
        "3": 0.3330310583114624,
        "4": 0.3322995901107788,
        "5": 0.33193346858024597,
        "6": 0.32881391048431396,
        "7": 0.3120677173137665,
        "8": 0.3100488781929016,
        "9": 0.3076127767562866
    },
    "192": {
        "0": 0.3656080663204193,
        "1": 0.35939115285873413,
        "2": 0.35110941529273987,
        "3": 0.3445427715778351,
        "4": 0.33462846279144287,
        "5": 0.333579957485199,
        "6": 0.3333725929260254,
        "7": 0.3311783969402313,
        "8": 0.3151649534702301,
        "9": 0.31399402022361755
    },
    "208": {
        "0": 0.35589689016342163,
        "1": 0.35047802329063416,
        "2": 0.34252461791038513,
        "3": 0.33582523465156555,
        "4": 0.32792195677757263,
        "5": 0.32554689049720764,
        "6": 0.3250366747379303,
        "7": 0.3171367049217224,
        "8": 0.30648350715637207,
        "9": 0.3036279082298279
    },
    "224": {
        "0": 0.3497089743614197,
        "1": 0.3278231918811798,
        "2": 0.32209140062332153,
        "3": 0.3175849914550781,
        "4": 0.317355751991272,
        "5": 0.31578314304351807,
        "6": 0.3144892454147339,
        "7": 0.311663955450058,
        "8": 0.3063977360725403,
        "9": 0.30511316657066345
    },
    "240": {
        "0": 0.3027934432029724,
        "1": 0.273345947265625,
        "2": 0.27034837007522583,
        "3": 0.26818132400512695,
        "4": 0.2667728364467621,
        "5": 0.2647823095321655,
        "6": 0.26328566670417786,
        "7": 0.2615715265274048,
        "8": 0.2598766088485718,
        "9": 0.25878554582595825
    },
    "256": {
        "0": 0.36127448081970215,
        "1": 0.3603034019470215,
        "2": 0.3531344532966614,
        "3": 0.34691616892814636,
        "4": 0.34540635347366333,
        "5": 0.34366506338119507,
        "6": 0.3417126536369324,
        "7": 0.33763834834098816,
        "8": 0.3371664881706238,
        "9": 0.3370291292667389
    },
    "272": {
        "0": 0.3201157748699188,
        "1": 0.31676337122917175,
        "2": 0.3167172968387604,
        "3": 0.3164185881614685,
        "4": 0.3153875470161438,
        "5": 0.3137001097202301,
        "6": 0.3131660521030426,
        "7": 0.31289228796958923,
        "8": 0.3121074140071869,
        "9": 0.3113058805465698
    },
    "288": {
        "0": 0.37851738929748535,
        "1": 0.3739703297615051,
        "2": 0.3705195486545563,
        "3": 0.36862680315971375,
        "4": 0.3663010597229004,
        "5": 0.3622719347476959,
        "6": 0.3613012433052063,
        "7": 0.3605843484401703,
        "8": 0.36021745204925537,
        "9": 0.3597570061683655
    },
    "304": {
        "0": 0.35378268361091614,
        "1": 0.35215869545936584,
        "2": 0.3473846912384033,
        "3": 0.3469289541244507,
        "4": 0.34577417373657227,
        "5": 0.3449142873287201,
        "6": 0.34405606985092163,
        "7": 0.3437412679195404,
        "8": 0.34347662329673767,
        "9": 0.34155023097991943
    },
    "320": {
        "0": 0.33790189027786255,
        "1": 0.33737727999687195,
        "2": 0.3349159359931946,
        "3": 0.3347902297973633,
        "4": 0.33455169200897217,
        "5": 0.3337419927120209,
        "6": 0.3307172656059265,
        "7": 0.32984429597854614,
        "8": 0.329377681016922,
        "9": 0.3286146819591522
    },
    "336": {
        "0": 0.3683207631111145,
        "1": 0.364179790019989,
        "2": 0.3619128465652466,
        "3": 0.35927632451057434,
        "4": 0.35794374346733093,
        "5": 0.3563241958618164,
        "6": 0.35607388615608215,
        "7": 0.354996919631958,
        "8": 0.3542269468307495,
        "9": 0.3512258529663086
    },
    "352": {
        "0": 0.31602397561073303,
        "1": 0.30916711688041687,
        "2": 0.30426597595214844,
        "3": 0.3034430742263794,
        "4": 0.30341267585754395,
        "5": 0.30219921469688416,