{
    "0": {
        "0": 0.3737657368183136,
        "1": 0.3565865755081177,
        "2": 0.35268157720565796,
        "3": 0.35086119174957275,
        "4": 0.34579601883888245,
        "5": 0.3440066874027252,
        "6": 0.3392919898033142,
        "7": 0.33732548356056213,
        "8": 0.3351297974586487,
        "9": 0.32750827074050903
    },
    "16": {
        "0": 0.3746095299720764,
        "1": 0.3584035634994507,
        "2": 0.35123416781425476,
        "3": 0.34713438153266907,
        "4": 0.34684282541275024,
        "5": 0.34507712721824646,
        "6": 0.34124812483787537,
        "7": 0.3401308059692383,
        "8": 0.3328859210014343,
        "9": 0.33248206973075867
    },
    "32": {
        "0": 0.3680146038532257,
        "1": 0.35278087854385376,
        "2": 0.34805887937545776,
        "3": 0.3463920056819916,
        "4": 0.34303194284439087,
        "5": 0.3395525813102722,
        "6": 0.33056700229644775,
        "7": 0.33007344603538513,
        "8": 0.32939964532852173,
        "9": 0.3273071050643921
    },
    "48": {
        "0": 0.3179185390472412,
        "1": 0.31167683005332947,
        "2": 0.2958531677722931,
        "3": 0.29485082626342773,
        "4": 0.29070067405700684,
        "5": 0.29025885462760925,
        "6": 0.28846558928489685,
        "7": 0.2840164303779602,
        "8": 0.2779860198497772,
        "9": 0.2758864760398865
    },
    "64": {
        "0": 0.3458997309207916,
        "1": 0.33547845482826233,
        "2": 0.3326501250267029,
        "3": 0.3310626745223999,
        "4": 0.3309166729450226,
        "5": 0.32766953110694885,
        "6": 0.323508620262146,
        "7": 0.3182119131088257,
        "8": 0.31645119190216064,
        "9": 0.3104275166988373
    },
    "80": {
        "0": 0.35010358691215515,
        "1": 0.3346208930015564,
        "2": 0.3276921510696411,
        "3": 0.3275769352912903,
        "4": 0.32514873147010803,
        "5": 0.3204144239425659,
        "6": 0.32011449337005615,
        "7": 0.3167349696159363,
        "8": 0.30834412574768066,
        "9": 0.30720362067222595
    },
    "96": {
        "0": 0.35214656591415405,
        "1": 0.3354901671409607,
        "2": 0.33159807324409485,
        "3": 0.3287673592567444,
        "4": 0.3275335729122162,
        "5": 0.3250632584095001,
        "6": 0.32387658953666687,
        "7": 0.32357266545295715,
        "8": 0.3182351291179657,
        "9": 0.3168587386608124
    },
    "112": {
        "0": 0.3492574095726013,
        "1": 0.3440527319908142,
        "2": 0.33140674233436584,
        "3": 0.3262726068496704,
        "4": 0.3256712555885315,
        "5": 0.32409757375717163,
        "6": 0.32323381304740906,
        "7": 0.32284438610076904,
        "8": 0.3184945583343506,
        "9": 0.317516028881073
    },
    "128": {
        "0": 0.35163795948028564,
        "1": 0.3481295108795166,
        "2": 0.3449142277240753,
        "3": 0.34092792868614197,
        "4": 0.3304932713508606,
        "5": 0.3285328447818756,
        "6": 0.32793280482292175,
        "7": 0.32741013169288635,
        "8": 0.32629796862602234,
        "9": 0.3239699602127075
    },
    "144": {
        "0": 0.3273198902606964,
        "1": 0.31846100091934204,
        "2": 0.31106191873550415,
        "3": 0.3074254095554352,
        "4": 0.30692675709724426,
        "5": 0.3032653331756592,
        "6": 0.2999866306781769,
        "7": 0.2905369997024536,
        "8": 0.28920552134513855,
        "9": 0.2878965437412262
    },
    "160": {
        "0": 0.3444792926311493,
        "1": 0.33852511644363403,
        "2": 0.3324418365955353,
        "3": 0.3268428146839142,
        "4": 0.32503899931907654,
        "5": 0.32352495193481445,
        "6": 0.3211049735546112,
        "7": 0.31914085149765015,
        "8": 0.31154510378837585,
        "9": 0.3113219738006592
    },
    "176": {
        "0": 0.3667457699775696,
        "1": 0.36214011907577515,
        "2": 0.36196914315223694,
        "3": 0.35952994227409363,
        "4": 0.3563898205757141,
        "5": 0.34956467151641846,
        "6": 0.3493751287460327,
        "7": 0.34141358733177185,
        "8": 0.33732837438583374,
        "9": 0.33623096346855164
    },
    "192": {
        "0": 0.38947203755378723,
        "1": 0.3874508738517761,
        "2": 0.37144649028778076,
        "3": 0.3692263960838318,
        "4": 0.3669392764568329,
        "5": 0.3623504042625427,
        "6": 0.3596403896808624,
        "7": 0.3585880696773529,
        "8": 0.3531315326690674,
        "9": 0.3504009544849396
    },
    "208": {
        "0": 0.409199059009552,
        "1": 0.40220388770103455,
        "2": 0.3939201533794403,
        "3": 0.3853146731853485,
        "4": 0.37887027859687805,
        "5": 0.3742069602012634,
        "6": 0.3686358630657196,
        "7": 0.3665753901004791,
        "8": 0.36593830585479736,
        "9": 0.36566436290740967
    },
    "224": {
        "0": 0.4113445580005646,
        "1": 0.4041847586631775,
        "2": 0.39717936515808105,
        "3": 0.3803197145462036,
        "4": 0.37418827414512634,
        "5": 0.3739430010318756,
        "6": 0.3708384335041046,
        "7": 0.36836883425712585,
        "8": 0.36629414558410645,
        "9": 0.36521077156066895
    },
    "240": {
        "0": 0.40330666303634644,
        "1": 0.39017540216445923,
        "2": 0.3828795850276947,
        "3": 0.3702465295791626,
        "4": 0.3635755479335785,
        "5": 0.3614218831062317,
        "6": 0.3559968173503876,
        "7": 0.3551200330257416,
        "8": 0.353796124458313,
        "9": 0.352798193693161
    },
    "256": {
        "0": 0.39876848459243774,
        "1": 0.3820991516113281,
        "2": 0.37575992941856384,
        "3": 0.36605674028396606,
        "4": 0.3617881238460541,
        "5": 0.3551633358001709,
        "6": 0.3536471724510193,
        "7": 0.350140243768692,
        "8": 0.349491685628891,
        "9": 0.34711015224456787
    },
    "272": {
        "0": 0.3246000111103058,
        "1": 0.31980323791503906,
        "2": 0.3131781816482544,
        "3": 0.29884016513824463,
        "4": 0.29612410068511963,
        "5": 0.29341921210289,
        "6": 0.29031699895858765,
        "7": 0.28809869289398193,
        "8": 0.2879892587661743,
        "9": 0.28696346282958984
    },
    "288": {
        "0": 0.3249266743659973,
        "1": 0.316704660654068,
        "2": 0.3146163523197174,
        "3": 0.31191933155059814,
        "4": 0.2994740307331085,
        "5": 0.2955015301704407,
        "6": 0.29464972019195557,
        "7": 0.29100501537323,
        "8": 0.28997236490249634,
        "9": 0.28504687547683716
    },
    "304": {
        "0": 0.36531585454940796,
        "1": 0.3437980115413666,
        "2": 0.33843979239463806,
        "3": 0.33829498291015625,
        "4": 0.3365119993686676,
        "5": 0.33628585934638977,
        "6": 0.33068549633026123,
        "7": 0.32786935567855835,
        "8": 0.32488372921943665,
        "9": 0.32287800312042236
    },
    "320": {
        "0": 0.3744288682937622,
        "1": 0.3571263551712036,
        "2": 0.35134875774383545,
        "3": 0.34918737411499023,
        "4": 0.3453458845615387,
        "5": 0.3423560857772827,
        "6": 0.33795326948165894,
        "7": 0.33774110674858093,
        "8": 0.33705684542655945,
        "9": 0.33527281880378723
    },
    "336": {
        "0": 0.3640446066856384,
        "1": 0.34518909454345703,
        "2": 0.34169989824295044,
        "3": 0.3411082327365875,
        "4": 0.34105366468429565,
        "5": 0.3393906056880951,
        "6": 0.3391980528831482,
        "7": 0.3372124433517456,
        "8": 0.3330378532409668,
        "9": 0.33117014169692993
    },
    "352": {
        "0": 0.33265751600265503,
        "1": 0.32945138216018677,
        "2": 0.326326459646225,
        "3": 0.3256480097770691,
        "4": 0.32275038957595825,
        "5": 0.3221811354160309,