{
    "0": {
        "0": 0.3498668372631073,
        "1": 0.3359855115413666,
        "2": 0.33496493101119995,
        "3": 0.33282384276390076,
        "4": 0.32976454496383667,
        "5": 0.3252970278263092,
        "6": 0.3250666856765747,
        "7": 0.32393139600753784,
        "8": 0.3236113488674164,
        "9": 0.32304856181144714
    },
    "16": {
        "0": 0.35124319791793823,
        "1": 0.3376852869987488,
        "2": 0.3344183564186096,
        "3": 0.33358389139175415,
        "4": 0.3253072202205658,
        "5": 0.32376569509506226,
        "6": 0.3224327862262726,
        "7": 0.3218346834182739,
        "8": 0.32076770067214966,
        "9": 0.32059478759765625
    },
    "32": {
        "0": 0.30255842208862305,
        "1": 0.30218014121055603,
        "2": 0.30146098136901855,
        "3": 0.2997533679008484,
        "4": 0.29891422390937805,
        "5": 0.2968372702598572,
        "6": 0.2943978011608124,
        "7": 0.29317906498908997,
        "8": 0.2922717332839966,
        "9": 0.29216787219047546
    },
    "48": {
        "0": 0.32134172320365906,
        "1": 0.31993600726127625,
        "2": 0.3154818117618561,
        "3": 0.31462499499320984,
        "4": 0.3125739097595215,
        "5": 0.3079967200756073,
        "6": 0.305861234664917,
        "7": 0.30575641989707947,
        "8": 0.3027530610561371,
        "9": 0.3026086390018463
    },
    "64": {
        "0": 0.31857237219810486,
        "1": 0.3126647174358368,
        "2": 0.31247228384017944,
        "3": 0.31149834394454956,
        "4": 0.30582693219184875,
        "5": 0.3054358959197998,
        "6": 0.29979100823402405,
        "7": 0.29958125948905945,
        "8": 0.2989707887172699,
        "9": 0.2983696758747101
    },
    "80": {
        "0": 0.3242679834365845,
        "1": 0.3192251920700073,
        "2": 0.3185238838195801,
        "3": 0.3183969557285309,
        "4": 0.31590408086776733,
        "5": 0.3141499161720276,
        "6": 0.31401580572128296,
        "7": 0.31370896100997925,
        "8": 0.31086254119873047,
        "9": 0.30960938334465027
    },
    "96": {
        "0": 0.3220670223236084,
        "1": 0.3181110918521881,
        "2": 0.3166712820529938,
        "3": 0.31450095772743225,
        "4": 0.31416192650794983,
        "5": 0.313082754611969,
        "6": 0.31277573108673096,
        "7": 0.3102869689464569,
        "8": 0.3095005750656128,
        "9": 0.30945637822151184
    },
    "112": {
        "0": 0.3102872967720032,
        "1": 0.3075469732284546,
        "2": 0.3070269227027893,
        "3": 0.3051893413066864,
        "4": 0.3017476499080658,
        "5": 0.3013528883457184,
        "6": 0.30014556646347046,
        "7": 0.2998831272125244,
        "8": 0.2991512417793274,
        "9": 0.2990434467792511
    },
    "128": {
        "0": 0.3203064501285553,
        "1": 0.31734034419059753,
        "2": 0.31636926531791687,
        "3": 0.31379377841949463,
        "4": 0.3136792778968811,
        "5": 0.31264621019363403,
        "6": 0.31068456172943115,
        "7": 0.3098304271697998,
        "8": 0.3091902732849121,
        "9": 0.30759358406066895
    },
    "144": {
        "0": 0.3250630795955658,
        "1": 0.32067862153053284,
        "2": 0.32005059719085693,
        "3": 0.31978240609169006,
        "4": 0.31857335567474365,
        "5": 0.31512507796287537,
        "6": 0.31433436274528503,
        "7": 0.3140053451061249,
        "8": 0.31126460433006287,
        "9": 0.30828574299812317
    },
    "160": {
        "0": 0.30329200625419617,
        "1": 0.2980496883392334,
        "2": 0.29704156517982483,
        "3": 0.2970382571220398,
        "4": 0.29476165771484375,
        "5": 0.2931845784187317,
        "6": 0.2920575439929962,
        "7": 0.2908499836921692,
        "8": 0.28907573223114014,
        "9": 0.28816068172454834
    },
    "176": {
        "0": 0.3136777877807617,
        "1": 0.3102540075778961,
        "2": 0.3100254237651825,
        "3": 0.3085745573043823,
        "4": 0.3074588477611542,
        "5": 0.3071604371070862,
        "6": 0.3028196096420288,
        "7": 0.3025735020637512,
        "8": 0.3015981912612915,
        "9": 0.30105262994766235
    },
    "192": {
        "0": 0.30736568570137024,
        "1": 0.3072550296783447,
        "2": 0.3071208596229553,
        "3": 0.3057689666748047,
        "4": 0.3046766221523285,
        "5": 0.30287614464759827,
        "6": 0.3027748763561249,
        "7": 0.30213668942451477,
        "8": 0.30074968934059143,
        "9": 0.30017250776290894
    },
    "208": {
        "0": 0.3689376413822174,
        "1": 0.3687483072280884,
        "2": 0.3649406433105469,
        "3": 0.35920044779777527,
        "4": 0.35870271921157837,
        "5": 0.35587412118911743,
        "6": 0.35547828674316406,
        "7": 0.3529195487499237,
        "8": 0.35134729743003845,
        "9": 0.3512086570262909
    },
    "224": {
        "0": 0.28687751293182373,
        "1": 0.2762487530708313,
        "2": 0.26214921474456787,
        "3": 0.2584317624568939,
        "4": 0.25748971104621887,
        "5": 0.2572918236255646,
        "6": 0.2513129711151123,
        "7": 0.24473853409290314,
        "8": 0.2404659241437912,
        "9": 0.2368709146976471
    },
    "240": {
        "0": 0.3207811713218689,
        "1": 0.2962254285812378,
        "2": 0.2898988723754883,
        "3": 0.28936946392059326,
        "4": 0.2888065576553345,
        "5": 0.27903997898101807,
        "6": 0.2773073613643646,
        "7": 0.2725541293621063,
        "8": 0.27111518383026123,
        "9": 0.26352283358573914
    },
    "256": {
        "0": 0.33168160915374756,
        "1": 0.30561670660972595,
        "2": 0.2994277775287628,
        "3": 0.29849767684936523,
        "4": 0.29064932465553284,
        "5": 0.28999194502830505,
        "6": 0.28196001052856445,
        "7": 0.28146374225616455,
        "8": 0.2766875922679901,
        "9": 0.2751729190349579
    },
    "272": {
        "0": 0.3007730543613434,
        "1": 0.3002162277698517,
        "2": 0.2905326783657074,
        "3": 0.28943485021591187,
        "4": 0.28934580087661743,
        "5": 0.28806406259536743,
        "6": 0.28795793652534485,
        "7": 0.28720664978027344,
        "8": 0.28685373067855835,
        "9": 0.28449171781539917
    },
    "288": {
        "0": 0.3867686092853546,
        "1": 0.3809207081794739,
        "2": 0.367306649684906,
        "3": 0.3618302643299103,
        "4": 0.3550547659397125,
        "5": 0.3522685170173645,
        "6": 0.3498554825782776,
        "7": 0.3494097590446472,
        "8": 0.3486984968185425,
        "9": 0.34847185015678406
    },
    "304": {
        "0": 0.3806033134460449,
        "1": 0.3723977208137512,
        "2": 0.3648979663848877,
        "3": 0.3567442297935486,
        "4": 0.3499719798564911,
        "5": 0.34782642126083374,
        "6": 0.34766724705696106,
        "7": 0.3473823666572571,
        "8": 0.3459300100803375,
        "9": 0.34537190198898315
    },
    "320": {
        "0": 0.36167651414871216,
        "1": 0.3528421223163605,
        "2": 0.34684455394744873,
        "3": 0.341622531414032,
        "4": 0.3401392996311188,
        "5": 0.33888667821884155,
        "6": 0.33336055278778076,
        "7": 0.33321523666381836,
        "8": 0.33284837007522583,
        "9": 0.33270299434661865
    },
    "336": {
        "0": 0.3158112168312073,
        "1": 0.3126722276210785,
        "2": 0.30049675703048706,
        "3": 0.29874178767204285,
        "4": 0.2957359552383423,
        "5": 0.2945547103881836,
        "6": 0.29382696747779846,
        "7": 0.29376712441444397,
        "8": 0.29329612851142883,
        "9": 0.2924458384513855
    },
    "352": {
        "0": 0.34046462178230286,
        "1": 0.3314859867095947,
        "2": 0.3297027349472046,
        "3": 0.3223598599433899,
        "4": 0.32100895047187805,
        "5": 0.31909605860710144,