{
    "0": {
        "0": 0.353873610496521,
        "1": 0.35377076268196106,
        "2": 0.34110864996910095,
        "3": 0.3399757146835327,
        "4": 0.32424795627593994,
        "5": 0.3172636926174164,
        "6": 0.30642348527908325,
        "7": 0.29737699031829834,
        "8": 0.2921983599662781,
        "9": 0.2921018898487091
    },
    "16": {
        "0": 0.4115610122680664,
        "1": 0.4115486145019531,
        "2": 0.4074825644493103,
        "3": 0.4025883674621582,
        "4": 0.40167000889778137,
        "5": 0.3714842200279236,
        "6": 0.37084275484085083,
        "7": 0.3468589782714844,
        "8": 0.3371177613735199,
        "9": 0.32311299443244934
    },
    "32": {
        "0": 0.3997795283794403,
        "1": 0.3960312008857727,
        "2": 0.39556601643562317,
        "3": 0.3941182494163513,
        "4": 0.3910922706127167,
        "5": 0.36315029859542847,
        "6": 0.351840615272522,
        "7": 0.3388517200946808,
        "8": 0.3309374451637268,
        "9": 0.3220670521259308
    },
    "48": {
        "0": 0.383669376373291,
        "1": 0.38151779770851135,
        "2": 0.37615153193473816,
        "3": 0.36558547616004944,
        "4": 0.36190155148506165,
        "5": 0.35684117674827576,
        "6": 0.3339523673057556,
        "7": 0.33086782693862915,
        "8": 0.2960362434387207,
        "9": 0.2946397364139557
    },
    "64": {
        "0": 0.3199220299720764,
        "1": 0.31839776039123535,
        "2": 0.31364625692367554,
        "3": 0.30758169293403625,
        "4": 0.30238398909568787,
        "5": 0.29481855034828186,
        "6": 0.292254239320755,
        "7": 0.28973838686943054,
        "8": 0.28389397263526917,
        "9": 0.2739563584327698
    },
    "80": {
        "0": 0.33675044775009155,
        "1": 0.3254956603050232,
        "2": 0.3228943645954132,
        "3": 0.32217147946357727,
        "4": 0.3123681843280792,
        "5": 0.3112943768501282,
        "6": 0.3032609224319458,
        "7": 0.30000796914100647,
        "8": 0.2936573028564453,
        "9": 0.2858976125717163
    },
    "96": {
        "0": 0.3747464120388031,
        "1": 0.36129030585289,
        "2": 0.35692328214645386,
        "3": 0.3524852395057678,
        "4": 0.3463629484176636,
        "5": 0.34379011392593384,
        "6": 0.32891151309013367,
        "7": 0.3284391760826111,
        "8": 0.3150674104690552,
        "9": 0.31501632928848267
    },
    "112": {
        "0": 0.333049476146698,
        "1": 0.33046531677246094,
        "2": 0.3220968544483185,
        "3": 0.3209651708602905,
        "4": 0.310809463262558,
        "5": 0.3083328604698181,
        "6": 0.3017580807209015,
        "7": 0.29970213770866394,
        "8": 0.2948613464832306,
        "9": 0.2825239598751068
    },
    "128": {
        "0": 0.29984337091445923,
        "1": 0.29061266779899597,
        "2": 0.28548258543014526,
        "3": 0.2745491564273834,
        "4": 0.2732187807559967,
        "5": 0.2730620801448822,
        "6": 0.2652074098587036,
        "7": 0.2635308802127838,
        "8": 0.26080501079559326,
        "9": 0.24661239981651306
    },
    "144": {
        "0": 0.36663997173309326,
        "1": 0.3642817437648773,
        "2": 0.35899558663368225,
        "3": 0.3572084903717041,
        "4": 0.34888678789138794,
        "5": 0.3274593651294708,
        "6": 0.3274347484111786,
        "7": 0.3237549066543579,
        "8": 0.32167038321495056,
        "9": 0.31050360202789307
    },
    "160": {
        "0": 0.3323580026626587,
        "1": 0.3258492350578308,
        "2": 0.3207041919231415,
        "3": 0.30141592025756836,
        "4": 0.2937632203102112,
        "5": 0.288390189409256,
        "6": 0.2878347337245941,
        "7": 0.28452590107917786,
        "8": 0.2795184850692749,
        "9": 0.2794404625892639
    },
    "176": {
        "0": 0.3542722761631012,
        "1": 0.3432111442089081,
        "2": 0.3401543200016022,
        "3": 0.33012548089027405,
        "4": 0.3216021656990051,
        "5": 0.31651589274406433,
        "6": 0.30461904406547546,
        "7": 0.2919345498085022,
        "8": 0.2884012460708618,
        "9": 0.28578057885169983
    },
    "192": {
        "0": 0.31656014919281006,
        "1": 0.3161763846874237,
        "2": 0.3156469762325287,
        "3": 0.30555835366249084,
        "4": 0.29049986600875854,
        "5": 0.2808101177215576,
        "6": 0.27732881903648376,
        "7": 0.25827836990356445,
        "8": 0.2451895773410797,
        "9": 0.2449156939983368
    },
    "208": {
        "0": 0.2672201693058014,
        "1": 0.26676759123802185,
        "2": 0.2662126123905182,
        "3": 0.2611786723136902,
        "4": 0.2590862512588501,
        "5": 0.2521659731864929,
        "6": 0.24402931332588196,
        "7": 0.24393971264362335,
        "8": 0.2425544559955597,
        "9": 0.23887108266353607
    },
    "224": {
        "0": 0.3703298568725586,
        "1": 0.36418265104293823,
        "2": 0.3625037968158722,
        "3": 0.35434475541114807,
        "4": 0.3503701388835907,
        "5": 0.34550997614860535,
        "6": 0.32995834946632385,
        "7": 0.3227482736110687,
        "8": 0.3223508298397064,
        "9": 0.31879377365112305
    },
    "240": {
        "0": 0.31681740283966064,
        "1": 0.31433653831481934,
        "2": 0.3140864074230194,
        "3": 0.31228673458099365,
        "4": 0.30159875750541687,
        "5": 0.30151209235191345,
        "6": 0.2977886199951172,
        "7": 0.28007742762565613,
        "8": 0.2769957184791565,
        "9": 0.2749592065811157
    },
    "256": {
        "0": 0.37602198123931885,
        "1": 0.3732717037200928,
        "2": 0.3712897002696991,
        "3": 0.36307427287101746,
        "4": 0.3545495867729187,
        "5": 0.3434067964553833,
        "6": 0.3309609889984131,
        "7": 0.3221563994884491,
        "8": 0.32189619541168213,
        "9": 0.31672900915145874
    },
    "272": {
        "0": 0.3805479109287262,
        "1": 0.37647759914398193,
        "2": 0.37153270840644836,
        "3": 0.3654155731201172,
        "4": 0.3622661828994751,
        "5": 0.3554937243461609,
        "6": 0.34692513942718506,
        "7": 0.3333938419818878,
        "8": 0.330722838640213,
        "9": 0.3260434567928314
    },
    "288": {
        "0": 0.4039347171783447,
        "1": 0.40139150619506836,
        "2": 0.38780274987220764,
        "3": 0.38456541299819946,
        "4": 0.3838798701763153,
        "5": 0.37503767013549805,
        "6": 0.35480690002441406,
        "7": 0.3504426181316376,
        "8": 0.3087318539619446,
        "9": 0.30621224641799927
    },
    "304": {
        "0": 0.31701982021331787,
        "1": 0.31415244936943054,
        "2": 0.31129369139671326,
        "3": 0.30909740924835205,
        "4": 0.30479100346565247,
        "5": 0.3022659718990326,
        "6": 0.2988455891609192,
        "7": 0.2979462146759033,
        "8": 0.2650531232357025,
        "9": 0.250483900308609
    },
    "320": {
        "0": 0.2905237078666687,
        "1": 0.28798648715019226,
        "2": 0.27965253591537476,
        "3": 0.2638972997665405,
        "4": 0.2558280825614929,
        "5": 0.2551909387111664,
        "6": 0.25513848662376404,
        "7": 0.24527637660503387,
        "8": 0.24272699654102325,
        "9": 0.24191804230213165
    },
    "336": {
        "0": 0.3065257966518402,
        "1": 0.30545252561569214,
        "2": 0.30000004172325134,
        "3": 0.27789393067359924,
        "4": 0.26690706610679626,
        "5": 0.25933170318603516,
        "6": 0.2590956389904022,
        "7": 0.24516993761062622,
        "8": 0.23874777555465698,
        "9": 0.23705168068408966
    },
    "352": {
        "0": 0.31112605333328247,
        "1": 0.3043733537197113,
        "2": 0.3032185733318329,
        "3": 0.2832190990447998,
        "4": 0.2786351144313812,
        "5": 0.2755472660064697,