{
    "0": {
        "0": 0.3972926139831543,
        "1": 0.3952848017215729,
        "2": 0.3952658176422119,
        "3": 0.3830904960632324,
        "4": 0.3796519637107849,
        "5": 0.3790943920612335,
        "6": 0.3767097592353821,
        "7": 0.3699474334716797,
        "8": 0.3546442687511444,
        "9": 0.32775846123695374
    },
    "16": {
        "0": 0.4248417019844055,
        "1": 0.42452892661094666,
        "2": 0.41764572262763977,
        "3": 0.4054003953933716,
        "4": 0.40187326073646545,
        "5": 0.3998510241508484,
        "6": 0.3930836319923401,
        "7": 0.38630327582359314,
        "8": 0.3788476884365082,
        "9": 0.3447797894477844
    },
    "32": {
        "0": 0.40841811895370483,
        "1": 0.40798625349998474,
        "2": 0.40047046542167664,
        "3": 0.3931998312473297,
        "4": 0.3861103355884552,
        "5": 0.38198480010032654,
        "6": 0.37770572304725647,
        "7": 0.36962711811065674,
        "8": 0.3671160340309143,
        "9": 0.3228456676006317
    },
    "48": {
        "0": 0.3953498601913452,
        "1": 0.3835486173629761,
        "2": 0.37753355503082275,
        "3": 0.37744030356407166,
        "4": 0.3713147044181824,
        "5": 0.3696512281894684,
        "6": 0.3694263696670532,
        "7": 0.3692721128463745,
        "8": 0.3592980206012726,
        "9": 0.31592413783073425
    },
    "64": {
        "0": 0.3844163417816162,
        "1": 0.3671640157699585,
        "2": 0.3646392226219177,
        "3": 0.35906532406806946,
        "4": 0.3556707501411438,
        "5": 0.35430699586868286,
        "6": 0.3514542579650879,
        "7": 0.3512776792049408,
        "8": 0.35106468200683594,
        "9": 0.29815974831581116
    },
    "80": {
        "0": 0.3456185758113861,
        "1": 0.3372442424297333,
        "2": 0.33621811866760254,
        "3": 0.3359449803829193,
        "4": 0.3354946970939636,
        "5": 0.3249342739582062,
        "6": 0.31946924328804016,
        "7": 0.31626591086387634,
        "8": 0.31296271085739136,
        "9": 0.2938809096813202
    },
    "96": {
        "0": 0.4031834602355957,
        "1": 0.4025976061820984,
        "2": 0.39598676562309265,
        "3": 0.3876120448112488,
        "4": 0.38557642698287964,
        "5": 0.37890976667404175,
        "6": 0.36926984786987305,
        "7": 0.3618919253349304,
        "8": 0.3551161289215088,
        "9": 0.3217356503009796
    },
    "112": {
        "0": 0.39331477880477905,
        "1": 0.3846624493598938,
        "2": 0.3787701725959778,
        "3": 0.3663455843925476,
        "4": 0.3647720217704773,
        "5": 0.359821617603302,
        "6": 0.355025976896286,
        "7": 0.35113048553466797,
        "8": 0.3478025197982788,
        "9": 0.2974992096424103
    },
    "128": {
        "0": 0.34583306312561035,
        "1": 0.3430122137069702,
        "2": 0.34077247977256775,
        "3": 0.33718016743659973,
        "4": 0.33702972531318665,
        "5": 0.328409343957901,
        "6": 0.32581230998039246,
        "7": 0.324947327375412,
        "8": 0.31782954931259155,
        "9": 0.31468135118484497
    },
    "144": {
        "0": 0.32561925053596497,
        "1": 0.324926495552063,
        "2": 0.31910568475723267,
        "3": 0.31586217880249023,
        "4": 0.3103363811969757,
        "5": 0.3053499162197113,
        "6": 0.30368325114250183,
        "7": 0.3026541471481323,
        "8": 0.2833213806152344,
        "9": 0.28013038635253906
    },
    "160": {
        "0": 0.38845694065093994,
        "1": 0.37870606780052185,
        "2": 0.3778049945831299,
        "3": 0.376259982585907,
        "4": 0.3665096163749695,
        "5": 0.36466145515441895,
        "6": 0.3575526177883148,
        "7": 0.35725077986717224,
        "8": 0.35542839765548706,
        "9": 0.30306577682495117
    },
    "176": {
        "0": 0.35711055994033813,
        "1": 0.34756192564964294,
        "2": 0.34187591075897217,
        "3": 0.3413306772708893,
        "4": 0.34114912152290344,
        "5": 0.33604294061660767,
        "6": 0.33138296008110046,
        "7": 0.32802674174308777,
        "8": 0.3158074915409088,
        "9": 0.31363534927368164
    },
    "192": {
        "0": 0.3637736141681671,
        "1": 0.35809677839279175,
        "2": 0.34730231761932373,
        "3": 0.34222471714019775,
        "4": 0.33903437852859497,
        "5": 0.3382149338722229,
        "6": 0.3371293544769287,
        "7": 0.33658653497695923,
        "8": 0.33610621094703674,
        "9": 0.335843563079834
    },
    "208": {
        "0": 0.38772836327552795,
        "1": 0.3684200048446655,
        "2": 0.35632574558258057,
        "3": 0.3488040566444397,
        "4": 0.3437510132789612,
        "5": 0.31838616728782654,
        "6": 0.31703102588653564,
        "7": 0.3165166974067688,
        "8": 0.31590330600738525,
        "9": 0.3076450526714325
    },
    "224": {
        "0": 0.41731199622154236,
        "1": 0.39345529675483704,
        "2": 0.3855920433998108,
        "3": 0.3768227696418762,
        "4": 0.36072444915771484,
        "5": 0.35821741819381714,
        "6": 0.35451000928878784,
        "7": 0.3535768985748291,
        "8": 0.35280194878578186,
        "9": 0.3382193446159363
    },
    "240": {
        "0": 0.4004735052585602,
        "1": 0.3607610762119293,
        "2": 0.35399559140205383,
        "3": 0.35376808047294617,
        "4": 0.35021093487739563,
        "5": 0.34797239303588867,
        "6": 0.3454582095146179,
        "7": 0.3412061929702759,
        "8": 0.3331012427806854,
        "9": 0.3263982832431793
    },
    "256": {
        "0": 0.33198434114456177,
        "1": 0.3271697163581848,
        "2": 0.3270883560180664,
        "3": 0.31527179479599,
        "4": 0.2940020263195038,
        "5": 0.2869775593280792,
        "6": 0.28449538350105286,
        "7": 0.2658798396587372,
        "8": 0.25144195556640625,
        "9": 0.2514092028141022
    },
    "272": {
        "0": 0.32081884145736694,
        "1": 0.30900493264198303,
        "2": 0.2960975170135498,
        "3": 0.2947936952114105,
        "4": 0.29037684202194214,
        "5": 0.27646902203559875,
        "6": 0.27440115809440613,
        "7": 0.27153706550598145,
        "8": 0.26596856117248535,
        "9": 0.26318907737731934
    },
    "288": {
        "0": 0.36454346776008606,
        "1": 0.35737505555152893,
        "2": 0.3351810872554779,
        "3": 0.32925671339035034,
        "4": 0.32502034306526184,
        "5": 0.32349562644958496,
        "6": 0.32218530774116516,
        "7": 0.3160453140735626,
        "8": 0.3076440095901489,
        "9": 0.3001408576965332
    },
    "304": {
        "0": 0.3391912579536438,
        "1": 0.3337048888206482,
        "2": 0.31649941205978394,
        "3": 0.30951839685440063,
        "4": 0.3085278272628784,
        "5": 0.303265243768692,
        "6": 0.30166861414909363,
        "7": 0.3016202747821808,
        "8": 0.2979232668876648,
        "9": 0.29269030690193176
    },
    "320": {
        "0": 0.3473791182041168,
        "1": 0.3432634174823761,
        "2": 0.320537805557251,
        "3": 0.31682825088500977,
        "4": 0.3127630352973938,
        "5": 0.31216076016426086,
        "6": 0.30688539147377014,
        "7": 0.3031848669052124,
        "8": 0.29627862572669983,
        "9": 0.2825266718864441
    },
    "336": {
        "0": 0.3103578984737396,
        "1": 0.29791492223739624,
        "2": 0.2941035330295563,
        "3": 0.28145381808280945,
        "4": 0.2744007408618927,
        "5": 0.2714966833591461,
        "6": 0.2672261893749237,
        "7": 0.2588450014591217,
        "8": 0.25390514731407166,
        "9": 0.2387561947107315
    },
    "352": {
        "0": 0.3332589268684387,
        "1": 0.32390961050987244,
        "2": 0.30423831939697266,
        "3": 0.2988865375518799,
        "4": 0.2959510385990143,
        "5": 0.2829556465148926,