{
    "0": {
        "0": 0.3100222647190094,
        "1": 0.30967947840690613,
        "2": 0.30843305587768555,
        "3": 0.3046923279762268,
        "4": 0.3036353886127472,
        "5": 0.30355632305145264,
        "6": 0.29434365034103394,
        "7": 0.2875538170337677,
        "8": 0.2849177420139313,
        "9": 0.2707965075969696
    },
    "16": {
        "0": 0.26914721727371216,
        "1": 0.2620432376861572,
        "2": 0.2572196424007416,
        "3": 0.2550620436668396,
        "4": 0.24478620290756226,
        "5": 0.22992688417434692,
        "6": 0.22578832507133484,
        "7": 0.212554931640625,
        "8": 0.19840919971466064,
        "9": 0.19699504971504211
    },
    "32": {
        "0": 0.27443376183509827,
        "1": 0.2678587734699249,
        "2": 0.2670258581638336,
        "3": 0.26331907510757446,
        "4": 0.2517644166946411,
        "5": 0.2369181215763092,
        "6": 0.23188087344169617,
        "7": 0.22734029591083527,
        "8": 0.21395343542099,
        "9": 0.20559602975845337
    },
    "48": {
        "0": 0.27443376183509827,
        "1": 0.2678587734699249,
        "2": 0.2670258581638336,
        "3": 0.26331907510757446,
        "4": 0.2517644166946411,
        "5": 0.2369181215763092,
        "6": 0.23188087344169617,
        "7": 0.22734029591083527,
        "8": 0.21395343542099,
        "9": 0.20559602975845337
    },
    "64": {
        "0": 0.27443376183509827,
        "1": 0.2678587734699249,
        "2": 0.2670258581638336,
        "3": 0.26331907510757446,
        "4": 0.2517644166946411,
        "5": 0.2369181215763092,
        "6": 0.23188087344169617,
        "7": 0.22734029591083527,
        "8": 0.21395343542099,
        "9": 0.20559602975845337
    },
    "80": {
        "0": 0.27443376183509827,
        "1": 0.2678587734699249,
        "2": 0.2670258581638336,
        "3": 0.26331907510757446,
        "4": 0.2517644166946411,
        "5": 0.2369181215763092,
        "6": 0.23188087344169617,
        "7": 0.22734029591083527,
        "8": 0.21395343542099,
        "9": 0.20559602975845337
    },
    "96": {
        "0": 0.27443376183509827,
        "1": 0.2678587734699249,
        "2": 0.2670258581638336,
        "3": 0.26331907510757446,
        "4": 0.2517644166946411,
        "5": 0.2369181215763092,
        "6": 0.23188087344169617,
        "7": 0.22734029591083527,
        "8": 0.21395343542099,
        "9": 0.20559602975845337
    },
    "112": {
        "0": 0.27443376183509827,
        "1": 0.2678587734699249,
        "2": 0.2670258581638336,
        "3": 0.26331907510757446,
        "4": 0.2517644166946411,
        "5": 0.2369181215763092,
        "6": 0.23188087344169617,
        "7": 0.22734029591083527,
        "8": 0.21395343542099,
        "9": 0.20559602975845337
    },
    "128": {
        "0": 0.32662302255630493,
        "1": 0.32549628615379333,
        "2": 0.32467910647392273,
        "3": 0.3088890314102173,
        "4": 0.30401426553726196,
        "5": 0.29825055599212646,
        "6": 0.29317665100097656,
        "7": 0.2831847667694092,
        "8": 0.28289467096328735,
        "9": 0.2636518180370331
    },
    "144": {
        "0": 0.3482731878757477,
        "1": 0.3359439969062805,
        "2": 0.3300554156303406,
        "3": 0.3253958821296692,
        "4": 0.32008230686187744,
        "5": 0.3195231258869171,
        "6": 0.3150986433029175,
        "7": 0.31473204493522644,
        "8": 0.3093034327030182,
        "9": 0.30884572863578796
    },
    "160": {
        "0": 0.35036367177963257,
        "1": 0.3367401957511902,
        "2": 0.32905250787734985,
        "3": 0.32445040345191956,
        "4": 0.3239019811153412,
        "5": 0.320820152759552,
        "6": 0.3185141682624817,
        "7": 0.31773504614830017,
        "8": 0.3174740970134735,
        "9": 0.31177765130996704
    },
    "176": {
        "0": 0.3895879089832306,
        "1": 0.389148473739624,
        "2": 0.3856906294822693,
        "3": 0.3822054862976074,
        "4": 0.38118717074394226,
        "5": 0.36790069937705994,
        "6": 0.3635794222354889,
        "7": 0.36026227474212646,
        "8": 0.35527363419532776,
        "9": 0.35295307636260986
    },
    "192": {
        "0": 0.37991535663604736,
        "1": 0.37493783235549927,
        "2": 0.3724592924118042,
        "3": 0.3709528148174286,
        "4": 0.3584434986114502,
        "5": 0.3483120799064636,
        "6": 0.3475501239299774,
        "7": 0.34143245220184326,
        "8": 0.33852919936180115,
        "9": 0.33745768666267395
    },
    "208": {
        "0": 0.3719935417175293,
        "1": 0.36832472681999207,
        "2": 0.3655453622341156,
        "3": 0.36124563217163086,
        "4": 0.35622990131378174,
        "5": 0.34549155831336975,
        "6": 0.3428054451942444,
        "7": 0.34219133853912354,
        "8": 0.3369079530239105,
        "9": 0.33645737171173096
    },
    "224": {
        "0": 0.32990238070487976,
        "1": 0.32113149762153625,
        "2": 0.31887054443359375,
        "3": 0.31837308406829834,
        "4": 0.31167393922805786,
        "5": 0.30714523792266846,
        "6": 0.30524760484695435,
        "7": 0.30216309428215027,
        "8": 0.29590490460395813,
        "9": 0.2892937660217285
    },
    "240": {
        "0": 0.3653295934200287,
        "1": 0.36426395177841187,
        "2": 0.35966986417770386,
        "3": 0.3571292459964752,
        "4": 0.34987500309944153,
        "5": 0.34331685304641724,
        "6": 0.3378199338912964,
        "7": 0.33692073822021484,
        "8": 0.3281448483467102,
        "9": 0.32772940397262573
    },
    "256": {
        "0": 0.3188174366950989,
        "1": 0.3163277506828308,
        "2": 0.3080647885799408,
        "3": 0.3040498197078705,
        "4": 0.3031700551509857,
        "5": 0.3024075925350189,
        "6": 0.2965478003025055,
        "7": 0.2947663366794586,
        "8": 0.2941414415836334,
        "9": 0.2937309741973877
    },
    "272": {
        "0": 0.39045149087905884,
        "1": 0.38550859689712524,
        "2": 0.3852125406265259,
        "3": 0.3786672353744507,
        "4": 0.3783663213253021,
        "5": 0.3690495491027832,
        "6": 0.3665066063404083,
        "7": 0.3618660271167755,
        "8": 0.348819762468338,
        "9": 0.34603947401046753
    },
    "288": {
        "0": 0.39045149087905884,
        "1": 0.38550859689712524,
        "2": 0.3852125406265259,
        "3": 0.3786672353744507,
        "4": 0.3783663213253021,
        "5": 0.3690495491027832,
        "6": 0.3665066063404083,
        "7": 0.3618660271167755,
        "8": 0.348819762468338,
        "9": 0.34603947401046753
    },
    "304": {
        "0": 0.39045149087905884,
        "1": 0.38550859689712524,
        "2": 0.3852125406265259,
        "3": 0.3786672353744507,
        "4": 0.3783663213253021,
        "5": 0.3690495491027832,
        "6": 0.3665066063404083,
        "7": 0.3618660271167755,
        "8": 0.348819762468338,
        "9": 0.34603947401046753
    },
    "320": {
        "0": 0.39045149087905884,
        "1": 0.38550859689712524,
        "2": 0.3852125406265259,
        "3": 0.3786672353744507,
        "4": 0.3783663213253021,
        "5": 0.3690495491027832,
        "6": 0.3665066063404083,
        "7": 0.3618660271167755,
        "8": 0.348819762468338,
        "9": 0.34603947401046753
    },
    "336": {
        "0": 0.39045149087905884,
        "1": 0.38550859689712524,
        "2": 0.3852125406265259,
        "3": 0.3786672353744507,
        "4": 0.3783663213253021,
        "5": 0.3690495491027832,
        "6": 0.3665066063404083,
        "7": 0.3618660271167755,
        "8": 0.348819762468338,
        "9": 0.34603947401046753
    },
    "352": {
        "0": 0.39045149087905884,
        "1": 0.38550859689712524,
        "2": 0.3852125406265259,
        "3": 0.3786672353744507,
        "4": 0.3783663213253021,
        "5": 0.3690495491027832,
        "6": 0.3665066063404083,