{
    "0": {
        "0": 0.33419525623321533,
        "1": 0.3251151442527771,
        "2": 0.31698060035705566,
        "3": 0.3166900873184204,
        "4": 0.31006285548210144,
        "5": 0.3050706684589386,
        "6": 0.3017820119857788,
        "7": 0.29900383949279785,
        "8": 0.295810729265213,
        "9": 0.2920510768890381
    },
    "16": {
        "0": 0.34853866696357727,
        "1": 0.3384399712085724,
        "2": 0.3330121636390686,
        "3": 0.33046719431877136,
        "4": 0.32635119557380676,
        "5": 0.32191285490989685,
        "6": 0.3159947395324707,
        "7": 0.3119733929634094,
        "8": 0.3096635937690735,
        "9": 0.3093048632144928
    },
    "32": {
        "0": 0.3498021364212036,
        "1": 0.3294651210308075,
        "2": 0.32556769251823425,
        "3": 0.3241550922393799,
        "4": 0.32347652316093445,
        "5": 0.31475844979286194,
        "6": 0.3063459098339081,
        "7": 0.30627140402793884,
        "8": 0.30592721700668335,
        "9": 0.3036116659641266
    },
    "48": {
        "0": 0.3119097650051117,
        "1": 0.31154918670654297,
        "2": 0.31079837679862976,
        "3": 0.30476078391075134,
        "4": 0.3028511703014374,
        "5": 0.3001153767108917,
        "6": 0.2993922531604767,
        "7": 0.29894378781318665,
        "8": 0.2974384129047394,
        "9": 0.2971547544002533
    },
    "64": {
        "0": 0.32895368337631226,
        "1": 0.3277604877948761,
        "2": 0.3275837302207947,
        "3": 0.3210102915763855,
        "4": 0.3190159201622009,
        "5": 0.31334689259529114,
        "6": 0.3130229413509369,
        "7": 0.30668023228645325,
        "8": 0.3061946928501129,
        "9": 0.30402082204818726
    },
    "80": {
        "0": 0.3452679514884949,
        "1": 0.33241841197013855,
        "2": 0.3285314738750458,
        "3": 0.32758066058158875,
        "4": 0.32727205753326416,
        "5": 0.32514330744743347,
        "6": 0.3212733268737793,
        "7": 0.3097991943359375,
        "8": 0.30765748023986816,
        "9": 0.30026039481163025
    },
    "96": {
        "0": 0.3608531653881073,
        "1": 0.3563399016857147,
        "2": 0.35263851284980774,
        "3": 0.3522126078605652,
        "4": 0.34109246730804443,
        "5": 0.3394898772239685,
        "6": 0.33756694197654724,
        "7": 0.3294924199581146,
        "8": 0.3281012177467346,
        "9": 0.32708728313446045
    },
    "112": {
        "0": 0.36589449644088745,
        "1": 0.3625620901584625,
        "2": 0.3611561059951782,
        "3": 0.3447876274585724,
        "4": 0.3417462110519409,
        "5": 0.34116125106811523,
        "6": 0.33398932218551636,
        "7": 0.33337435126304626,
        "8": 0.3278459310531616,
        "9": 0.32691940665245056
    },
    "128": {
        "0": 0.3642314076423645,
        "1": 0.36312374472618103,
        "2": 0.35887715220451355,
        "3": 0.35777777433395386,
        "4": 0.3534453511238098,
        "5": 0.35124629735946655,
        "6": 0.34219878911972046,
        "7": 0.3390201926231384,
        "8": 0.3383447527885437,
        "9": 0.3368409276008606
    },
    "144": {
        "0": 0.40086668729782104,
        "1": 0.3909078538417816,
        "2": 0.38856154680252075,
        "3": 0.387535035610199,
        "4": 0.38116776943206787,
        "5": 0.3740331530570984,
        "6": 0.37376484274864197,
        "7": 0.3734987676143646,
        "8": 0.3721217215061188,
        "9": 0.3719600737094879
    },
    "160": {
        "0": 0.39268243312835693,
        "1": 0.3875625729560852,
        "2": 0.3867943286895752,
        "3": 0.38010817766189575,
        "4": 0.3774898052215576,
        "5": 0.3754425644874573,
        "6": 0.3691345155239105,
        "7": 0.36777806282043457,
        "8": 0.36595913767814636,
        "9": 0.3658045530319214
    },
    "176": {
        "0": 0.38957884907722473,
        "1": 0.38275834918022156,
        "2": 0.3825576901435852,
        "3": 0.371839702129364,
        "4": 0.3711220622062683,
        "5": 0.37084534764289856,
        "6": 0.3706524968147278,
        "7": 0.3688526153564453,
        "8": 0.3655903935432434,
        "9": 0.36516785621643066
    },
    "192": {
        "0": 0.3774511218070984,
        "1": 0.3590351939201355,
        "2": 0.355874240398407,
        "3": 0.3432885706424713,
        "4": 0.3332325518131256,
        "5": 0.3327297270298004,
        "6": 0.3306027352809906,
        "7": 0.3286176919937134,
        "8": 0.3206787705421448,
        "9": 0.302653968334198
    },
    "208": {
        "0": 0.3813375234603882,
        "1": 0.3758089542388916,
        "2": 0.37144240736961365,
        "3": 0.36055833101272583,
        "4": 0.35843849182128906,
        "5": 0.3488720655441284,
        "6": 0.3477482497692108,
        "7": 0.3452078402042389,
        "8": 0.3246940076351166,
        "9": 0.32031679153442383
    },
    "224": {
        "0": 0.39861682057380676,
        "1": 0.3863754868507385,
        "2": 0.37426653504371643,
        "3": 0.3734583258628845,
        "4": 0.3729036748409271,
        "5": 0.3654020428657532,
        "6": 0.3633069396018982,
        "7": 0.3530089855194092,
        "8": 0.3379504680633545,
        "9": 0.33016523718833923
    },
    "240": {
        "0": 0.3912894129753113,
        "1": 0.38453876972198486,
        "2": 0.37172338366508484,
        "3": 0.37151283025741577,
        "4": 0.37010180950164795,
        "5": 0.35755398869514465,
        "6": 0.3554178774356842,
        "7": 0.35040202736854553,
        "8": 0.3356030583381653,
        "9": 0.32727110385894775
    },
    "256": {
        "0": 0.38970768451690674,
        "1": 0.3782104551792145,
        "2": 0.37302178144454956,
        "3": 0.35846516489982605,
        "4": 0.35190150141716003,
        "5": 0.34494027495384216,
        "6": 0.3376474380493164,
        "7": 0.3327883183956146,
        "8": 0.3326558768749237,
        "9": 0.33212655782699585
    },
    "272": {
        "0": 0.3834417462348938,
        "1": 0.37380194664001465,
        "2": 0.35665059089660645,
        "3": 0.3560197353363037,
        "4": 0.34498023986816406,
        "5": 0.3449547588825226,
        "6": 0.33990001678466797,
        "7": 0.3293774724006653,
        "8": 0.3201395571231842,
        "9": 0.3155391812324524
    },
    "288": {
        "0": 0.3930203318595886,
        "1": 0.37074944376945496,
        "2": 0.3702322244644165,
        "3": 0.3530854880809784,
        "4": 0.35134682059288025,
        "5": 0.3437628448009491,
        "6": 0.3425997495651245,
        "7": 0.3358238935470581,
        "8": 0.3350781798362732,
        "9": 0.32816264033317566
    },
    "304": {
        "0": 0.34414950013160706,
        "1": 0.3362841010093689,
        "2": 0.3225869834423065,
        "3": 0.32057785987854004,
        "4": 0.3066146969795227,
        "5": 0.3031175136566162,
        "6": 0.2998221814632416,
        "7": 0.2962513566017151,
        "8": 0.2946944534778595,
        "9": 0.28410905599594116
    },
    "320": {
        "0": 0.3977258503437042,
        "1": 0.3766690790653229,
        "2": 0.3591346740722656,
        "3": 0.3541071116924286,
        "4": 0.3453913927078247,
        "5": 0.33920687437057495,
        "6": 0.3200913667678833,
        "7": 0.31979241967201233,
        "8": 0.3184411823749542,
        "9": 0.312465101480484
    },
    "336": {
        "0": 0.40650516748428345,
        "1": 0.39064815640449524,
        "2": 0.3752332627773285,
        "3": 0.36958783864974976,
        "4": 0.36800310015678406,
        "5": 0.36243030428886414,
        "6": 0.3568597137928009,
        "7": 0.35623231530189514,
        "8": 0.35605692863464355,
        "9": 0.34892523288726807
    },
    "352": {
        "0": 0.37938812375068665,
        "1": 0.3714877963066101,
        "2": 0.36991506814956665,
        "3": 0.3673231601715088,
        "4": 0.3661222457885742,
        "5": 0.36610010266304016,