{
    "0": {
        "0": 0.3839226961135864,
        "1": 0.3832697868347168,
        "2": 0.3728277087211609,
        "3": 0.3657298982143402,
        "4": 0.36526626348495483,
        "5": 0.35410720109939575,
        "6": 0.3457444906234741,
        "7": 0.33696725964546204,
        "8": 0.33255434036254883,
        "9": 0.32958734035491943
    },
    "16": {
        "0": 0.3894651234149933,
        "1": 0.3849777281284332,
        "2": 0.37877804040908813,
        "3": 0.3725789785385132,
        "4": 0.3700181245803833,
        "5": 0.35696959495544434,
        "6": 0.3472197949886322,
        "7": 0.3415953516960144,
        "8": 0.33448508381843567,
        "9": 0.33083248138427734
    },
    "32": {
        "0": 0.3898746073246002,
        "1": 0.3834169805049896,
        "2": 0.37449613213539124,
        "3": 0.3686559796333313,
        "4": 0.36398303508758545,
        "5": 0.3510134220123291,
        "6": 0.34005993604660034,
        "7": 0.33865341544151306,
        "8": 0.3310810327529907,
        "9": 0.32560059428215027
    },
    "48": {
        "0": 0.3917086124420166,
        "1": 0.38648489117622375,
        "2": 0.38098767399787903,
        "3": 0.37463071942329407,
        "4": 0.37343156337738037,
        "5": 0.36166685819625854,
        "6": 0.35083556175231934,
        "7": 0.34361934661865234,
        "8": 0.34021204710006714,
        "9": 0.3343132734298706
    },
    "64": {
        "0": 0.3997669816017151,
        "1": 0.39935728907585144,
        "2": 0.38988861441612244,
        "3": 0.38366732001304626,
        "4": 0.38042891025543213,
        "5": 0.3640073835849762,
        "6": 0.36181727051734924,
        "7": 0.3529221713542938,
        "8": 0.34429892897605896,
        "9": 0.34392985701560974
    },
    "80": {
        "0": 0.4016827344894409,
        "1": 0.39513036608695984,
        "2": 0.3908463716506958,
        "3": 0.38707393407821655,
        "4": 0.3822833001613617,
        "5": 0.37146198749542236,
        "6": 0.3544212579727173,
        "7": 0.3525369465351105,
        "8": 0.3493919372558594,
        "9": 0.34402790665626526
    },
    "96": {
        "0": 0.40457645058631897,
        "1": 0.38249650597572327,
        "2": 0.38086360692977905,
        "3": 0.3785397708415985,
        "4": 0.36957088112831116,
        "5": 0.3629518747329712,
        "6": 0.3512311577796936,
        "7": 0.3496150076389313,
        "8": 0.3446335196495056,
        "9": 0.33753713965415955
    },
    "112": {
        "0": 0.4102681875228882,
        "1": 0.38988906145095825,
        "2": 0.38786110281944275,
        "3": 0.3833552598953247,
        "4": 0.3825499415397644,
        "5": 0.37521910667419434,
        "6": 0.3649787902832031,
        "7": 0.36041778326034546,
        "8": 0.35941457748413086,
        "9": 0.35766762495040894
    },
    "128": {
        "0": 0.38677483797073364,
        "1": 0.38125884532928467,
        "2": 0.38084903359413147,
        "3": 0.3798646926879883,
        "4": 0.3722667098045349,
        "5": 0.36635419726371765,
        "6": 0.34821727871894836,
        "7": 0.3462795913219452,
        "8": 0.34616443514823914,
        "9": 0.34227609634399414
    },
    "144": {
        "0": 0.3887656331062317,
        "1": 0.38345593214035034,
        "2": 0.38081133365631104,
        "3": 0.3806512951850891,
        "4": 0.36982133984565735,
        "5": 0.3613261282444,
        "6": 0.35143834352493286,
        "7": 0.34609511494636536,
        "8": 0.343778520822525,
        "9": 0.3338806927204132
    },
    "160": {
        "0": 0.3874390125274658,
        "1": 0.3823743462562561,
        "2": 0.3750861585140228,
        "3": 0.36714962124824524,
        "4": 0.3653968572616577,
        "5": 0.3625004291534424,
        "6": 0.35279691219329834,
        "7": 0.35206639766693115,
        "8": 0.345268577337265,
        "9": 0.34447821974754333
    },
    "176": {
        "0": 0.37721413373947144,
        "1": 0.3741568624973297,
        "2": 0.36993053555488586,
        "3": 0.36682629585266113,
        "4": 0.35717442631721497,
        "5": 0.354223370552063,
        "6": 0.3520143926143646,
        "7": 0.3497510552406311,
        "8": 0.345187783241272,
        "9": 0.34108540415763855
    },
    "192": {
        "0": 0.37325334548950195,
        "1": 0.3703724443912506,
        "2": 0.37007439136505127,
        "3": 0.3636159598827362,
        "4": 0.3607948422431946,
        "5": 0.3545491099357605,
        "6": 0.3525509834289551,
        "7": 0.3378410041332245,
        "8": 0.33770960569381714,
        "9": 0.3352169096469879
    },
    "208": {
        "0": 0.3890611231327057,
        "1": 0.38360968232154846,
        "2": 0.3782297372817993,
        "3": 0.3719640374183655,
        "4": 0.3687911331653595,
        "5": 0.3612150251865387,
        "6": 0.34609970450401306,
        "7": 0.34198588132858276,
        "8": 0.3378456234931946,
        "9": 0.3365703821182251
    },
    "224": {
        "0": 0.3714677393436432,
        "1": 0.3690030574798584,
        "2": 0.3551676571369171,
        "3": 0.3488679528236389,
        "4": 0.3370419144630432,
        "5": 0.3341847360134125,
        "6": 0.33349671959877014,
        "7": 0.33242088556289673,
        "8": 0.3319900333881378,
        "9": 0.33193543553352356
    },
    "240": {
        "0": 0.37306490540504456,
        "1": 0.36526426672935486,
        "2": 0.36459463834762573,
        "3": 0.36207976937294006,
        "4": 0.3587028384208679,
        "5": 0.35759004950523376,
        "6": 0.3557424545288086,
        "7": 0.352535605430603,
        "8": 0.34865885972976685,
        "9": 0.3414493799209595
    },
    "256": {
        "0": 0.3766883611679077,
        "1": 0.3671182096004486,
        "2": 0.3608015179634094,
        "3": 0.3556579649448395,
        "4": 0.34975993633270264,
        "5": 0.3451094627380371,
        "6": 0.3427286744117737,
        "7": 0.3381245732307434,
        "8": 0.3361699879169464,
        "9": 0.3360922634601593
    },
    "272": {
        "0": 0.3802488446235657,
        "1": 0.3700062036514282,
        "2": 0.36568140983581543,
        "3": 0.358795166015625,
        "4": 0.3549383580684662,
        "5": 0.34476035833358765,
        "6": 0.34315839409828186,
        "7": 0.3289887607097626,
        "8": 0.327989399433136,
        "9": 0.32784610986709595
    },
    "288": {
        "0": 0.39323702454566956,
        "1": 0.38602688908576965,
        "2": 0.3834388852119446,
        "3": 0.38171252608299255,
        "4": 0.3691422641277313,
        "5": 0.3610060214996338,
        "6": 0.35753723978996277,
        "7": 0.3432934880256653,
        "8": 0.3394739329814911,
        "9": 0.33931127190589905
    },
    "304": {
        "0": 0.38660621643066406,
        "1": 0.38305598497390747,
        "2": 0.38273006677627563,
        "3": 0.3789132237434387,
        "4": 0.36683160066604614,
        "5": 0.3589989244937897,
        "6": 0.35129600763320923,
        "7": 0.3466798663139343,
        "8": 0.3446056842803955,
        "9": 0.34156498312950134
    },
    "320": {
        "0": 0.3812982439994812,
        "1": 0.37537139654159546,
        "2": 0.37043479084968567,
        "3": 0.363363116979599,
        "4": 0.35952603816986084,
        "5": 0.3550552725791931,
        "6": 0.35057854652404785,
        "7": 0.34782785177230835,
        "8": 0.3469467759132385,
        "9": 0.34314537048339844
    },
    "336": {
        "0": 0.3877932131290436,
        "1": 0.375089168548584,
        "2": 0.36744529008865356,
        "3": 0.3643854856491089,
        "4": 0.35804688930511475,
        "5": 0.3526662588119507,
        "6": 0.3490059971809387,
        "7": 0.3472553491592407,
        "8": 0.34530431032180786,
        "9": 0.3399654030799866
    },
    "352": {
        "0": 0.38758572936058044,
        "1": 0.36932453513145447,
        "2": 0.36452895402908325,
        "3": 0.3640352487564087,
        "4": 0.35415706038475037,
        "5": 0.3500326871871948,