{
    "0": {
        "0": 0.3449397385120392,
        "1": 0.3393082022666931,
        "2": 0.33582183718681335,
        "3": 0.3328329920768738,
        "4": 0.33022066950798035,
        "5": 0.32880476117134094,
        "6": 0.32825368642807007,
        "7": 0.3278370499610901,
        "8": 0.32768380641937256,
        "9": 0.32660070061683655
    },
    "16": {
        "0": 0.38471153378486633,
        "1": 0.3742854595184326,
        "2": 0.37415939569473267,
        "3": 0.3712659180164337,
        "4": 0.36855822801589966,
        "5": 0.3680367171764374,
        "6": 0.3627662658691406,
        "7": 0.3624861240386963,
        "8": 0.3622390031814575,
        "9": 0.36221984028816223
    },
    "32": {
        "0": 0.39155545830726624,
        "1": 0.38993334770202637,
        "2": 0.38819998502731323,
        "3": 0.38632965087890625,
        "4": 0.3852039873600006,
        "5": 0.38421890139579773,
        "6": 0.3834364414215088,
        "7": 0.3800978660583496,
        "8": 0.3792048394680023,
        "9": 0.3787398636341095
    },
    "48": {
        "0": 0.3571094274520874,
        "1": 0.3496338129043579,
        "2": 0.3432776629924774,
        "3": 0.34240418672561646,
        "4": 0.3417414128780365,
        "5": 0.3411926329135895,
        "6": 0.3404989242553711,
        "7": 0.33871209621429443,
        "8": 0.3382190465927124,
        "9": 0.3367796242237091
    },
    "64": {
        "0": 0.35567691922187805,
        "1": 0.3531801700592041,
        "2": 0.34643280506134033,
        "3": 0.34569287300109863,
        "4": 0.34522077441215515,
        "5": 0.34468820691108704,
        "6": 0.3445202112197876,
        "7": 0.3438186049461365,
        "8": 0.34367138147354126,
        "9": 0.3401219844818115
    },
    "80": {
        "0": 0.34855949878692627,
        "1": 0.34631773829460144,
        "2": 0.3414805233478546,
        "3": 0.34099939465522766,
        "4": 0.3394069969654083,
        "5": 0.3391953408718109,
        "6": 0.33881309628486633,
        "7": 0.336651474237442,
        "8": 0.33427464962005615,
        "9": 0.32981982827186584
    },
    "96": {
        "0": 0.3507927656173706,
        "1": 0.3392423689365387,
        "2": 0.336864709854126,
        "3": 0.3354543447494507,
        "4": 0.33544087409973145,
        "5": 0.3284212648868561,
        "6": 0.3269280195236206,
        "7": 0.3264005780220032,
        "8": 0.32431235909461975,
        "9": 0.3234148323535919
    },
    "112": {
        "0": 0.3863848149776459,
        "1": 0.3818936049938202,
        "2": 0.3791184425354004,
        "3": 0.3759569227695465,
        "4": 0.3758607804775238,
        "5": 0.3719021677970886,
        "6": 0.3715326189994812,
        "7": 0.3703400492668152,
        "8": 0.3694460988044739,
        "9": 0.3685177266597748
    },
    "128": {
        "0": 0.3183578848838806,
        "1": 0.31775152683258057,
        "2": 0.3142789602279663,
        "3": 0.3141966462135315,
        "4": 0.3062436878681183,
        "5": 0.30535054206848145,
        "6": 0.3043970465660095,
        "7": 0.3027339279651642,
        "8": 0.30111992359161377,
        "9": 0.30019262433052063
    },
    "144": {
        "0": 0.32940468192100525,
        "1": 0.3276430070400238,
        "2": 0.32761338353157043,
        "3": 0.325004518032074,
        "4": 0.32061609625816345,
        "5": 0.31706881523132324,
        "6": 0.3131299316883087,
        "7": 0.31101974844932556,
        "8": 0.3087977170944214,
        "9": 0.30556485056877136
    },
    "160": {
        "0": 0.3307398557662964,
        "1": 0.32089048624038696,
        "2": 0.31953656673431396,
        "3": 0.3182239234447479,
        "4": 0.31733378767967224,
        "5": 0.3126223683357239,
        "6": 0.30723610520362854,
        "7": 0.3056122362613678,
        "8": 0.3020637631416321,
        "9": 0.30174514651298523
    },
    "176": {
        "0": 0.4084068536758423,
        "1": 0.4066949486732483,
        "2": 0.40399760007858276,
        "3": 0.4027175307273865,
        "4": 0.39879006147384644,
        "5": 0.39681100845336914,
        "6": 0.39635422825813293,
        "7": 0.39404767751693726,
        "8": 0.38941115140914917,
        "9": 0.3874697685241699
    },
    "192": {
        "0": 0.38876110315322876,
        "1": 0.38656824827194214,
        "2": 0.3863575756549835,
        "3": 0.3844943940639496,
        "4": 0.383683443069458,
        "5": 0.3775906264781952,
        "6": 0.3734031021595001,
        "7": 0.37170934677124023,
        "8": 0.371587336063385,
        "9": 0.37049123644828796
    },
    "208": {
        "0": 0.3385809659957886,
        "1": 0.33708655834198,
        "2": 0.33605337142944336,
        "3": 0.3359811305999756,
        "4": 0.32659924030303955,
        "5": 0.3260553181171417,
        "6": 0.3252560496330261,
        "7": 0.3237779438495636,
        "8": 0.3228399157524109,
        "9": 0.32180923223495483
    },
    "224": {
        "0": 0.36619633436203003,
        "1": 0.3654941916465759,
        "2": 0.36472761631011963,
        "3": 0.36287978291511536,
        "4": 0.3605221211910248,
        "5": 0.3599945604801178,
        "6": 0.3595884144306183,
        "7": 0.35871151089668274,
        "8": 0.3586026430130005,
        "9": 0.3585152328014374
    },
    "240": {
        "0": 0.35439372062683105,
        "1": 0.3215053379535675,
        "2": 0.3199980556964874,
        "3": 0.3174014389514923,
        "4": 0.3091230094432831,
        "5": 0.3066774010658264,
        "6": 0.30574601888656616,
        "7": 0.30574387311935425,
        "8": 0.30276957154273987,
        "9": 0.3025389313697815
    },
    "256": {
        "0": 0.36329683661460876,
        "1": 0.3614881932735443,
        "2": 0.36107364296913147,
        "3": 0.3553518056869507,
        "4": 0.35498592257499695,
        "5": 0.35496819019317627,
        "6": 0.3513319492340088,
        "7": 0.34955063462257385,
        "8": 0.3482103943824768,
        "9": 0.34749162197113037
    },
    "272": {
        "0": 0.36708080768585205,
        "1": 0.3656720817089081,
        "2": 0.3645043969154358,
        "3": 0.3631884455680847,
        "4": 0.35794883966445923,
        "5": 0.35740649700164795,
        "6": 0.3565550744533539,
        "7": 0.3547747731208801,
        "8": 0.3524531424045563,
        "9": 0.35183823108673096
    },
    "288": {
        "0": 0.36770981550216675,
        "1": 0.3630673587322235,
        "2": 0.36151307821273804,
        "3": 0.35909563302993774,
        "4": 0.3581709861755371,
        "5": 0.3578053116798401,
        "6": 0.35287564992904663,
        "7": 0.3523455262184143,
        "8": 0.3516581952571869,
        "9": 0.35113540291786194
    },
    "304": {
        "0": 0.36268851161003113,
        "1": 0.3604787588119507,
        "2": 0.3536396324634552,
        "3": 0.35300055146217346,
        "4": 0.35197049379348755,
        "5": 0.34962210059165955,
        "6": 0.3486943542957306,
        "7": 0.34820982813835144,
        "8": 0.3466342091560364,
        "9": 0.3422453701496124
    },
    "320": {
        "0": 0.3265342712402344,
        "1": 0.32006222009658813,
        "2": 0.3071509897708893,
        "3": 0.3030872642993927,
        "4": 0.2999821901321411,
        "5": 0.2924205958843231,
        "6": 0.29217076301574707,
        "7": 0.29203036427497864,
        "8": 0.2915509045124054,
        "9": 0.2909943461418152
    },
    "336": {
        "0": 0.3384576141834259,
        "1": 0.3147900104522705,
        "2": 0.31354230642318726,
        "3": 0.31053295731544495,
        "4": 0.3031389117240906,
        "5": 0.3009834289550781,
        "6": 0.29567620158195496,
        "7": 0.2907421588897705,
        "8": 0.2891275882720947,
        "9": 0.28562331199645996
    },
    "352": {
        "0": 0.41873353719711304,
        "1": 0.4085240960121155,
        "2": 0.4079931080341339,
        "3": 0.4073219299316406,
        "4": 0.40230998396873474,
        "5": 0.401201069355011,