{
    "0": {
        "0": 0.3497546911239624,
        "1": 0.3458572328090668,
        "2": 0.3404732346534729,
        "3": 0.3381727337837219,
        "4": 0.33667346835136414,
        "5": 0.3344481587409973,
        "6": 0.334023654460907,
        "7": 0.3334199786186218,
        "8": 0.33021795749664307,
        "9": 0.32717645168304443
    },
    "16": {
        "0": 0.36122462153434753,
        "1": 0.35767170786857605,
        "2": 0.3502652645111084,
        "3": 0.349353551864624,
        "4": 0.34724998474121094,
        "5": 0.34655165672302246,
        "6": 0.3406604528427124,
        "7": 0.3395461142063141,
        "8": 0.3367632329463959,
        "9": 0.3352222442626953
    },
    "32": {
        "0": 0.36667779088020325,
        "1": 0.3592701852321625,
        "2": 0.35589680075645447,
        "3": 0.3547309935092926,
        "4": 0.3511280417442322,
        "5": 0.3496755063533783,
        "6": 0.3492550253868103,
        "7": 0.3440510630607605,
        "8": 0.3422955274581909,
        "9": 0.33594051003456116
    },
    "48": {
        "0": 0.3381752073764801,
        "1": 0.33653968572616577,
        "2": 0.33346548676490784,
        "3": 0.3317553400993347,
        "4": 0.3288336992263794,
        "5": 0.3287457823753357,
        "6": 0.327933132648468,
        "7": 0.32279205322265625,
        "8": 0.3202800750732422,
        "9": 0.31903982162475586
    },
    "64": {
        "0": 0.30216994881629944,
        "1": 0.3007347583770752,
        "2": 0.2992091476917267,
        "3": 0.2983147203922272,
        "4": 0.29316291213035583,
        "5": 0.29249924421310425,
        "6": 0.29196441173553467,
        "7": 0.2900785803794861,
        "8": 0.2864416241645813,
        "9": 0.2845168709754944
    },
    "80": {
        "0": 0.31319689750671387,
        "1": 0.312245637178421,
        "2": 0.31168845295906067,
        "3": 0.31077706813812256,
        "4": 0.31050965189933777,
        "5": 0.3068303167819977,
        "6": 0.3033504784107208,
        "7": 0.3032264709472656,
        "8": 0.3008304834365845,
        "9": 0.3004450798034668
    },
    "96": {
        "0": 0.3247046172618866,
        "1": 0.3228000998497009,
        "2": 0.3197825849056244,
        "3": 0.3186812698841095,
        "4": 0.3167072534561157,
        "5": 0.31512829661369324,
        "6": 0.3134794235229492,
        "7": 0.31328171491622925,
        "8": 0.311097115278244,
        "9": 0.3089662790298462
    },
    "112": {
        "0": 0.3555324077606201,
        "1": 0.34953197836875916,
        "2": 0.34571459889411926,
        "3": 0.3452844023704529,
        "4": 0.34504133462905884,
        "5": 0.3424074649810791,
        "6": 0.3415985405445099,
        "7": 0.3350636065006256,
        "8": 0.33497941493988037,
        "9": 0.33397385478019714
    },
    "128": {
        "0": 0.36745601892471313,
        "1": 0.36650750041007996,
        "2": 0.3638003170490265,
        "3": 0.35773271322250366,
        "4": 0.3573196530342102,
        "5": 0.3547604978084564,
        "6": 0.3538532257080078,
        "7": 0.3530643582344055,
        "8": 0.34546640515327454,
        "9": 0.3414970636367798
    },
    "144": {
        "0": 0.3739270567893982,
        "1": 0.3698112368583679,
        "2": 0.3666243851184845,
        "3": 0.3660482168197632,
        "4": 0.36494970321655273,
        "5": 0.36320072412490845,
        "6": 0.3617578148841858,
        "7": 0.3594289720058441,
        "8": 0.35911795496940613,
        "9": 0.3539859652519226
    },
    "160": {
        "0": 0.33728110790252686,
        "1": 0.3298960328102112,
        "2": 0.3256486654281616,
        "3": 0.3190089762210846,
        "4": 0.3183954656124115,
        "5": 0.3182447552680969,
        "6": 0.3149610161781311,
        "7": 0.3141123652458191,
        "8": 0.3112792372703552,
        "9": 0.31089115142822266
    },
    "176": {
        "0": 0.32616016268730164,
        "1": 0.319980651140213,
        "2": 0.3164709210395813,
        "3": 0.3158130943775177,
        "4": 0.31568437814712524,
        "5": 0.3154612183570862,
        "6": 0.3150908350944519,
        "7": 0.3131597936153412,
        "8": 0.3080579936504364,
        "9": 0.3065239191055298
    },
    "192": {
        "0": 0.3122979700565338,
        "1": 0.2950272560119629,
        "2": 0.2840528190135956,
        "3": 0.2834174633026123,
        "4": 0.28298553824424744,
        "5": 0.28284913301467896,
        "6": 0.27874064445495605,
        "7": 0.27707362174987793,
        "8": 0.27618926763534546,
        "9": 0.2658964991569519
    },
    "208": {
        "0": 0.3596106767654419,
        "1": 0.35879793763160706,
        "2": 0.3531852662563324,
        "3": 0.34504029154777527,
        "4": 0.3439463675022125,
        "5": 0.3430914282798767,
        "6": 0.3430470824241638,
        "7": 0.3423174321651459,
        "8": 0.3415682017803192,
        "9": 0.33963558077812195
    },
    "224": {
        "0": 0.3455934524536133,
        "1": 0.34172433614730835,
        "2": 0.338688462972641,
        "3": 0.3344712257385254,
        "4": 0.33088937401771545,
        "5": 0.3265169560909271,
        "6": 0.3238922655582428,
        "7": 0.3236883282661438,
        "8": 0.3213431239128113,
        "9": 0.31783050298690796
    },
    "240": {
        "0": 0.3092832863330841,
        "1": 0.3021135926246643,
        "2": 0.30204328894615173,
        "3": 0.29690736532211304,
        "4": 0.29594433307647705,
        "5": 0.290701299905777,
        "6": 0.2888141870498657,
        "7": 0.28799158334732056,
        "8": 0.28659120202064514,
        "9": 0.2827785313129425
    },
    "256": {
        "0": 0.3466193377971649,
        "1": 0.3341417908668518,
        "2": 0.3284446895122528,
        "3": 0.32435187697410583,
        "4": 0.3166954219341278,
        "5": 0.30842605233192444,
        "6": 0.3065887987613678,
        "7": 0.30547982454299927,
        "8": 0.30440452694892883,
        "9": 0.298334002494812
    },
    "272": {
        "0": 0.3579282760620117,
        "1": 0.35038095712661743,
        "2": 0.3386147618293762,
        "3": 0.3305205702781677,
        "4": 0.32813748717308044,
        "5": 0.32790905237197876,
        "6": 0.32775405049324036,
        "7": 0.3266924023628235,
        "8": 0.3258107304573059,
        "9": 0.32300305366516113
    },
    "288": {
        "0": 0.36072593927383423,
        "1": 0.3510031998157501,
        "2": 0.34864377975463867,
        "3": 0.34353533387184143,
        "4": 0.3385007977485657,
        "5": 0.336227148771286,
        "6": 0.3361857533454895,
        "7": 0.3341277539730072,
        "8": 0.3326883912086487,
        "9": 0.33151841163635254
    },
    "304": {
        "0": 0.3316677510738373,
        "1": 0.33042284846305847,
        "2": 0.32708728313446045,
        "3": 0.3137923777103424,
        "4": 0.3125506639480591,
        "5": 0.3120001554489136,
        "6": 0.311509370803833,
        "7": 0.3085126578807831,
        "8": 0.3083147704601288,
        "9": 0.3082457482814789
    },
    "320": {
        "0": 0.3491942584514618,
        "1": 0.34076255559921265,
        "2": 0.33371585607528687,
        "3": 0.3208658993244171,
        "4": 0.3198893666267395,
        "5": 0.31977206468582153,
        "6": 0.3176475465297699,
        "7": 0.31712237000465393,
        "8": 0.3163968622684479,
        "9": 0.3163551986217499
    },
    "336": {
        "0": 0.3584762215614319,
        "1": 0.35843053460121155,
        "2": 0.34632447361946106,
        "3": 0.33735156059265137,
        "4": 0.33412685990333557,
        "5": 0.33364784717559814,
        "6": 0.3327189087867737,
        "7": 0.33207830786705017,
        "8": 0.3291861116886139,
        "9": 0.3274483382701874
    },
    "352": {
        "0": 0.3689107596874237,
        "1": 0.3559989631175995,
        "2": 0.35186412930488586,
        "3": 0.3489377200603485,
        "4": 0.34591731429100037,
        "5": 0.3440375328063965,
        "6": 0.3430423438549042,