{
    "0": {
        "0": 0.32825565338134766,
        "1": 0.32762616872787476,
        "2": 0.32643789052963257,
        "3": 0.3224271833896637,
        "4": 0.3195134401321411,
        "5": 0.31915420293807983,
        "6": 0.31703999638557434,
        "7": 0.3160225450992584,
        "8": 0.31094205379486084,
        "9": 0.30681395530700684
    },
    "16": {
        "0": 0.3254876136779785,
        "1": 0.3225729465484619,
        "2": 0.3172641098499298,
        "3": 0.31567293405532837,
        "4": 0.31313803791999817,
        "5": 0.31051260232925415,
        "6": 0.3104860186576843,
        "7": 0.3084830343723297,
        "8": 0.30757156014442444,
        "9": 0.30306100845336914
    },
    "32": {
        "0": 0.35787448287010193,
        "1": 0.35403525829315186,
        "2": 0.35317888855934143,
        "3": 0.353098601102829,
        "4": 0.3525106906890869,
        "5": 0.35105371475219727,
        "6": 0.3502748906612396,
        "7": 0.3449624180793762,
        "8": 0.34403178095817566,
        "9": 0.34017765522003174
    },
    "48": {
        "0": 0.357147753238678,
        "1": 0.35590365529060364,
        "2": 0.3393198549747467,
        "3": 0.3387000560760498,
        "4": 0.3372381329536438,
        "5": 0.33673879504203796,
        "6": 0.33339923620224,
        "7": 0.33261850476264954,
        "8": 0.32561299204826355,
        "9": 0.32403427362442017
    },
    "64": {
        "0": 0.3089328408241272,
        "1": 0.30531683564186096,
        "2": 0.29543790221214294,
        "3": 0.2936694324016571,
        "4": 0.29165709018707275,
        "5": 0.29119670391082764,
        "6": 0.2909124791622162,
        "7": 0.2900148928165436,
        "8": 0.28869113326072693,
        "9": 0.285870224237442
    },
    "80": {
        "0": 0.3025856018066406,
        "1": 0.3013695776462555,
        "2": 0.2985256612300873,
        "3": 0.2878594398498535,
        "4": 0.2874355614185333,
        "5": 0.2864728271961212,
        "6": 0.2851894199848175,
        "7": 0.2813504934310913,
        "8": 0.2802649438381195,
        "9": 0.27969056367874146
    },
    "96": {
        "0": 0.28157374262809753,
        "1": 0.28072360157966614,
        "2": 0.27971988916397095,
        "3": 0.2705204486846924,
        "4": 0.2676105201244354,
        "5": 0.26731428503990173,
        "6": 0.2643187344074249,
        "7": 0.2617848515510559,
        "8": 0.2613486051559448,
        "9": 0.26133060455322266
    },
    "112": {
        "0": 0.28098064661026,
        "1": 0.2799329459667206,
        "2": 0.270006000995636,
        "3": 0.2658395767211914,
        "4": 0.2653774321079254,
        "5": 0.26446473598480225,
        "6": 0.2644176185131073,
        "7": 0.2633449137210846,
        "8": 0.2627583146095276,
        "9": 0.2582649290561676
    },
    "128": {
        "0": 0.32228419184684753,
        "1": 0.31703710556030273,
        "2": 0.3126671314239502,
        "3": 0.3096538782119751,
        "4": 0.30904367566108704,
        "5": 0.30430927872657776,
        "6": 0.3032228946685791,
        "7": 0.3023792803287506,
        "8": 0.30077964067459106,
        "9": 0.2994951903820038
    },
    "144": {
        "0": 0.3596557676792145,
        "1": 0.34819167852401733,
        "2": 0.3466678857803345,
        "3": 0.34541305899620056,
        "4": 0.34273484349250793,
        "5": 0.3419879674911499,
        "6": 0.3406747281551361,
        "7": 0.34044188261032104,
        "8": 0.33743956685066223,
        "9": 0.33086803555488586
    },
    "160": {
        "0": 0.3994019627571106,
        "1": 0.398072212934494,
        "2": 0.3950956463813782,
        "3": 0.3924839198589325,
        "4": 0.38756251335144043,
        "5": 0.3754027485847473,
        "6": 0.37030938267707825,
        "7": 0.3682500123977661,
        "8": 0.3669290542602539,
        "9": 0.3667376935482025
    },
    "176": {
        "0": 0.30074557662010193,
        "1": 0.2915929853916168,
        "2": 0.28382861614227295,
        "3": 0.28341689705848694,
        "4": 0.2743774354457855,
        "5": 0.27403679490089417,
        "6": 0.27123066782951355,
        "7": 0.267397403717041,
        "8": 0.2662731111049652,
        "9": 0.26523083448410034
    },
    "192": {
        "0": 0.27734988927841187,
        "1": 0.2675403654575348,
        "2": 0.2585667371749878,
        "3": 0.25840380787849426,
        "4": 0.2536398768424988,
        "5": 0.25090092420578003,
        "6": 0.24883165955543518,
        "7": 0.2473023682832718,
        "8": 0.24692146480083466,
        "9": 0.24324767291545868
    },
    "208": {
        "0": 0.2860420048236847,
        "1": 0.28348782658576965,
        "2": 0.2769792675971985,
        "3": 0.2720884680747986,
        "4": 0.27017202973365784,
        "5": 0.26586633920669556,
        "6": 0.26517799496650696,
        "7": 0.2639927566051483,
        "8": 0.2620962858200073,
        "9": 0.25908246636390686
    },
    "224": {
        "0": 0.2278304249048233,
        "1": 0.212678462266922,
        "2": 0.21195900440216064,
        "3": 0.2103150337934494,
        "4": 0.2023409605026245,
        "5": 0.20025897026062012,
        "6": 0.19309352338314056,
        "7": 0.19236710667610168,
        "8": 0.19128890335559845,
        "9": 0.19090767204761505
    },
    "240": {
        "0": 0.25297531485557556,
        "1": 0.24626758694648743,
        "2": 0.24013164639472961,
        "3": 0.2370346635580063,
        "4": 0.23534101247787476,
        "5": 0.22706545889377594,
        "6": 0.22210568189620972,
        "7": 0.2217399924993515,
        "8": 0.21897265315055847,
        "9": 0.21461841464042664
    },
    "256": {
        "0": 0.24259845912456512,
        "1": 0.23059050738811493,
        "2": 0.2271271049976349,
        "3": 0.22551129758358002,
        "4": 0.2187119573354721,
        "5": 0.21170592308044434,
        "6": 0.21062920987606049,
        "7": 0.20759211480617523,
        "8": 0.20697981119155884,
        "9": 0.20088933408260345
    },
    "272": {
        "0": 0.25755906105041504,
        "1": 0.2549533247947693,
        "2": 0.24847301840782166,
        "3": 0.2473829835653305,
        "4": 0.24621964991092682,
        "5": 0.24508439004421234,
        "6": 0.2319725900888443,
        "7": 0.2313108891248703,
        "8": 0.22406990826129913,
        "9": 0.2237955629825592
    },
    "288": {
        "0": 0.23637406527996063,
        "1": 0.23047040402889252,
        "2": 0.229737788438797,
        "3": 0.22882497310638428,
        "4": 0.2243834137916565,
        "5": 0.22283844649791718,
        "6": 0.21795807778835297,
        "7": 0.2118428349494934,
        "8": 0.20832382142543793,
        "9": 0.20763228833675385
    },
    "304": {
        "0": 0.26993685960769653,
        "1": 0.245224729180336,
        "2": 0.2451811581850052,
        "3": 0.24401627480983734,
        "4": 0.24209913611412048,
        "5": 0.24065697193145752,
        "6": 0.24054273962974548,
        "7": 0.23918387293815613,
        "8": 0.2376459538936615,
        "9": 0.23678237199783325
    },
    "320": {
        "0": 0.2531423568725586,
        "1": 0.23645290732383728,
        "2": 0.23571746051311493,
        "3": 0.23085588216781616,
        "4": 0.22925063967704773,
        "5": 0.22912903130054474,
        "6": 0.22834520041942596,
        "7": 0.2279590666294098,
        "8": 0.22782762348651886,
        "9": 0.2266862988471985
    },
    "336": {
        "0": 0.24406206607818604,
        "1": 0.23197609186172485,
        "2": 0.23068736493587494,
        "3": 0.22947745025157928,
        "4": 0.22881954908370972,
        "5": 0.22676295042037964,
        "6": 0.2252310961484909,
        "7": 0.22331979870796204,
        "8": 0.22299106419086456,
        "9": 0.22230112552642822
    }
}