{
    "0": {
        "0": 0.3284066319465637,
        "1": 0.3182521164417267,
        "2": 0.31128236651420593,
        "3": 0.3083409070968628,
        "4": 0.30774223804473877,
        "5": 0.3070005476474762,
        "6": 0.3030214011669159,
        "7": 0.30041977763175964,
        "8": 0.29957395792007446,
        "9": 0.29934608936309814
    },
    "16": {
        "0": 0.31112292408943176,
        "1": 0.3027821183204651,
        "2": 0.2938985526561737,
        "3": 0.293244332075119,
        "4": 0.29225125908851624,
        "5": 0.28533855080604553,
        "6": 0.2840520739555359,
        "7": 0.27701693773269653,
        "8": 0.27622783184051514,
        "9": 0.2761516571044922
    },
    "32": {
        "0": 0.31032732129096985,
        "1": 0.306755393743515,
        "2": 0.3051950931549072,
        "3": 0.29957738518714905,
        "4": 0.2963221073150635,
        "5": 0.29480037093162537,
        "6": 0.28771018981933594,
        "7": 0.28699082136154175,
        "8": 0.2847824692726135,
        "9": 0.2785831689834595
    },
    "48": {
        "0": 0.3337647318840027,
        "1": 0.3268977403640747,
        "2": 0.31578370928764343,
        "3": 0.31337597966194153,
        "4": 0.3101816177368164,
        "5": 0.306436687707901,
        "6": 0.30552783608436584,
        "7": 0.3052074909210205,
        "8": 0.30364349484443665,
        "9": 0.29418620467185974
    },
    "64": {
        "0": 0.3219720721244812,
        "1": 0.3137110769748688,
        "2": 0.30845555663108826,
        "3": 0.30291274189949036,
        "4": 0.29755836725234985,
        "5": 0.29700130224227905,
        "6": 0.2919107675552368,
        "7": 0.2896258234977722,
        "8": 0.28933385014533997,
        "9": 0.2866462469100952
    },
    "80": {
        "0": 0.32872360944747925,
        "1": 0.3152298927307129,
        "2": 0.31448277831077576,
        "3": 0.3128121793270111,
        "4": 0.31085243821144104,
        "5": 0.31020936369895935,
        "6": 0.30752140283584595,
        "7": 0.30474215745925903,
        "8": 0.30304253101348877,
        "9": 0.3018677532672882
    },
    "96": {
        "0": 0.335481733083725,
        "1": 0.33073610067367554,
        "2": 0.32461488246917725,
        "3": 0.3229483664035797,
        "4": 0.32241567969322205,
        "5": 0.3172374367713928,
        "6": 0.3168264329433441,
        "7": 0.31611496210098267,
        "8": 0.3137831389904022,
        "9": 0.31216296553611755
    },
    "112": {
        "0": 0.29256731271743774,
        "1": 0.29065054655075073,
        "2": 0.28617388010025024,
        "3": 0.28190627694129944,
        "4": 0.2797725200653076,
        "5": 0.27684664726257324,
        "6": 0.2754988968372345,
        "7": 0.2750140130519867,
        "8": 0.2747052311897278,
        "9": 0.2723304033279419
    },
    "128": {
        "0": 0.317549467086792,
        "1": 0.3092156648635864,
        "2": 0.29654228687286377,
        "3": 0.29396510124206543,
        "4": 0.29344043135643005,
        "5": 0.29057061672210693,
        "6": 0.28983405232429504,
        "7": 0.2846488058567047,
        "8": 0.28389158844947815,
        "9": 0.28146350383758545
    },
    "144": {
        "0": 0.36823827028274536,
        "1": 0.350313663482666,
        "2": 0.3444580137729645,
        "3": 0.3392711579799652,
        "4": 0.33194199204444885,
        "5": 0.3292146623134613,
        "6": 0.32847389578819275,
        "7": 0.3278755843639374,
        "8": 0.326385498046875,
        "9": 0.32624420523643494
    },
    "160": {
        "0": 0.3667365610599518,
        "1": 0.35348817706108093,
        "2": 0.35336214303970337,
        "3": 0.3447096347808838,
        "4": 0.3380337655544281,
        "5": 0.3376208543777466,
        "6": 0.32902514934539795,
        "7": 0.3283652067184448,
        "8": 0.3251175582408905,
        "9": 0.32491740584373474
    },
    "176": {
        "0": 0.36729928851127625,
        "1": 0.341057687997818,
        "2": 0.331644207239151,
        "3": 0.3276984691619873,
        "4": 0.3252951204776764,
        "5": 0.32452064752578735,
        "6": 0.3216809928417206,
        "7": 0.31802958250045776,
        "8": 0.3166602551937103,
        "9": 0.31661075353622437
    },
    "192": {
        "0": 0.3541103005409241,
        "1": 0.34224554896354675,
        "2": 0.33409854769706726,
        "3": 0.32994967699050903,
        "4": 0.3285694718360901,
        "5": 0.3259589374065399,
        "6": 0.3231537938117981,
        "7": 0.3212454319000244,
        "8": 0.31548765301704407,
        "9": 0.31109756231307983
    },
    "208": {
        "0": 0.3060411512851715,
        "1": 0.2660064697265625,
        "2": 0.2622630000114441,
        "3": 0.26178058981895447,
        "4": 0.258751779794693,
        "5": 0.25703591108322144,
        "6": 0.2547142207622528,
        "7": 0.252013236284256,
        "8": 0.24551168084144592,
        "9": 0.24179457128047943
    },
    "224": {
        "0": 0.3024809956550598,
        "1": 0.29394784569740295,
        "2": 0.28412729501724243,
        "3": 0.282572478055954,
        "4": 0.27404463291168213,
        "5": 0.2706201374530792,
        "6": 0.2627684473991394,
        "7": 0.25641024112701416,
        "8": 0.25079429149627686,
        "9": 0.25027698278427124
    },
    "240": {
        "0": 0.33657097816467285,
        "1": 0.30376678705215454,
        "2": 0.303244411945343,
        "3": 0.3031153976917267,
        "4": 0.2985067069530487,
        "5": 0.29712870717048645,
        "6": 0.2958158254623413,
        "7": 0.28866320848464966,
        "8": 0.27987951040267944,
        "9": 0.27628540992736816
    },
    "256": {
        "0": 0.36249426007270813,
        "1": 0.3429577946662903,
        "2": 0.33905908465385437,
        "3": 0.33248987793922424,
        "4": 0.32999104261398315,
        "5": 0.3238374888896942,
        "6": 0.32223665714263916,
        "7": 0.3174234628677368,
        "8": 0.31447815895080566,
        "9": 0.3097437024116516
    },
    "272": {
        "0": 0.34913212060928345,
        "1": 0.32042190432548523,
        "2": 0.31597501039505005,
        "3": 0.30966031551361084,
        "4": 0.30290746688842773,
        "5": 0.30045560002326965,
        "6": 0.2897176742553711,
        "7": 0.2863405644893646,
        "8": 0.286319762468338,
        "9": 0.2797006666660309
    },
    "288": {
        "0": 0.336093544960022,
        "1": 0.3043953478336334,
        "2": 0.3043879270553589,
        "3": 0.29788193106651306,
        "4": 0.2937520146369934,
        "5": 0.2904447019100189,
        "6": 0.2834441661834717,
        "7": 0.28135839104652405,
        "8": 0.2808201313018799,
        "9": 0.27904003858566284
    },
    "304": {
        "0": 0.31886324286460876,
        "1": 0.31577855348587036,
        "2": 0.3133823275566101,
        "3": 0.3008122742176056,
        "4": 0.294550359249115,
        "5": 0.29442909359931946,
        "6": 0.28842514753341675,
        "7": 0.28822076320648193,
        "8": 0.28730225563049316,
        "9": 0.2844077944755554
    },
    "320": {
        "0": 0.35081949830055237,
        "1": 0.3301897943019867,
        "2": 0.3289051353931427,
        "3": 0.32314616441726685,
        "4": 0.3151204288005829,
        "5": 0.3115924000740051,
        "6": 0.3098205327987671,
        "7": 0.3019790053367615,
        "8": 0.300754576921463,
        "9": 0.29607170820236206
    },
    "336": {
        "0": 0.3084685504436493,
        "1": 0.29330217838287354,
        "2": 0.2898247241973877,
        "3": 0.2823547124862671,
        "4": 0.2822333574295044,
        "5": 0.28062230348587036,
        "6": 0.2762967646121979,
        "7": 0.2646484971046448,
        "8": 0.2622879445552826,
        "9": 0.2580270767211914
    },
    "352": {
        "0": 0.30140721797943115,
        "1": 0.2933657467365265,
        "2": 0.2862873673439026,
        "3": 0.27974453568458557,
        "4": 0.2790776193141937,
        "5": 0.2732757329940796,