{
    "0": {
        "0": 0.3736923336982727,
        "1": 0.36686620116233826,
        "2": 0.3644673228263855,
        "3": 0.36237195134162903,
        "4": 0.3597087860107422,
        "5": 0.35532674193382263,
        "6": 0.34564530849456787,
        "7": 0.3410213887691498,
        "8": 0.3387281596660614,
        "9": 0.33774545788764954
    },
    "16": {
        "0": 0.3424135148525238,
        "1": 0.3367058336734772,
        "2": 0.33490726351737976,
        "3": 0.33263346552848816,
        "4": 0.3315398097038269,
        "5": 0.33052653074264526,
        "6": 0.3217548131942749,
        "7": 0.3109615743160248,
        "8": 0.30749815702438354,
        "9": 0.30092853307724
    },
    "32": {
        "0": 0.35650843381881714,
        "1": 0.3525235056877136,
        "2": 0.3330504596233368,
        "3": 0.332348108291626,
        "4": 0.32808956503868103,
        "5": 0.3265209197998047,
        "6": 0.3150107264518738,
        "7": 0.31266307830810547,
        "8": 0.3107686936855316,
        "9": 0.3043127954006195
    },
    "48": {
        "0": 0.3642864227294922,
        "1": 0.36090290546417236,
        "2": 0.3586104214191437,
        "3": 0.35516801476478577,
        "4": 0.35013532638549805,
        "5": 0.34503352642059326,
        "6": 0.3382233679294586,
        "7": 0.33410710096359253,
        "8": 0.3230923116207123,
        "9": 0.3095567524433136
    },
    "64": {
        "0": 0.393187552690506,
        "1": 0.3869207799434662,
        "2": 0.38357123732566833,
        "3": 0.38007286190986633,
        "4": 0.3790505826473236,
        "5": 0.36973801255226135,
        "6": 0.36754265427589417,
        "7": 0.35940447449684143,
        "8": 0.35045990347862244,
        "9": 0.3370530605316162
    },
    "80": {
        "0": 0.43933433294296265,
        "1": 0.41856375336647034,
        "2": 0.4094075560569763,
        "3": 0.40582793951034546,
        "4": 0.3940688371658325,
        "5": 0.3797815442085266,
        "6": 0.3706832528114319,
        "7": 0.3680915832519531,
        "8": 0.3585859537124634,
        "9": 0.34201693534851074
    },
    "96": {
        "0": 0.37394770979881287,
        "1": 0.3651687204837799,
        "2": 0.3650757074356079,
        "3": 0.36103367805480957,
        "4": 0.36095699667930603,
        "5": 0.3558518588542938,
        "6": 0.35463613271713257,
        "7": 0.33109772205352783,
        "8": 0.32325366139411926,
        "9": 0.3207779824733734
    },
    "112": {
        "0": 0.3685257136821747,
        "1": 0.3617730140686035,
        "2": 0.3617551624774933,
        "3": 0.35448241233825684,
        "4": 0.34079238772392273,
        "5": 0.3375706076622009,
        "6": 0.3361394703388214,
        "7": 0.33608853816986084,
        "8": 0.32450586557388306,
        "9": 0.30722954869270325
    },
    "128": {
        "0": 0.4218003749847412,
        "1": 0.4094250798225403,
        "2": 0.4077267348766327,
        "3": 0.40016064047813416,
        "4": 0.39915841817855835,
        "5": 0.39563634991645813,
        "6": 0.38412928581237793,
        "7": 0.37824302911758423,
        "8": 0.3777976632118225,
        "9": 0.3615380823612213
    },
    "144": {
        "0": 0.35415077209472656,
        "1": 0.3519800305366516,
        "2": 0.34943217039108276,
        "3": 0.34850794076919556,
        "4": 0.34033337235450745,
        "5": 0.3391949534416199,
        "6": 0.33618858456611633,
        "7": 0.32947880029678345,
        "8": 0.3269657790660858,
        "9": 0.31860941648483276
    },
    "160": {
        "0": 0.39611801505088806,
        "1": 0.38859832286834717,
        "2": 0.3844664394855499,
        "3": 0.3796501159667969,
        "4": 0.37462449073791504,
        "5": 0.3739018738269806,
        "6": 0.37279054522514343,
        "7": 0.3704617917537689,
        "8": 0.3696465492248535,
        "9": 0.3670794367790222
    },
    "176": {
        "0": 0.3811326026916504,
        "1": 0.37756139039993286,
        "2": 0.3722095489501953,
        "3": 0.3695499300956726,
        "4": 0.3694353699684143,
        "5": 0.3690057396888733,
        "6": 0.3675779104232788,
        "7": 0.3640005588531494,
        "8": 0.34865665435791016,
        "9": 0.3468480706214905
    },
    "192": {
        "0": 0.35458940267562866,
        "1": 0.35148918628692627,
        "2": 0.3459339439868927,
        "3": 0.34450918436050415,
        "4": 0.343563973903656,
        "5": 0.34139296412467957,
        "6": 0.34038129448890686,
        "7": 0.34034883975982666,
        "8": 0.33607831597328186,
        "9": 0.32876718044281006
    },
    "208": {
        "0": 0.3933461606502533,
        "1": 0.39084377884864807,
        "2": 0.3896857500076294,
        "3": 0.3874001204967499,
        "4": 0.3844691812992096,
        "5": 0.3793394863605499,
        "6": 0.3780949115753174,
        "7": 0.37505021691322327,
        "8": 0.37361830472946167,
        "9": 0.3715430200099945
    },
    "224": {
        "0": 0.3722342252731323,
        "1": 0.3587970435619354,
        "2": 0.35448500514030457,
        "3": 0.3519572913646698,
        "4": 0.351076602935791,
        "5": 0.35016489028930664,
        "6": 0.3484395444393158,
        "7": 0.3389577269554138,
        "8": 0.3365183472633362,
        "9": 0.31117162108421326
    },
    "240": {
        "0": 0.34426242113113403,
        "1": 0.34216609597206116,
        "2": 0.34200823307037354,
        "3": 0.3384174406528473,
        "4": 0.33442023396492004,
        "5": 0.33095791935920715,
        "6": 0.33081233501434326,
        "7": 0.3286808133125305,
        "8": 0.3265511989593506,
        "9": 0.32595402002334595
    },
    "256": {
        "0": 0.32223671674728394,
        "1": 0.31624162197113037,
        "2": 0.3123156428337097,
        "3": 0.30453580617904663,
        "4": 0.3040982186794281,
        "5": 0.3019655644893646,
        "6": 0.3014261722564697,
        "7": 0.29923897981643677,
        "8": 0.2988692820072174,
        "9": 0.29800036549568176
    },
    "272": {
        "0": 0.3571736812591553,
        "1": 0.35195499658584595,
        "2": 0.34805116057395935,
        "3": 0.34257298707962036,
        "4": 0.33853453397750854,
        "5": 0.3377808928489685,
        "6": 0.3320826292037964,
        "7": 0.32826560735702515,
        "8": 0.3278835117816925,
        "9": 0.3251100182533264
    },
    "288": {
        "0": 0.3603655993938446,
        "1": 0.35352593660354614,
        "2": 0.3526338040828705,
        "3": 0.33937937021255493,
        "4": 0.33554866909980774,
        "5": 0.3311164379119873,
        "6": 0.33058851957321167,
        "7": 0.32117176055908203,
        "8": 0.31695756316185,
        "9": 0.3143891990184784
    },
    "304": {
        "0": 0.3474996089935303,
        "1": 0.3345745801925659,
        "2": 0.33159852027893066,
        "3": 0.3268473744392395,
        "4": 0.32496997714042664,
        "5": 0.32382792234420776,
        "6": 0.32262206077575684,
        "7": 0.32224613428115845,
        "8": 0.30993184447288513,
        "9": 0.30374908447265625
    },
    "320": {
        "0": 0.4074566066265106,
        "1": 0.4038905203342438,
        "2": 0.39978358149528503,
        "3": 0.3766794800758362,
        "4": 0.3744868338108063,
        "5": 0.3653564751148224,
        "6": 0.3560314476490021,
        "7": 0.3536379337310791,
        "8": 0.3511987328529358,
        "9": 0.34702184796333313
    },
    "336": {
        "0": 0.3426114320755005,
        "1": 0.32486262917518616,
        "2": 0.3227013051509857,
        "3": 0.3208179175853729,
        "4": 0.3203026056289673,
        "5": 0.3184877038002014,
        "6": 0.3167298138141632,
        "7": 0.3079718351364136,
        "8": 0.3049529194831848,
        "9": 0.29499101638793945
    },
    "352": {
        "0": 0.3383755087852478,
        "1": 0.329900324344635,
        "2": 0.32436737418174744,
        "3": 0.32313430309295654,
        "4": 0.32141104340553284,
        "5": 0.3206864297389984,