{
    "0": {
        "0": 0.336588978767395,
        "1": 0.33049723505973816,
        "2": 0.32044869661331177,
        "3": 0.3161453902721405,
        "4": 0.30935022234916687,
        "5": 0.3055075407028198,
        "6": 0.3050747215747833,
        "7": 0.30309709906578064,
        "8": 0.3014990985393524,
        "9": 0.29929178953170776
    },
    "16": {
        "0": 0.36516937613487244,
        "1": 0.3627670407295227,
        "2": 0.3594155013561249,
        "3": 0.3566459119319916,
        "4": 0.35193678736686707,
        "5": 0.3501896262168884,
        "6": 0.3498753011226654,
        "7": 0.3485594093799591,
        "8": 0.3483319878578186,
        "9": 0.347857266664505
    },
    "32": {
        "0": 0.3442196547985077,
        "1": 0.33861297369003296,
        "2": 0.3327517807483673,
        "3": 0.3308650851249695,
        "4": 0.32930129766464233,
        "5": 0.32164904475212097,
        "6": 0.321274995803833,
        "7": 0.31789061427116394,
        "8": 0.31699734926223755,
        "9": 0.3168121576309204
    },
    "48": {
        "0": 0.32521146535873413,
        "1": 0.32260802388191223,
        "2": 0.32088422775268555,
        "3": 0.31963416934013367,
        "4": 0.31788286566734314,
        "5": 0.31562745571136475,
        "6": 0.31274646520614624,
        "7": 0.3124902844429016,
        "8": 0.31036102771759033,
        "9": 0.30650442838668823
    },
    "64": {
        "0": 0.38833051919937134,
        "1": 0.3827888071537018,
        "2": 0.3825080990791321,
        "3": 0.3766302764415741,
        "4": 0.375800222158432,
        "5": 0.3757455348968506,
        "6": 0.37019115686416626,
        "7": 0.3686152398586273,
        "8": 0.36774516105651855,
        "9": 0.36081773042678833
    },
    "80": {
        "0": 0.39096570014953613,
        "1": 0.3893633782863617,
        "2": 0.385027140378952,
        "3": 0.3824872374534607,
        "4": 0.38002923130989075,
        "5": 0.37640380859375,
        "6": 0.37553539872169495,
        "7": 0.3745478689670563,
        "8": 0.3716307282447815,
        "9": 0.36505424976348877
    },
    "96": {
        "0": 0.3551754951477051,
        "1": 0.3551087975502014,
        "2": 0.3507239818572998,
        "3": 0.3480910658836365,
        "4": 0.34450438618659973,
        "5": 0.34075668454170227,
        "6": 0.3401828110218048,
        "7": 0.3367120325565338,
        "8": 0.3347439765930176,
        "9": 0.33243468403816223
    },
    "112": {
        "0": 0.34960445761680603,
        "1": 0.3444700837135315,
        "2": 0.34387049078941345,
        "3": 0.34192460775375366,
        "4": 0.3377794027328491,
        "5": 0.3371414244174957,
        "6": 0.3352496325969696,
        "7": 0.3343049883842468,
        "8": 0.33352670073509216,
        "9": 0.33343103528022766
    },
    "128": {
        "0": 0.3703155517578125,
        "1": 0.3649749755859375,
        "2": 0.36066222190856934,
        "3": 0.3592683672904968,
        "4": 0.35816705226898193,
        "5": 0.35777708888053894,
        "6": 0.3564947843551636,
        "7": 0.35541778802871704,
        "8": 0.3548143208026886,
        "9": 0.3505232036113739
    },
    "144": {
        "0": 0.3469516634941101,
        "1": 0.3409058749675751,
        "2": 0.3389008641242981,
        "3": 0.33727777004241943,
        "4": 0.33561447262763977,
        "5": 0.3318047523498535,
        "6": 0.329043984413147,
        "7": 0.3282936215400696,
        "8": 0.32658177614212036,
        "9": 0.32570043206214905
    },
    "160": {
        "0": 0.3599456250667572,
        "1": 0.3566797375679016,
        "2": 0.3531929850578308,
        "3": 0.3508022725582123,
        "4": 0.3491952121257782,
        "5": 0.3465866446495056,
        "6": 0.3464171588420868,
        "7": 0.3440471589565277,
        "8": 0.3415522277355194,
        "9": 0.34099963307380676
    },
    "176": {
        "0": 0.36201319098472595,
        "1": 0.3520508408546448,
        "2": 0.34230342507362366,
        "3": 0.34211888909339905,
        "4": 0.33993762731552124,
        "5": 0.33963027596473694,
        "6": 0.3377845883369446,
        "7": 0.33626657724380493,
        "8": 0.3348054885864258,
        "9": 0.3345794677734375
    },
    "192": {
        "0": 0.34430772066116333,
        "1": 0.3433988094329834,
        "2": 0.3362787067890167,
        "3": 0.3341261148452759,
        "4": 0.3338059186935425,
        "5": 0.33337754011154175,
        "6": 0.3328861594200134,
        "7": 0.33238914608955383,
        "8": 0.33172407746315,
        "9": 0.32903942465782166
    },
    "208": {
        "0": 0.35763415694236755,
        "1": 0.35304325819015503,
        "2": 0.3522735834121704,
        "3": 0.3503054976463318,
        "4": 0.3411763906478882,
        "5": 0.33874812722206116,
        "6": 0.3370203673839569,
        "7": 0.3369067907333374,
        "8": 0.3355098366737366,
        "9": 0.3343527019023895
    },
    "224": {
        "0": 0.3632114827632904,
        "1": 0.35667192935943604,
        "2": 0.35616451501846313,
        "3": 0.3552895188331604,
        "4": 0.3535163402557373,
        "5": 0.3500184118747711,
        "6": 0.3481491208076477,
        "7": 0.3471984267234802,
        "8": 0.34694477915763855,
        "9": 0.34650012850761414
    },
    "240": {
        "0": 0.37285444140434265,
        "1": 0.3533172011375427,
        "2": 0.3467556834220886,
        "3": 0.33960872888565063,
        "4": 0.33911725878715515,
        "5": 0.33817464113235474,
        "6": 0.3365483582019806,
        "7": 0.336310476064682,
        "8": 0.3360779583454132,
        "9": 0.3327174484729767
    },
    "256": {
        "0": 0.3972240090370178,
        "1": 0.38737061619758606,
        "2": 0.3863251507282257,
        "3": 0.38262948393821716,
        "4": 0.3806561231613159,
        "5": 0.3779281973838806,
        "6": 0.373421847820282,
        "7": 0.3732852339744568,
        "8": 0.37164855003356934,
        "9": 0.37051573395729065
    },
    "272": {
        "0": 0.35767853260040283,
        "1": 0.3517301380634308,
        "2": 0.35060760378837585,
        "3": 0.35056135058403015,
        "4": 0.3487653434276581,
        "5": 0.34858617186546326,
        "6": 0.34750989079475403,
        "7": 0.3446422219276428,
        "8": 0.3436233103275299,
        "9": 0.3415127098560333
    },
    "288": {
        "0": 0.3483554720878601,
        "1": 0.34384891390800476,
        "2": 0.34078818559646606,
        "3": 0.33765873312950134,
        "4": 0.3374561071395874,
        "5": 0.33585941791534424,
        "6": 0.3350658416748047,
        "7": 0.3322981297969818,
        "8": 0.33205339312553406,
        "9": 0.3311586081981659
    },
    "304": {
        "0": 0.3872213363647461,
        "1": 0.37459322810173035,
        "2": 0.3739100396633148,
        "3": 0.37260398268699646,
        "4": 0.3719061315059662,
        "5": 0.36588144302368164,
        "6": 0.36484822630882263,
        "7": 0.361481249332428,
        "8": 0.35816603899002075,
        "9": 0.35691291093826294
    },
    "320": {
        "0": 0.38448017835617065,
        "1": 0.3833080232143402,
        "2": 0.37926122546195984,
        "3": 0.3738899230957031,
        "4": 0.37171074748039246,
        "5": 0.36883360147476196,
        "6": 0.3685528337955475,
        "7": 0.3673277199268341,
        "8": 0.3665759861469269,
        "9": 0.36581382155418396
    },
    "336": {
        "0": 0.3871593177318573,
        "1": 0.38448402285575867,
        "2": 0.37086057662963867,
        "3": 0.3671800494194031,
        "4": 0.3648507595062256,
        "5": 0.36330920457839966,
        "6": 0.3622282147407532,
        "7": 0.3595530688762665,
        "8": 0.3588481843471527,
        "9": 0.3581990599632263
    },
    "352": {
        "0": 0.35058972239494324,
        "1": 0.35025352239608765,
        "2": 0.34831109642982483,
        "3": 0.345716655254364,
        "4": 0.34568050503730774,
        "5": 0.34467634558677673,