{
    "0": {
        "0": 0.41158977150917053,
        "1": 0.3961937427520752,
        "2": 0.3694259524345398,
        "3": 0.3550710678100586,
        "4": 0.3511466681957245,
        "5": 0.3427595794200897,
        "6": 0.33458012342453003,
        "7": 0.33016738295555115,
        "8": 0.3287297189235687,
        "9": 0.3026648461818695
    },
    "16": {
        "0": 0.4080645740032196,
        "1": 0.3972996771335602,
        "2": 0.3762591481208801,
        "3": 0.37225478887557983,
        "4": 0.3696933388710022,
        "5": 0.3624655306339264,
        "6": 0.3480534553527832,
        "7": 0.3271245062351227,
        "8": 0.31957924365997314,
        "9": 0.302884578704834
    },
    "32": {
        "0": 0.37030282616615295,
        "1": 0.3688812851905823,
        "2": 0.3577166199684143,
        "3": 0.3223266899585724,
        "4": 0.3206685781478882,
        "5": 0.3161694407463074,
        "6": 0.3157784342765808,
        "7": 0.3118695616722107,
        "8": 0.3014272451400757,
        "9": 0.2953702211380005
    },
    "48": {
        "0": 0.3561117351055145,
        "1": 0.352104127407074,
        "2": 0.33297935128211975,
        "3": 0.32512226700782776,
        "4": 0.3130761682987213,
        "5": 0.31073835492134094,
        "6": 0.3102732002735138,
        "7": 0.30593937635421753,
        "8": 0.3014720678329468,
        "9": 0.264095664024353
    },
    "64": {
        "0": 0.3758840262889862,
        "1": 0.3742055594921112,
        "2": 0.36074116826057434,
        "3": 0.34462204575538635,
        "4": 0.32851001620292664,
        "5": 0.32659971714019775,
        "6": 0.3222368061542511,
        "7": 0.31236210465431213,
        "8": 0.30494225025177,
        "9": 0.2627614438533783
    },
    "80": {
        "0": 0.3717765808105469,
        "1": 0.35848915576934814,
        "2": 0.33728376030921936,
        "3": 0.32371532917022705,
        "4": 0.3020566999912262,
        "5": 0.2978881895542145,
        "6": 0.2829131782054901,
        "7": 0.28106027841567993,
        "8": 0.27730321884155273,
        "9": 0.24047976732254028
    },
    "96": {
        "0": 0.41176074743270874,
        "1": 0.3657374083995819,
        "2": 0.3587285280227661,
        "3": 0.34930145740509033,
        "4": 0.3469051420688629,
        "5": 0.34284350275993347,
        "6": 0.3095976412296295,
        "7": 0.29080429673194885,
        "8": 0.2861289978027344,
        "9": 0.2727034389972687
    },
    "112": {
        "0": 0.4111425578594208,
        "1": 0.37614133954048157,
        "2": 0.3606194853782654,
        "3": 0.3518843352794647,
        "4": 0.3386618196964264,
        "5": 0.3353823721408844,
        "6": 0.31533780694007874,
        "7": 0.30747056007385254,
        "8": 0.30589914321899414,
        "9": 0.28114214539527893
    },
    "128": {
        "0": 0.4065072536468506,
        "1": 0.3626920282840729,
        "2": 0.3459356427192688,
        "3": 0.34379860758781433,
        "4": 0.338598370552063,
        "5": 0.3360057771205902,
        "6": 0.31559908390045166,
        "7": 0.29894834756851196,
        "8": 0.2963056266307831,
        "9": 0.2753105163574219
    },
    "144": {
        "0": 0.38428953289985657,
        "1": 0.3735567629337311,
        "2": 0.36985528469085693,
        "3": 0.34070083498954773,
        "4": 0.33094552159309387,
        "5": 0.327803373336792,
        "6": 0.32578805088996887,
        "7": 0.32426178455352783,
        "8": 0.3240961730480194,
        "9": 0.3181179165840149
    },
    "160": {
        "0": 0.3232252597808838,
        "1": 0.31444990634918213,
        "2": 0.2975562810897827,
        "3": 0.29077810049057007,
        "4": 0.2813951075077057,
        "5": 0.27959367632865906,
        "6": 0.2745480537414551,
        "7": 0.25829797983169556,
        "8": 0.2438194304704666,
        "9": 0.22946655750274658
    },
    "176": {
        "0": 0.3502981960773468,
        "1": 0.34803321957588196,
        "2": 0.3374895751476288,
        "3": 0.33425313234329224,
        "4": 0.3192334771156311,
        "5": 0.306578129529953,
        "6": 0.3020951747894287,
        "7": 0.29323652386665344,
        "8": 0.2917732000350952,
        "9": 0.2650013267993927
    },
    "192": {
        "0": 0.3532154858112335,
        "1": 0.3176279067993164,
        "2": 0.2964669167995453,
        "3": 0.2926231324672699,
        "4": 0.28480789065361023,
        "5": 0.26151978969573975,
        "6": 0.26097017526626587,
        "7": 0.25135377049446106,
        "8": 0.24104057252407074,
        "9": 0.23986908793449402
    },
    "208": {
        "0": 0.3247360587120056,
        "1": 0.31925782561302185,
        "2": 0.29376986622810364,
        "3": 0.28855887055397034,
        "4": 0.28574106097221375,
        "5": 0.28429195284843445,
        "6": 0.27221807837486267,
        "7": 0.2698458433151245,
        "8": 0.2560742497444153,
        "9": 0.25267577171325684
    },
    "224": {
        "0": 0.35844963788986206,
        "1": 0.3552667200565338,
        "2": 0.3520944118499756,
        "3": 0.3471381962299347,
        "4": 0.3437812328338623,
        "5": 0.3418872058391571,
        "6": 0.29423215985298157,
        "7": 0.27511751651763916,
        "8": 0.26538628339767456,
        "9": 0.2597784698009491
    },
    "240": {
        "0": 0.3333468437194824,
        "1": 0.30931463837623596,
        "2": 0.30768072605133057,
        "3": 0.3011859059333801,
        "4": 0.28813862800598145,
        "5": 0.28286468982696533,
        "6": 0.2797636091709137,
        "7": 0.274703711271286,
        "8": 0.2547430396080017,
        "9": 0.2413908690214157
    },
    "256": {
        "0": 0.3565288186073303,
        "1": 0.35041093826293945,
        "2": 0.3473641574382782,
        "3": 0.33161211013793945,
        "4": 0.3283778727054596,
        "5": 0.32309311628341675,
        "6": 0.31695565581321716,
        "7": 0.3062334656715393,
        "8": 0.2986600697040558,
        "9": 0.29052913188934326
    },
    "272": {
        "0": 0.34990546107292175,
        "1": 0.3179378807544708,
        "2": 0.3122277855873108,
        "3": 0.30898064374923706,
        "4": 0.30563244223594666,
        "5": 0.28987735509872437,
        "6": 0.2874213457107544,
        "7": 0.28580039739608765,
        "8": 0.27852097153663635,
        "9": 0.2688964009284973
    },
    "288": {
        "0": 0.38433969020843506,
        "1": 0.38427382707595825,
        "2": 0.35673439502716064,
        "3": 0.3546893894672394,
        "4": 0.3490580916404724,
        "5": 0.34235385060310364,
        "6": 0.3315791189670563,
        "7": 0.3309516906738281,
        "8": 0.31552740931510925,
        "9": 0.2922075390815735
    },
    "304": {
        "0": 0.3584650456905365,
        "1": 0.33311551809310913,
        "2": 0.31852269172668457,
        "3": 0.3109467029571533,
        "4": 0.29662179946899414,
        "5": 0.2893247902393341,
        "6": 0.285116046667099,
        "7": 0.28462743759155273,
        "8": 0.2686062157154083,
        "9": 0.23468627035617828
    },
    "320": {
        "0": 0.35962092876434326,
        "1": 0.34018707275390625,
        "2": 0.33060842752456665,
        "3": 0.32291117310523987,
        "4": 0.30485787987709045,
        "5": 0.29173538088798523,
        "6": 0.28921636939048767,
        "7": 0.28134608268737793,
        "8": 0.2742600739002228,
        "9": 0.23183369636535645
    },
    "336": {
        "0": 0.3358403444290161,
        "1": 0.31820517778396606,
        "2": 0.30587533116340637,
        "3": 0.301590234041214,
        "4": 0.26971086859703064,
        "5": 0.26030105352401733,
        "6": 0.25887253880500793,
        "7": 0.2516535222530365,
        "8": 0.24176263809204102,
        "9": 0.21151795983314514
    },
    "352": {
        "0": 0.35226497054100037,
        "1": 0.3184027075767517,
        "2": 0.30615749955177307,
        "3": 0.3012000024318695,
        "4": 0.27377134561538696,
        "5": 0.26494288444519043,