{
    "0": {
        "0": 0.324602872133255,
        "1": 0.32390856742858887,
        "2": 0.322842001914978,
        "3": 0.3165026009082794,
        "4": 0.3155134320259094,
        "5": 0.3144279420375824,
        "6": 0.31364351511001587,
        "7": 0.31155139207839966,
        "8": 0.3104829788208008,
        "9": 0.3104473650455475
    },
    "16": {
        "0": 0.3069402575492859,
        "1": 0.29461991786956787,
        "2": 0.2943219244480133,
        "3": 0.29252323508262634,
        "4": 0.29209762811660767,
        "5": 0.2894844710826874,
        "6": 0.2885955274105072,
        "7": 0.2880318760871887,
        "8": 0.28761860728263855,
        "9": 0.2862570881843567
    },
    "32": {
        "0": 0.27607399225234985,
        "1": 0.27518516778945923,
        "2": 0.2615271508693695,
        "3": 0.25979912281036377,
        "4": 0.2535751163959503,
        "5": 0.25274622440338135,
        "6": 0.2524625360965729,
        "7": 0.2507437467575073,
        "8": 0.24640469253063202,
        "9": 0.24164317548274994
    },
    "48": {
        "0": 0.32506322860717773,
        "1": 0.30167022347450256,
        "2": 0.30040591955184937,
        "3": 0.28800952434539795,
        "4": 0.28763967752456665,
        "5": 0.2870897352695465,
        "6": 0.28625091910362244,
        "7": 0.285742849111557,
        "8": 0.2842039167881012,
        "9": 0.2811528146266937
    },
    "64": {
        "0": 0.3279511034488678,
        "1": 0.3202754557132721,
        "2": 0.31803226470947266,
        "3": 0.314576655626297,
        "4": 0.3096854090690613,
        "5": 0.3069842457771301,
        "6": 0.3054031729698181,
        "7": 0.30425819754600525,
        "8": 0.30095773935317993,
        "9": 0.30069974064826965
    },
    "80": {
        "0": 0.3003632426261902,
        "1": 0.28688666224479675,
        "2": 0.2843506336212158,
        "3": 0.2805027365684509,
        "4": 0.280068576335907,
        "5": 0.28001952171325684,
        "6": 0.2776460349559784,
        "7": 0.27678626775741577,
        "8": 0.2748207449913025,
        "9": 0.2746046781539917
    },
    "96": {
        "0": 0.32754161953926086,
        "1": 0.31598377227783203,
        "2": 0.30874091386795044,
        "3": 0.30534619092941284,
        "4": 0.30338358879089355,
        "5": 0.30327457189559937,
        "6": 0.29632309079170227,
        "7": 0.2962016463279724,
        "8": 0.2917540967464447,
        "9": 0.29094061255455017
    },
    "112": {
        "0": 0.2793509364128113,
        "1": 0.2725350260734558,
        "2": 0.27095699310302734,
        "3": 0.27061501145362854,
        "4": 0.2690351605415344,
        "5": 0.2641981244087219,
        "6": 0.26164916157722473,
        "7": 0.25840190052986145,
        "8": 0.2580934762954712,
        "9": 0.25532299280166626
    },
    "128": {
        "0": 0.288459837436676,
        "1": 0.2684948742389679,
        "2": 0.26426833868026733,
        "3": 0.2639436423778534,
        "4": 0.26082152128219604,
        "5": 0.25610101222991943,
        "6": 0.2529257833957672,
        "7": 0.25219428539276123,
        "8": 0.2515419125556946,
        "9": 0.25053322315216064
    },
    "144": {
        "0": 0.4167971611022949,
        "1": 0.4013809561729431,
        "2": 0.39817625284194946,
        "3": 0.39397305250167847,
        "4": 0.3916504383087158,
        "5": 0.3907191753387451,
        "6": 0.3902130126953125,
        "7": 0.39017191529273987,
        "8": 0.3897765576839447,
        "9": 0.38952067494392395
    },
    "160": {
        "0": 0.4301292598247528,
        "1": 0.4244697093963623,
        "2": 0.4222636818885803,
        "3": 0.4213309586048126,
        "4": 0.4197580814361572,
        "5": 0.41738376021385193,
        "6": 0.4158563017845154,
        "7": 0.4144296944141388,
        "8": 0.4143911600112915,
        "9": 0.41435104608535767
    },
    "176": {
        "0": 0.4131741225719452,
        "1": 0.41288042068481445,
        "2": 0.403194397687912,
        "3": 0.4024282991886139,
        "4": 0.39380335807800293,
        "5": 0.3920719623565674,
        "6": 0.38774752616882324,
        "7": 0.383892297744751,
        "8": 0.3829663395881653,
        "9": 0.3829537034034729
    },
    "192": {
        "0": 0.40340563654899597,
        "1": 0.40004393458366394,
        "2": 0.39474236965179443,
        "3": 0.3946937620639801,
        "4": 0.3911709785461426,
        "5": 0.3910205364227295,
        "6": 0.38826385140419006,
        "7": 0.38479799032211304,
        "8": 0.38303595781326294,
        "9": 0.3829290270805359
    },
    "208": {
        "0": 0.4362693130970001,
        "1": 0.4289294183254242,
        "2": 0.4253982901573181,
        "3": 0.4215596914291382,
        "4": 0.4188266098499298,
        "5": 0.41608554124832153,
        "6": 0.4147443175315857,
        "7": 0.4142898619174957,
        "8": 0.4134848713874817,
        "9": 0.4109671711921692
    },
    "224": {
        "0": 0.42655646800994873,
        "1": 0.4228236675262451,
        "2": 0.41530123353004456,
        "3": 0.4149850904941559,
        "4": 0.41468024253845215,
        "5": 0.4146631956100464,
        "6": 0.4103391766548157,
        "7": 0.4102591276168823,
        "8": 0.41004014015197754,
        "9": 0.4063280522823334
    },
    "240": {
        "0": 0.3709259033203125,
        "1": 0.3697671592235565,
        "2": 0.3654807507991791,
        "3": 0.35845398902893066,
        "4": 0.357086181640625,
        "5": 0.3504481017589569,
        "6": 0.34989485144615173,
        "7": 0.349100798368454,
        "8": 0.34892597794532776,
        "9": 0.3464915156364441
    },
    "256": {
        "0": 0.40670692920684814,
        "1": 0.4062882363796234,
        "2": 0.40534642338752747,
        "3": 0.40357279777526855,
        "4": 0.39855071902275085,
        "5": 0.3977819085121155,
        "6": 0.39748936891555786,
        "7": 0.3957385718822479,
        "8": 0.39437663555145264,
        "9": 0.3937561810016632
    },
    "272": {
        "0": 0.41892874240875244,
        "1": 0.4093955159187317,
        "2": 0.4089679718017578,
        "3": 0.40739306807518005,
        "4": 0.40671098232269287,
        "5": 0.40273159742355347,
        "6": 0.4017482101917267,
        "7": 0.4015173017978668,
        "8": 0.40085315704345703,
        "9": 0.4005899727344513
    },
    "288": {
        "0": 0.4088686406612396,
        "1": 0.40760451555252075,
        "2": 0.40350574254989624,
        "3": 0.40094661712646484,
        "4": 0.39793893694877625,
        "5": 0.39715108275413513,
        "6": 0.3947680592536926,
        "7": 0.39356935024261475,
        "8": 0.3918802738189697,
        "9": 0.3908652663230896
    },
    "304": {
        "0": 0.39498835802078247,
        "1": 0.3829309344291687,
        "2": 0.38006219267845154,
        "3": 0.3795449435710907,
        "4": 0.376617431640625,
        "5": 0.3734486997127533,
        "6": 0.36870118975639343,
        "7": 0.3672822117805481,
        "8": 0.3666263818740845,
        "9": 0.3657667338848114
    },
    "320": {
        "0": 0.39661750197410583,
        "1": 0.38867074251174927,
        "2": 0.38396069407463074,
        "3": 0.3778479993343353,
        "4": 0.37678781151771545,
        "5": 0.37426406145095825,
        "6": 0.3716222047805786,
        "7": 0.3716113269329071,
        "8": 0.3710004687309265,
        "9": 0.3705870509147644
    },
    "336": {
        "0": 0.3931327760219574,
        "1": 0.38108497858047485,
        "2": 0.38008153438568115,
        "3": 0.3795180320739746,
        "4": 0.3726334571838379,
        "5": 0.36522066593170166,
        "6": 0.3630034029483795,
        "7": 0.36101436614990234,
        "8": 0.36008143424987793,
        "9": 0.3597326874732971
    },
    "352": {
        "0": 0.41983217000961304,
        "1": 0.40922239422798157,
        "2": 0.3965388834476471,
        "3": 0.3947901725769043,
        "4": 0.3913106918334961,
        "5": 0.39048951864242554,