{
    "0": {
        "0": 0.4099391996860504,
        "1": 0.40719497203826904,
        "2": 0.40660566091537476,
        "3": 0.3997202515602112,
        "4": 0.3939949572086334,
        "5": 0.3866291642189026,
        "6": 0.38556039333343506,
        "7": 0.38535720109939575,
        "8": 0.38465234637260437,
        "9": 0.3831896483898163
    },
    "16": {
        "0": 0.41750040650367737,
        "1": 0.41189223527908325,
        "2": 0.40851661562919617,
        "3": 0.4005541503429413,
        "4": 0.39961329102516174,
        "5": 0.3964937925338745,
        "6": 0.39461708068847656,
        "7": 0.39457130432128906,
        "8": 0.38785606622695923,
        "9": 0.3878035545349121
    },
    "32": {
        "0": 0.42286860942840576,
        "1": 0.418449729681015,
        "2": 0.4174309968948364,
        "3": 0.4167245328426361,
        "4": 0.4141550660133362,
        "5": 0.4137134253978729,
        "6": 0.41210877895355225,
        "7": 0.4080328643321991,
        "8": 0.4024988114833832,
        "9": 0.4020162522792816
    },
    "48": {
        "0": 0.4199009835720062,
        "1": 0.4184631407260895,
        "2": 0.41340208053588867,
        "3": 0.4122222363948822,
        "4": 0.4064650535583496,
        "5": 0.3988603949546814,
        "6": 0.39695456624031067,
        "7": 0.39624014496803284,
        "8": 0.3946450352668762,
        "9": 0.3935062885284424
    },
    "64": {
        "0": 0.4390895962715149,
        "1": 0.42992377281188965,
        "2": 0.42247092723846436,
        "3": 0.41529980301856995,
        "4": 0.4143245220184326,
        "5": 0.41316258907318115,
        "6": 0.4079076051712036,
        "7": 0.40217989683151245,
        "8": 0.39768409729003906,
        "9": 0.3953094482421875
    },
    "80": {
        "0": 0.44394999742507935,
        "1": 0.43899086117744446,
        "2": 0.43141329288482666,
        "3": 0.4288359582424164,
        "4": 0.4197174608707428,
        "5": 0.4150272309780121,
        "6": 0.4114932119846344,
        "7": 0.4077281653881073,
        "8": 0.4025111794471741,
        "9": 0.4023037254810333
    },
    "96": {
        "0": 0.43834418058395386,
        "1": 0.43313419818878174,
        "2": 0.43092846870422363,
        "3": 0.422997385263443,
        "4": 0.4203324615955353,
        "5": 0.41779187321662903,
        "6": 0.4104870557785034,
        "7": 0.4096256494522095,
        "8": 0.4087323546409607,
        "9": 0.4054749011993408
    },
    "112": {
        "0": 0.44654619693756104,
        "1": 0.4446585774421692,
        "2": 0.44115594029426575,
        "3": 0.43267518281936646,
        "4": 0.43194544315338135,
        "5": 0.43179401755332947,
        "6": 0.42990851402282715,
        "7": 0.42610153555870056,
        "8": 0.4234199821949005,
        "9": 0.42176106572151184
    },
    "128": {
        "0": 0.3928983807563782,
        "1": 0.38299888372421265,
        "2": 0.3810138702392578,
        "3": 0.38018861413002014,
        "4": 0.37873736023902893,
        "5": 0.37863025069236755,
        "6": 0.37743932008743286,
        "7": 0.3680121898651123,
        "8": 0.3660200238227844,
        "9": 0.3646586835384369
    },
    "144": {
        "0": 0.403561532497406,
        "1": 0.3933190703392029,
        "2": 0.3909263610839844,
        "3": 0.3901367485523224,
        "4": 0.3900132179260254,
        "5": 0.37941884994506836,
        "6": 0.3788164556026459,
        "7": 0.3754618465900421,
        "8": 0.37438368797302246,
        "9": 0.3702238202095032
    },
    "160": {
        "0": 0.43140408396720886,
        "1": 0.4310651123523712,
        "2": 0.41718852519989014,
        "3": 0.41340556740760803,
        "4": 0.41098055243492126,
        "5": 0.40743255615234375,
        "6": 0.40646132826805115,
        "7": 0.40437960624694824,
        "8": 0.4016353189945221,
        "9": 0.3997177183628082
    },
    "176": {
        "0": 0.40934979915618896,
        "1": 0.3969709575176239,
        "2": 0.3935404121875763,
        "3": 0.3916306495666504,
        "4": 0.3902216851711273,
        "5": 0.38038337230682373,
        "6": 0.37685760855674744,
        "7": 0.37434113025665283,
        "8": 0.37102532386779785,
        "9": 0.36150801181793213
    },
    "192": {
        "0": 0.427333265542984,
        "1": 0.4232257008552551,
        "2": 0.41285353899002075,
        "3": 0.41131800413131714,
        "4": 0.41119199991226196,
        "5": 0.4097352921962738,
        "6": 0.4086402952671051,
        "7": 0.4038228988647461,
        "8": 0.4034338891506195,
        "9": 0.39829617738723755
    },
    "208": {
        "0": 0.40152502059936523,
        "1": 0.39876076579093933,
        "2": 0.3920343518257141,
        "3": 0.3877464532852173,
        "4": 0.3784414529800415,
        "5": 0.37589991092681885,
        "6": 0.3758294880390167,
        "7": 0.37234240770339966,
        "8": 0.3708639144897461,
        "9": 0.36948660016059875
    },
    "224": {
        "0": 0.3806886672973633,
        "1": 0.3734683692455292,
        "2": 0.3600030839443207,
        "3": 0.3576180338859558,
        "4": 0.3559400737285614,
        "5": 0.3547389805316925,
        "6": 0.3538089096546173,
        "7": 0.34762686491012573,
        "8": 0.34462815523147583,
        "9": 0.34244078397750854
    },
    "240": {
        "0": 0.4129883944988251,
        "1": 0.4041514992713928,
        "2": 0.400582879781723,
        "3": 0.39942729473114014,
        "4": 0.3837137520313263,
        "5": 0.38027292490005493,
        "6": 0.37515151500701904,
        "7": 0.3691408336162567,
        "8": 0.36005881428718567,
        "9": 0.35858142375946045
    },
    "256": {
        "0": 0.39254438877105713,
        "1": 0.38700518012046814,
        "2": 0.3840239644050598,
        "3": 0.3800189197063446,
        "4": 0.36670687794685364,
        "5": 0.3637101352214813,
        "6": 0.3635574281215668,
        "7": 0.3629296123981476,
        "8": 0.3614932596683502,
        "9": 0.3575652837753296
    },
    "272": {
        "0": 0.3766537308692932,
        "1": 0.3695835769176483,
        "2": 0.3565928041934967,
        "3": 0.3523196280002594,
        "4": 0.3460766077041626,
        "5": 0.3276635408401489,
        "6": 0.3268015384674072,
        "7": 0.3259826898574829,
        "8": 0.32563361525535583,
        "9": 0.3209221065044403
    },
    "288": {
        "0": 0.34744083881378174,
        "1": 0.3421228229999542,
        "2": 0.34092870354652405,
        "3": 0.33894193172454834,
        "4": 0.33159542083740234,
        "5": 0.33138033747673035,
        "6": 0.3234739899635315,
        "7": 0.3150547444820404,
        "8": 0.3137810528278351,
        "9": 0.3118600845336914
    },
    "304": {
        "0": 0.42307624220848083,
        "1": 0.41141319274902344,
        "2": 0.41089820861816406,
        "3": 0.40635213255882263,
        "4": 0.4040364921092987,
        "5": 0.40068745613098145,
        "6": 0.39835014939308167,
        "7": 0.39701542258262634,
        "8": 0.3954126536846161,
        "9": 0.39491158723831177
    },
    "320": {
        "0": 0.40524518489837646,
        "1": 0.4015466570854187,
        "2": 0.39241844415664673,
        "3": 0.391506552696228,
        "4": 0.38684898614883423,
        "5": 0.3846585154533386,
        "6": 0.38141757249832153,
        "7": 0.3808048963546753,
        "8": 0.3803901672363281,
        "9": 0.3803877532482147
    },
    "336": {
        "0": 0.4131016433238983,
        "1": 0.4096774160861969,
        "2": 0.4058481752872467,
        "3": 0.3983520269393921,
        "4": 0.39278456568717957,
        "5": 0.39076653122901917,
        "6": 0.38977572321891785,
        "7": 0.38910743594169617,
        "8": 0.38814157247543335,
        "9": 0.38807612657546997
    },
    "352": {
        "0": 0.38897302746772766,
        "1": 0.3617050051689148,
        "2": 0.35488685965538025,
        "3": 0.35329434275627136,
        "4": 0.3531208038330078,
        "5": 0.345864474773407,