{
    "0": {
        "0": 0.3535410165786743,
        "1": 0.3447459042072296,
        "2": 0.34221041202545166,
        "3": 0.33618852496147156,
        "4": 0.31514087319374084,
        "5": 0.3138752281665802,
        "6": 0.31309252977371216,
        "7": 0.3020244836807251,
        "8": 0.29580575227737427,
        "9": 0.2947103977203369
    },
    "16": {
        "0": 0.3832187354564667,
        "1": 0.3727778196334839,
        "2": 0.36591479182243347,
        "3": 0.35966238379478455,
        "4": 0.3595678210258484,
        "5": 0.35829687118530273,
        "6": 0.35680827498435974,
        "7": 0.35614508390426636,
        "8": 0.3533129096031189,
        "9": 0.34489256143569946
    },
    "32": {
        "0": 0.35729333758354187,
        "1": 0.3494308590888977,
        "2": 0.347687304019928,
        "3": 0.3452458381652832,
        "4": 0.3443835973739624,
        "5": 0.34159061312675476,
        "6": 0.34065431356430054,
        "7": 0.33581462502479553,
        "8": 0.3321588337421417,
        "9": 0.3315293788909912
    },
    "48": {
        "0": 0.3340608775615692,
        "1": 0.3319348990917206,
        "2": 0.31425273418426514,
        "3": 0.30696338415145874,
        "4": 0.3046809434890747,
        "5": 0.3036413788795471,
        "6": 0.3031476140022278,
        "7": 0.3011741638183594,
        "8": 0.2970808744430542,
        "9": 0.2946641147136688
    },
    "64": {
        "0": 0.3670501112937927,
        "1": 0.3581736087799072,
        "2": 0.3460332751274109,
        "3": 0.3388087749481201,
        "4": 0.33722537755966187,
        "5": 0.3345864713191986,
        "6": 0.3330245018005371,
        "7": 0.33244454860687256,
        "8": 0.33181288838386536,
        "9": 0.32584211230278015
    },
    "80": {
        "0": 0.32603877782821655,
        "1": 0.32315003871917725,
        "2": 0.31573110818862915,
        "3": 0.31495776772499084,
        "4": 0.3142169713973999,
        "5": 0.31139934062957764,
        "6": 0.30959436297416687,
        "7": 0.30711159110069275,
        "8": 0.305629163980484,
        "9": 0.30331218242645264
    },
    "96": {
        "0": 0.3132156431674957,
        "1": 0.30517739057540894,
        "2": 0.300266832113266,
        "3": 0.29532772302627563,
        "4": 0.2906093895435333,
        "5": 0.2888421416282654,
        "6": 0.27867716550827026,
        "7": 0.2764187157154083,
        "8": 0.27634716033935547,
        "9": 0.274951308965683
    },
    "112": {
        "0": 0.3737681806087494,
        "1": 0.3631986379623413,
        "2": 0.36032527685165405,
        "3": 0.35856640338897705,
        "4": 0.3557528257369995,
        "5": 0.35501357913017273,
        "6": 0.34912383556365967,
        "7": 0.3482005000114441,
        "8": 0.34813281893730164,
        "9": 0.3416905403137207
    },
    "128": {
        "0": 0.3500109910964966,
        "1": 0.34667515754699707,
        "2": 0.3447389602661133,
        "3": 0.34275075793266296,
        "4": 0.3405764698982239,
        "5": 0.3388349711894989,
        "6": 0.33823153376579285,
        "7": 0.3360483646392822,
        "8": 0.3283771276473999,
        "9": 0.3256325125694275
    },
    "144": {
        "0": 0.3564780652523041,
        "1": 0.35521188378334045,
        "2": 0.3536025583744049,
        "3": 0.34836870431900024,
        "4": 0.34710147976875305,
        "5": 0.3468131422996521,
        "6": 0.336430162191391,
        "7": 0.33089756965637207,
        "8": 0.3272306025028229,
        "9": 0.3241383135318756
    },
    "160": {
        "0": 0.36502277851104736,
        "1": 0.3605426251888275,
        "2": 0.35767263174057007,
        "3": 0.35201898217201233,
        "4": 0.351199746131897,
        "5": 0.3465557098388672,
        "6": 0.3449208736419678,
        "7": 0.3414749205112457,
        "8": 0.33371224999427795,
        "9": 0.33221855759620667
    },
    "176": {
        "0": 0.37271425127983093,
        "1": 0.36648136377334595,
        "2": 0.36481672525405884,
        "3": 0.36325761675834656,
        "4": 0.36263197660446167,
        "5": 0.3556590676307678,
        "6": 0.3517443835735321,
        "7": 0.3452560305595398,
        "8": 0.34518885612487793,
        "9": 0.34169256687164307
    },
    "192": {
        "0": 0.3784036636352539,
        "1": 0.3783782124519348,
        "2": 0.37801510095596313,
        "3": 0.3779572546482086,
        "4": 0.37481018900871277,
        "5": 0.364342600107193,
        "6": 0.35160696506500244,
        "7": 0.3515418767929077,
        "8": 0.3513129651546478,
        "9": 0.34978121519088745
    },
    "208": {
        "0": 0.4157906770706177,
        "1": 0.4094903767108917,
        "2": 0.4078702926635742,
        "3": 0.4065038859844208,
        "4": 0.4028468728065491,
        "5": 0.3952242136001587,
        "6": 0.39410072565078735,
        "7": 0.3925192356109619,
        "8": 0.3910991847515106,
        "9": 0.38826578855514526
    },
    "224": {
        "0": 0.41844815015792847,
        "1": 0.4105882942676544,
        "2": 0.41006729006767273,
        "3": 0.4098672568798065,
        "4": 0.40893322229385376,
        "5": 0.4077363908290863,
        "6": 0.40710729360580444,
        "7": 0.40363192558288574,
        "8": 0.40040478110313416,
        "9": 0.39833971858024597
    },
    "240": {
        "0": 0.389152854681015,
        "1": 0.3885389566421509,
        "2": 0.37739208340644836,
        "3": 0.3678824305534363,
        "4": 0.3618236780166626,
        "5": 0.3594130575656891,
        "6": 0.3590470254421234,
        "7": 0.3573417663574219,
        "8": 0.35704267024993896,
        "9": 0.35691288113594055
    },
    "256": {
        "0": 0.3806583285331726,
        "1": 0.36054864525794983,
        "2": 0.360152930021286,
        "3": 0.34427136182785034,
        "4": 0.3410783112049103,
        "5": 0.33324459195137024,
        "6": 0.32910674810409546,
        "7": 0.3240530788898468,
        "8": 0.3234604299068451,
        "9": 0.3157500624656677
    },
    "272": {
        "0": 0.36624351143836975,
        "1": 0.35269856452941895,
        "2": 0.3473876118659973,
        "3": 0.34686437249183655,
        "4": 0.33901163935661316,
        "5": 0.33564841747283936,
        "6": 0.3355996906757355,
        "7": 0.333191454410553,
        "8": 0.3296866714954376,
        "9": 0.32631373405456543
    },
    "288": {
        "0": 0.3842751979827881,
        "1": 0.37924227118492126,
        "2": 0.3781762421131134,
        "3": 0.37370944023132324,
        "4": 0.3685779273509979,
        "5": 0.3683718740940094,
        "6": 0.35739830136299133,
        "7": 0.3546045124530792,
        "8": 0.3441621661186218,
        "9": 0.3418206572532654
    },
    "304": {
        "0": 0.3451281487941742,
        "1": 0.34371888637542725,
        "2": 0.3382835388183594,
        "3": 0.3380734324455261,
        "4": 0.33660468459129333,
        "5": 0.3351573646068573,
        "6": 0.3306094706058502,
        "7": 0.32879725098609924,
        "8": 0.32850342988967896,
        "9": 0.3257240355014801
    },
    "320": {
        "0": 0.38368916511535645,
        "1": 0.37497779726982117,
        "2": 0.37203893065452576,
        "3": 0.369681179523468,
        "4": 0.3678647577762604,
        "5": 0.36752980947494507,
        "6": 0.3658374547958374,
        "7": 0.3646719753742218,
        "8": 0.36327052116394043,
        "9": 0.3616676330566406
    },
    "336": {
        "0": 0.402145117521286,
        "1": 0.38316187262535095,
        "2": 0.38281455636024475,
        "3": 0.37546074390411377,
        "4": 0.3737940192222595,
        "5": 0.3729309141635895,
        "6": 0.3714040517807007,
        "7": 0.37120193243026733,
        "8": 0.3689039349555969,
        "9": 0.36870574951171875
    },
    "352": {
        "0": 0.3614622950553894,
        "1": 0.3603569269180298,
        "2": 0.3593292236328125,
        "3": 0.35470810532569885,
        "4": 0.3511025011539459,
        "5": 0.349398136138916,