{
    "0": {
        "0": 0.35208776593208313,
        "1": 0.34946924448013306,
        "2": 0.34740790724754333,
        "3": 0.34040141105651855,
        "4": 0.3369433283805847,
        "5": 0.32753050327301025,
        "6": 0.3259773254394531,
        "7": 0.3256363272666931,
        "8": 0.32522857189178467,
        "9": 0.3195348083972931
    },
    "16": {
        "0": 0.35309889912605286,
        "1": 0.34550562500953674,
        "2": 0.34137290716171265,
        "3": 0.33851584792137146,
        "4": 0.33337846398353577,
        "5": 0.3323459029197693,
        "6": 0.32608330249786377,
        "7": 0.3247595727443695,
        "8": 0.3235670030117035,
        "9": 0.32350438833236694
    },
    "32": {
        "0": 0.357320100069046,
        "1": 0.3463764786720276,
        "2": 0.34344542026519775,
        "3": 0.3394661545753479,
        "4": 0.3385431468486786,
        "5": 0.33838993310928345,
        "6": 0.33770355582237244,
        "7": 0.3312283754348755,
        "8": 0.32921573519706726,
        "9": 0.32898178696632385
    },
    "48": {
        "0": 0.3665470778942108,
        "1": 0.3518774211406708,
        "2": 0.34770357608795166,
        "3": 0.33974283933639526,
        "4": 0.3327551782131195,
        "5": 0.3325791656970978,
        "6": 0.33187875151634216,
        "7": 0.3262147307395935,
        "8": 0.3209298253059387,
        "9": 0.31962916254997253
    },
    "64": {
        "0": 0.39226529002189636,
        "1": 0.38300615549087524,
        "2": 0.36919787526130676,
        "3": 0.36682936549186707,
        "4": 0.3652781844139099,
        "5": 0.36218658089637756,
        "6": 0.35475021600723267,
        "7": 0.3512967526912689,
        "8": 0.3489334285259247,
        "9": 0.34807974100112915
    },
    "80": {
        "0": 0.39426863193511963,
        "1": 0.37890875339508057,
        "2": 0.3785088360309601,
        "3": 0.36417827010154724,
        "4": 0.36370107531547546,
        "5": 0.3630458116531372,
        "6": 0.36175134778022766,
        "7": 0.3599209785461426,
        "8": 0.35850846767425537,
        "9": 0.35734230279922485
    },
    "96": {
        "0": 0.36421483755111694,
        "1": 0.3489949107170105,
        "2": 0.3485725224018097,
        "3": 0.34676817059516907,
        "4": 0.3444913923740387,
        "5": 0.34091752767562866,
        "6": 0.3362344801425934,
        "7": 0.33598560094833374,
        "8": 0.3311212360858917,
        "9": 0.3301811218261719
    },
    "112": {
        "0": 0.34852334856987,
        "1": 0.3366994559764862,
        "2": 0.3354577422142029,
        "3": 0.33356335759162903,
        "4": 0.3320631980895996,
        "5": 0.3264036476612091,
        "6": 0.32543042302131653,
        "7": 0.325190007686615,
        "8": 0.3238121569156647,
        "9": 0.3231838345527649
    },
    "128": {
        "0": 0.36519578099250793,
        "1": 0.3445354104042053,
        "2": 0.34447571635246277,
        "3": 0.3411672115325928,
        "4": 0.33057698607444763,
        "5": 0.32134583592414856,
        "6": 0.3187420964241028,
        "7": 0.31621676683425903,
        "8": 0.31553661823272705,
        "9": 0.31140345335006714
    },
    "144": {
        "0": 0.3526906371116638,
        "1": 0.3378881812095642,
        "2": 0.3360078036785126,
        "3": 0.32360267639160156,
        "4": 0.319736510515213,
        "5": 0.31906789541244507,
        "6": 0.3182368576526642,
        "7": 0.3173123300075531,
        "8": 0.31689342856407166,
        "9": 0.3117808699607849
    },
    "160": {
        "0": 0.31502479314804077,
        "1": 0.30799636244773865,
        "2": 0.3028888702392578,
        "3": 0.3008602261543274,
        "4": 0.2896726429462433,
        "5": 0.2872733771800995,
        "6": 0.28648385405540466,
        "7": 0.2812354266643524,
        "8": 0.27793002128601074,
        "9": 0.27770325541496277
    },
    "176": {
        "0": 0.33768579363822937,
        "1": 0.33688050508499146,
        "2": 0.33318328857421875,
        "3": 0.32930922508239746,
        "4": 0.32780882716178894,
        "5": 0.3192049562931061,
        "6": 0.31766894459724426,
        "7": 0.31606000661849976,
        "8": 0.3095615804195404,
        "9": 0.30609554052352905
    },
    "192": {
        "0": 0.33622774481773376,
        "1": 0.33587443828582764,
        "2": 0.32723891735076904,
        "3": 0.3225133717060089,
        "4": 0.3076857924461365,
        "5": 0.30767884850502014,
        "6": 0.30683791637420654,
        "7": 0.30566614866256714,
        "8": 0.30467838048934937,
        "9": 0.30282142758369446
    },
    "208": {
        "0": 0.34731969237327576,
        "1": 0.34029269218444824,
        "2": 0.33729472756385803,
        "3": 0.33380448818206787,
        "4": 0.32930201292037964,
        "5": 0.3291221857070923,
        "6": 0.32522064447402954,
        "7": 0.32422569394111633,
        "8": 0.3228134512901306,
        "9": 0.3138277530670166
    },
    "224": {
        "0": 0.336493581533432,
        "1": 0.32016754150390625,
        "2": 0.3191233277320862,
        "3": 0.31457090377807617,
        "4": 0.3128940463066101,
        "5": 0.3101485073566437,
        "6": 0.30480191111564636,
        "7": 0.30412524938583374,
        "8": 0.30255550146102905,
        "9": 0.2968696653842926
    },
    "240": {
        "0": 0.33616092801094055,
        "1": 0.32506611943244934,
        "2": 0.3216741681098938,
        "3": 0.31478196382522583,
        "4": 0.3049672544002533,
        "5": 0.2861833870410919,
        "6": 0.2860831618309021,
        "7": 0.2854893207550049,
        "8": 0.28415337204933167,
        "9": 0.27718767523765564
    },
    "256": {
        "0": 0.3656940460205078,
        "1": 0.35964909195899963,
        "2": 0.3587440550327301,
        "3": 0.3523295521736145,
        "4": 0.3513682782649994,
        "5": 0.3404909372329712,
        "6": 0.3377429246902466,
        "7": 0.32437098026275635,
        "8": 0.32380378246307373,
        "9": 0.3182774782180786
    },
    "272": {
        "0": 0.4072076678276062,
        "1": 0.39517298340797424,
        "2": 0.3856024742126465,
        "3": 0.3826650381088257,
        "4": 0.3735669255256653,
        "5": 0.37297001481056213,
        "6": 0.3724670708179474,
        "7": 0.3722064197063446,
        "8": 0.37056028842926025,
        "9": 0.36895281076431274
    },
    "288": {
        "0": 0.3875722289085388,
        "1": 0.38200339674949646,
        "2": 0.3674405813217163,
        "3": 0.35130399465560913,
        "4": 0.349124550819397,
        "5": 0.3483681082725525,
        "6": 0.34352684020996094,
        "7": 0.3338509202003479,
        "8": 0.3299168348312378,
        "9": 0.3262036442756653
    },
    "304": {
        "0": 0.36434635519981384,
        "1": 0.3584538996219635,
        "2": 0.3547127842903137,
        "3": 0.34179264307022095,
        "4": 0.33211570978164673,
        "5": 0.32975584268569946,
        "6": 0.3275405764579773,
        "7": 0.32657939195632935,
        "8": 0.31773969531059265,
        "9": 0.31715166568756104
    },
    "320": {
        "0": 0.38336634635925293,
        "1": 0.3782457113265991,
        "2": 0.3684297204017639,
        "3": 0.3664461672306061,
        "4": 0.3634456694126129,
        "5": 0.36047449707984924,
        "6": 0.3567640781402588,
        "7": 0.35184144973754883,
        "8": 0.3477168679237366,
        "9": 0.34653598070144653
    },
    "336": {
        "0": 0.4027070701122284,
        "1": 0.3964306712150574,
        "2": 0.3952620327472687,
        "3": 0.39480358362197876,
        "4": 0.3894459009170532,
        "5": 0.38553714752197266,
        "6": 0.3828704357147217,
        "7": 0.3744973838329315,
        "8": 0.3608400225639343,
        "9": 0.3607136309146881
    },
    "352": {
        "0": 0.399994432926178,
        "1": 0.39778202772140503,
        "2": 0.39610573649406433,
        "3": 0.3778649568557739,
        "4": 0.3754185438156128,
        "5": 0.3741146922111511,