{
    "0": {
        "0": 0.4033912420272827,
        "1": 0.40272530913352966,
        "2": 0.40263381600379944,
        "3": 0.3928926885128021,
        "4": 0.3888111114501953,
        "5": 0.3877318203449249,
        "6": 0.38711225986480713,
        "7": 0.3865330219268799,
        "8": 0.3845313489437103,
        "9": 0.3832245171070099
    },
    "16": {
        "0": 0.39305609464645386,
        "1": 0.3920109272003174,
        "2": 0.3917224109172821,
        "3": 0.38717278838157654,
        "4": 0.3823187053203583,
        "5": 0.3817484974861145,
        "6": 0.38169610500335693,
        "7": 0.3801484704017639,
        "8": 0.3792378306388855,
        "9": 0.37887856364250183
    },
    "32": {
        "0": 0.40851229429244995,
        "1": 0.4029843509197235,
        "2": 0.4013684093952179,
        "3": 0.40112531185150146,
        "4": 0.39927494525909424,
        "5": 0.3935743272304535,
        "6": 0.39238831400871277,
        "7": 0.39029985666275024,
        "8": 0.38643231987953186,
        "9": 0.3863721191883087
    },
    "48": {
        "0": 0.4051387310028076,
        "1": 0.4016229212284088,
        "2": 0.4002108573913574,
        "3": 0.39987581968307495,
        "4": 0.392129123210907,
        "5": 0.39074480533599854,
        "6": 0.3856343626976013,
        "7": 0.3842325806617737,
        "8": 0.38239431381225586,
        "9": 0.3814395070075989
    },
    "64": {
        "0": 0.38981014490127563,
        "1": 0.38608551025390625,
        "2": 0.37842851877212524,
        "3": 0.3759990334510803,
        "4": 0.37585335969924927,
        "5": 0.37198060750961304,
        "6": 0.37067484855651855,
        "7": 0.3703998327255249,
        "8": 0.36906546354293823,
        "9": 0.3681676983833313
    },
    "80": {
        "0": 0.3689512610435486,
        "1": 0.35715407133102417,
        "2": 0.35583266615867615,
        "3": 0.3544972538948059,
        "4": 0.34857359528541565,
        "5": 0.3477397859096527,
        "6": 0.34648698568344116,
        "7": 0.34577783942222595,
        "8": 0.34421271085739136,
        "9": 0.34364914894104004
    },
    "96": {
        "0": 0.3979165256023407,
        "1": 0.3970707952976227,
        "2": 0.3928107023239136,
        "3": 0.3920714557170868,
        "4": 0.3904324769973755,
        "5": 0.38836613297462463,
        "6": 0.3881957232952118,
        "7": 0.38288989663124084,
        "8": 0.38188299536705017,
        "9": 0.3799796998500824
    },
    "112": {
        "0": 0.4183100163936615,
        "1": 0.4165843725204468,
        "2": 0.41489115357398987,
        "3": 0.4147143065929413,
        "4": 0.41290175914764404,
        "5": 0.41111183166503906,
        "6": 0.40926486253738403,
        "7": 0.40544283390045166,
        "8": 0.4013850688934326,
        "9": 0.4005774259567261
    },
    "128": {
        "0": 0.45224055647850037,
        "1": 0.43990761041641235,
        "2": 0.436489075422287,
        "3": 0.43487080931663513,
        "4": 0.4340720772743225,
        "5": 0.43249666690826416,
        "6": 0.42959970235824585,
        "7": 0.4289209246635437,
        "8": 0.4284511208534241,
        "9": 0.4249540865421295
    },
    "144": {
        "0": 0.4390338659286499,
        "1": 0.42704248428344727,
        "2": 0.4205273985862732,
        "3": 0.4196120798587799,
        "4": 0.4176706373691559,
        "5": 0.4176567792892456,
        "6": 0.41591814160346985,
        "7": 0.41515323519706726,
        "8": 0.4132508933544159,
        "9": 0.4132383465766907
    },
    "160": {
        "0": 0.39067625999450684,
        "1": 0.3852677643299103,
        "2": 0.38107892870903015,
        "3": 0.38007208704948425,
        "4": 0.37998268008232117,
        "5": 0.3791867196559906,
        "6": 0.37804099917411804,
        "7": 0.37691062688827515,
        "8": 0.3766253888607025,
        "9": 0.37533438205718994
    },
    "176": {
        "0": 0.4248555302619934,
        "1": 0.4247562885284424,
        "2": 0.4229124188423157,
        "3": 0.4209316670894623,
        "4": 0.41665220260620117,
        "5": 0.41625869274139404,
        "6": 0.41361504793167114,
        "7": 0.41193047165870667,
        "8": 0.4111101031303406,
        "9": 0.41031306982040405
    },
    "192": {
        "0": 0.3361431360244751,
        "1": 0.3283423185348511,
        "2": 0.32125645875930786,
        "3": 0.3169780671596527,
        "4": 0.31538161635398865,
        "5": 0.30986329913139343,
        "6": 0.3080599904060364,
        "7": 0.305309921503067,
        "8": 0.30530795454978943,
        "9": 0.3033946752548218
    },
    "208": {
        "0": 0.36998164653778076,
        "1": 0.3588383197784424,
        "2": 0.3480577766895294,
        "3": 0.3465137481689453,
        "4": 0.3451836407184601,
        "5": 0.3444969952106476,
        "6": 0.3443085849285126,
        "7": 0.34232714772224426,
        "8": 0.340664803981781,
        "9": 0.33427542448043823
    },
    "224": {
        "0": 0.36919522285461426,
        "1": 0.3523048460483551,
        "2": 0.34062618017196655,
        "3": 0.33791211247444153,
        "4": 0.3374302089214325,
        "5": 0.3318876326084137,
        "6": 0.3285626173019409,
        "7": 0.32647624611854553,
        "8": 0.3190956115722656,
        "9": 0.31574785709381104
    },
    "240": {
        "0": 0.34795698523521423,
        "1": 0.34370988607406616,
        "2": 0.3435632586479187,
        "3": 0.3430160582065582,
        "4": 0.33538341522216797,
        "5": 0.3278782069683075,
        "6": 0.3264882564544678,
        "7": 0.3262341022491455,
        "8": 0.3248431086540222,
        "9": 0.3230445683002472
    },
    "256": {
        "0": 0.3078625202178955,
        "1": 0.3055005371570587,
        "2": 0.29055339097976685,
        "3": 0.2868514358997345,
        "4": 0.2857513129711151,
        "5": 0.28485408425331116,
        "6": 0.28141477704048157,
        "7": 0.2805604636669159,
        "8": 0.2748759388923645,
        "9": 0.27344828844070435
    },
    "272": {
        "0": 0.38824525475502014,
        "1": 0.3838920593261719,
        "2": 0.3636654317378998,
        "3": 0.3623965382575989,
        "4": 0.3609026372432709,
        "5": 0.3586574196815491,
        "6": 0.3567086458206177,
        "7": 0.3565562069416046,
        "8": 0.3480478823184967,
        "9": 0.3421294093132019
    },
    "288": {
        "0": 0.3404611349105835,
        "1": 0.3232764005661011,
        "2": 0.30890142917633057,
        "3": 0.30719050765037537,
        "4": 0.30048006772994995,
        "5": 0.29840677976608276,
        "6": 0.2964608371257782,
        "7": 0.2960590124130249,
        "8": 0.2943536937236786,
        "9": 0.28391021490097046
    },
    "304": {
        "0": 0.3527972400188446,
        "1": 0.3310781717300415,
        "2": 0.32916226983070374,
        "3": 0.3268945813179016,
        "4": 0.32511159777641296,
        "5": 0.32506200671195984,
        "6": 0.32392218708992004,
        "7": 0.3228543698787689,
        "8": 0.32148486375808716,
        "9": 0.32022106647491455
    },
    "320": {
        "0": 0.37038788199424744,
        "1": 0.35681313276290894,
        "2": 0.3547115623950958,
        "3": 0.3539852797985077,
        "4": 0.3471457064151764,
        "5": 0.3451426029205322,
        "6": 0.34469079971313477,
        "7": 0.34430843591690063,
        "8": 0.3436901867389679,
        "9": 0.34160614013671875
    },
    "336": {
        "0": 0.36246147751808167,
        "1": 0.3507167398929596,
        "2": 0.3440287709236145,
        "3": 0.3399600386619568,
        "4": 0.33986788988113403,
        "5": 0.33830729126930237,
        "6": 0.33397236466407776,
        "7": 0.3334800601005554,
        "8": 0.32751429080963135,
        "9": 0.3159249722957611
    },
    "352": {
        "0": 0.29177701473236084,
        "1": 0.290275514125824,
        "2": 0.28731006383895874,
        "3": 0.2731412649154663,
        "4": 0.27210453152656555,
        "5": 0.2711658775806427,