{
    "0": {
        "0": 0.3770022392272949,
        "1": 0.37570175528526306,
        "2": 0.36019042134284973,
        "3": 0.3551768660545349,
        "4": 0.3529970347881317,
        "5": 0.3461891710758209,
        "6": 0.3445809781551361,
        "7": 0.34398362040519714,
        "8": 0.34210827946662903,
        "9": 0.3388579785823822
    },
    "16": {
        "0": 0.39257749915122986,
        "1": 0.38771018385887146,
        "2": 0.3722289800643921,
        "3": 0.3704357147216797,
        "4": 0.36622732877731323,
        "5": 0.36367180943489075,
        "6": 0.3586219847202301,
        "7": 0.3528040945529938,
        "8": 0.35278797149658203,
        "9": 0.3451023995876312
    },
    "32": {
        "0": 0.4019858241081238,
        "1": 0.39807212352752686,
        "2": 0.38078469038009644,
        "3": 0.3745782971382141,
        "4": 0.3694274425506592,
        "5": 0.36920997500419617,
        "6": 0.36027470231056213,
        "7": 0.35424908995628357,
        "8": 0.3452374041080475,
        "9": 0.3434584140777588
    },
    "48": {
        "0": 0.37866172194480896,
        "1": 0.373588502407074,
        "2": 0.36367669701576233,
        "3": 0.3610706925392151,
        "4": 0.35049498081207275,
        "5": 0.35026663541793823,
        "6": 0.3456607460975647,
        "7": 0.3440767228603363,
        "8": 0.3386436104774475,
        "9": 0.337956964969635
    },
    "64": {
        "0": 0.39482584595680237,
        "1": 0.388875812292099,
        "2": 0.3787537217140198,
        "3": 0.37159407138824463,
        "4": 0.3698093295097351,
        "5": 0.36800265312194824,
        "6": 0.36357641220092773,
        "7": 0.3402261734008789,
        "8": 0.3367875814437866,
        "9": 0.33417966961860657
    },
    "80": {
        "0": 0.4132359027862549,
        "1": 0.402615487575531,
        "2": 0.3943997621536255,
        "3": 0.39154547452926636,
        "4": 0.38303321599960327,
        "5": 0.3795167803764343,
        "6": 0.3778861463069916,
        "7": 0.37624040246009827,
        "8": 0.37622201442718506,
        "9": 0.37104669213294983
    },
    "96": {
        "0": 0.4047938287258148,
        "1": 0.39654049277305603,
        "2": 0.3941105902194977,
        "3": 0.38281333446502686,
        "4": 0.38083580136299133,
        "5": 0.37876105308532715,
        "6": 0.37418830394744873,
        "7": 0.3732116222381592,
        "8": 0.36408576369285583,
        "9": 0.36047983169555664
    },
    "112": {
        "0": 0.364052951335907,
        "1": 0.35650724172592163,
        "2": 0.3536983132362366,
        "3": 0.33620041608810425,
        "4": 0.3351348638534546,
        "5": 0.33440709114074707,
        "6": 0.3308916389942169,
        "7": 0.3284192383289337,
        "8": 0.3261154890060425,
        "9": 0.32159939408302307
    },
    "128": {
        "0": 0.37983763217926025,
        "1": 0.3775852918624878,
        "2": 0.35636985301971436,
        "3": 0.35181206464767456,
        "4": 0.35074594616889954,
        "5": 0.3467617630958557,
        "6": 0.339324951171875,
        "7": 0.33811137080192566,
        "8": 0.33008819818496704,
        "9": 0.32311689853668213
    },
    "144": {
        "0": 0.3940221667289734,
        "1": 0.39233553409576416,
        "2": 0.3826324939727783,
        "3": 0.37814515829086304,
        "4": 0.3711123764514923,
        "5": 0.36845237016677856,
        "6": 0.36699795722961426,
        "7": 0.3669566512107849,
        "8": 0.36603835225105286,
        "9": 0.36488503217697144
    },
    "160": {
        "0": 0.4332999289035797,
        "1": 0.4318104386329651,
        "2": 0.42526715993881226,
        "3": 0.41455143690109253,
        "4": 0.4127810001373291,
        "5": 0.4120483994483948,
        "6": 0.4112614393234253,
        "7": 0.40982142090797424,
        "8": 0.408246785402298,
        "9": 0.40747588872909546
    },
    "176": {
        "0": 0.3695077896118164,
        "1": 0.36655324697494507,
        "2": 0.36581680178642273,
        "3": 0.3609539270401001,
        "4": 0.3543347418308258,
        "5": 0.3537500500679016,
        "6": 0.3490237295627594,
        "7": 0.3415141701698303,
        "8": 0.3398962616920471,
        "9": 0.3397335708141327
    },
    "192": {
        "0": 0.3442200720310211,
        "1": 0.3351755440235138,
        "2": 0.33086949586868286,
        "3": 0.32787397503852844,
        "4": 0.3208867311477661,
        "5": 0.31242984533309937,
        "6": 0.31180402636528015,
        "7": 0.30836352705955505,
        "8": 0.2977501153945923,
        "9": 0.2971063554286957
    },
    "208": {
        "0": 0.3508063852787018,
        "1": 0.32975491881370544,
        "2": 0.3293966054916382,
        "3": 0.3249266743659973,
        "4": 0.3218700885772705,
        "5": 0.3184577524662018,
        "6": 0.31337419152259827,
        "7": 0.3110908269882202,
        "8": 0.30825477838516235,
        "9": 0.30679813027381897
    },
    "224": {
        "0": 0.36570608615875244,
        "1": 0.3481137156486511,
        "2": 0.34089377522468567,
        "3": 0.3407456874847412,
        "4": 0.33630427718162537,
        "5": 0.33212199807167053,
        "6": 0.33205145597457886,
        "7": 0.3305988609790802,
        "8": 0.32915717363357544,
        "9": 0.32649219036102295
    },
    "240": {
        "0": 0.3807585835456848,
        "1": 0.3578294813632965,
        "2": 0.3560875952243805,
        "3": 0.3526219129562378,
        "4": 0.3507672846317291,
        "5": 0.3467816412448883,
        "6": 0.3459879159927368,
        "7": 0.3427307903766632,
        "8": 0.34271058440208435,
        "9": 0.3397673964500427
    },
    "256": {
        "0": 0.34739476442337036,
        "1": 0.3344133198261261,
        "2": 0.32903432846069336,
        "3": 0.32874563336372375,
        "4": 0.3256448805332184,
        "5": 0.3114546835422516,
        "6": 0.3109508156776428,
        "7": 0.30608931183815,
        "8": 0.3055964410305023,
        "9": 0.30416932702064514
    },
    "272": {
        "0": 0.3497961163520813,
        "1": 0.3496098816394806,
        "2": 0.34178051352500916,
        "3": 0.3351127803325653,
        "4": 0.3235519528388977,
        "5": 0.3233414888381958,
        "6": 0.3190825283527374,
        "7": 0.3166298568248749,
        "8": 0.31582361459732056,
        "9": 0.31381627917289734
    },
    "288": {
        "0": 0.33602896332740784,
        "1": 0.3260239064693451,
        "2": 0.323440819978714,
        "3": 0.31683507561683655,
        "4": 0.3067373037338257,
        "5": 0.3048191964626312,
        "6": 0.3030707538127899,
        "7": 0.29955095052719116,
        "8": 0.298678994178772,
        "9": 0.2981293797492981
    },
    "304": {
        "0": 0.3441191017627716,
        "1": 0.3272397518157959,
        "2": 0.3220920264720917,
        "3": 0.31851863861083984,
        "4": 0.31335726380348206,
        "5": 0.3104294240474701,
        "6": 0.30578771233558655,
        "7": 0.3019421398639679,
        "8": 0.300681471824646,
        "9": 0.29778605699539185
    },
    "320": {
        "0": 0.3331247866153717,
        "1": 0.3329472541809082,
        "2": 0.32356733083724976,
        "3": 0.3167763352394104,
        "4": 0.3157128691673279,
        "5": 0.304465651512146,
        "6": 0.3043612539768219,
        "7": 0.29545673727989197,
        "8": 0.29379186034202576,
        "9": 0.28846922516822815
    },
    "336": {
        "0": 0.34051963686943054,
        "1": 0.3122195899486542,
        "2": 0.30443644523620605,
        "3": 0.30047088861465454,
        "4": 0.300416499376297,
        "5": 0.29783713817596436,
        "6": 0.29778310656547546,
        "7": 0.2967059314250946,
        "8": 0.29095742106437683,
        "9": 0.2903910279273987
    },
    "352": {
        "0": 0.3762667775154114,
        "1": 0.363272100687027,
        "2": 0.36177992820739746,
        "3": 0.34956520795822144,
        "4": 0.34092798829078674,
        "5": 0.3383524417877197,