{
    "0": {
        "0": 0.3384774625301361,
        "1": 0.33400705456733704,
        "2": 0.3282765746116638,
        "3": 0.3213617503643036,
        "4": 0.32005763053894043,
        "5": 0.31826072931289673,
        "6": 0.313917875289917,
        "7": 0.30888280272483826,
        "8": 0.30848419666290283,
        "9": 0.30781224370002747
    },
    "16": {
        "0": 0.3476761281490326,
        "1": 0.34014713764190674,
        "2": 0.337677538394928,
        "3": 0.3326093554496765,
        "4": 0.3297041654586792,
        "5": 0.32884421944618225,
        "6": 0.32621872425079346,
        "7": 0.3170870244503021,
        "8": 0.3161701560020447,
        "9": 0.3149411082267761
    },
    "32": {
        "0": 0.3533422648906708,
        "1": 0.35292959213256836,
        "2": 0.3525466024875641,
        "3": 0.3504207730293274,
        "4": 0.34830647706985474,
        "5": 0.3466731905937195,
        "6": 0.3435559570789337,
        "7": 0.3397420644760132,
        "8": 0.3394603431224823,
        "9": 0.3370078206062317
    },
    "48": {
        "0": 0.35760894417762756,
        "1": 0.34921982884407043,
        "2": 0.33620962500572205,
        "3": 0.333149790763855,
        "4": 0.3302457928657532,
        "5": 0.32475993037223816,
        "6": 0.32473912835121155,
        "7": 0.32451921701431274,
        "8": 0.3240478038787842,
        "9": 0.3239092230796814
    },
    "64": {
        "0": 0.343813955783844,
        "1": 0.34366482496261597,
        "2": 0.33773234486579895,
        "3": 0.33732399344444275,
        "4": 0.33120858669281006,
        "5": 0.3311882019042969,
        "6": 0.33011394739151,
        "7": 0.32877659797668457,
        "8": 0.3280312716960907,
        "9": 0.32666656374931335
    },
    "80": {
        "0": 0.3584762513637543,
        "1": 0.35652321577072144,
        "2": 0.35119086503982544,
        "3": 0.3446498215198517,
        "4": 0.3430918753147125,
        "5": 0.34190964698791504,
        "6": 0.34058740735054016,
        "7": 0.3397974967956543,
        "8": 0.3362874686717987,
        "9": 0.3344160318374634
    },
    "96": {
        "0": 0.3767041862010956,
        "1": 0.3735986351966858,
        "2": 0.3734477162361145,
        "3": 0.3673354983329773,
        "4": 0.36381855607032776,
        "5": 0.3628123104572296,
        "6": 0.358924925327301,
        "7": 0.35839053988456726,
        "8": 0.35673806071281433,
        "9": 0.3533385396003723
    },
    "112": {
        "0": 0.34974581003189087,
        "1": 0.3480183780193329,
        "2": 0.3462693393230438,
        "3": 0.3456866145133972,
        "4": 0.3400425314903259,
        "5": 0.33709049224853516,
        "6": 0.33008694648742676,
        "7": 0.32788220047950745,
        "8": 0.325447142124176,
        "9": 0.3183627724647522
    },
    "128": {
        "0": 0.3631487786769867,
        "1": 0.3620232939720154,
        "2": 0.3564222455024719,
        "3": 0.3476758599281311,
        "4": 0.3398516774177551,
        "5": 0.3397866487503052,
        "6": 0.33876800537109375,
        "7": 0.33817997574806213,
        "8": 0.33504363894462585,
        "9": 0.33382025361061096
    },
    "144": {
        "0": 0.34057170152664185,
        "1": 0.3371506929397583,
        "2": 0.3364000916481018,
        "3": 0.3316943347454071,
        "4": 0.32747751474380493,
        "5": 0.32480090856552124,
        "6": 0.3244633972644806,
        "7": 0.3203076720237732,
        "8": 0.3184770345687866,
        "9": 0.3177134096622467
    },
    "160": {
        "0": 0.3602514863014221,
        "1": 0.3576348125934601,
        "2": 0.3466745913028717,
        "3": 0.34390297532081604,
        "4": 0.33816057443618774,
        "5": 0.3319343030452728,
        "6": 0.33071190118789673,
        "7": 0.33018600940704346,
        "8": 0.3295873999595642,
        "9": 0.3289729654788971
    },
    "176": {
        "0": 0.314825177192688,
        "1": 0.3078714907169342,
        "2": 0.3066534996032715,
        "3": 0.3005445897579193,
        "4": 0.29958856105804443,
        "5": 0.29658961296081543,
        "6": 0.2938212752342224,
        "7": 0.28788840770721436,
        "8": 0.2859348654747009,
        "9": 0.2851434350013733
    },
    "192": {
        "0": 0.3460361957550049,
        "1": 0.34384194016456604,
        "2": 0.3395552337169647,
        "3": 0.33446553349494934,
        "4": 0.3333427309989929,
        "5": 0.33180806040763855,
        "6": 0.3242599368095398,
        "7": 0.3233618140220642,
        "8": 0.3229484260082245,
        "9": 0.3194972574710846
    },
    "208": {
        "0": 0.3379517197608948,
        "1": 0.33592307567596436,
        "2": 0.32664135098457336,
        "3": 0.3265487253665924,
        "4": 0.3264118432998657,
        "5": 0.3237730860710144,
        "6": 0.32060858607292175,
        "7": 0.3175687789916992,
        "8": 0.3143550753593445,
        "9": 0.31231579184532166
    },
    "224": {
        "0": 0.36717525124549866,
        "1": 0.3396821618080139,
        "2": 0.31673911213874817,
        "3": 0.3123203217983246,
        "4": 0.31156662106513977,
        "5": 0.3042658865451813,
        "6": 0.30045944452285767,
        "7": 0.2899440824985504,
        "8": 0.2874920666217804,
        "9": 0.2846863567829132
    },
    "240": {
        "0": 0.33406972885131836,
        "1": 0.32208630442619324,
        "2": 0.3064209520816803,
        "3": 0.3044472634792328,
        "4": 0.304229199886322,
        "5": 0.301755428314209,
        "6": 0.29819512367248535,
        "7": 0.2935372292995453,
        "8": 0.2933662235736847,
        "9": 0.29283449053764343
    },
    "256": {
        "0": 0.3478889763355255,
        "1": 0.3425971269607544,
        "2": 0.3310983180999756,
        "3": 0.3303326368331909,
        "4": 0.3298608064651489,
        "5": 0.3273966908454895,
        "6": 0.3266293406486511,
        "7": 0.32639604806900024,
        "8": 0.32587873935699463,
        "9": 0.3237904906272888
    },
    "272": {
        "0": 0.34480515122413635,
        "1": 0.3377969563007355,
        "2": 0.33298999071121216,
        "3": 0.32432517409324646,
        "4": 0.3192563056945801,
        "5": 0.31425726413726807,
        "6": 0.31270158290863037,
        "7": 0.3111434280872345,
        "8": 0.3104168474674225,
        "9": 0.3077753484249115
    },
    "288": {
        "0": 0.281322181224823,
        "1": 0.27000945806503296,
        "2": 0.2621176540851593,
        "3": 0.25199002027511597,
        "4": 0.2517032325267792,
        "5": 0.24770653247833252,
        "6": 0.2461928278207779,
        "7": 0.24557016789913177,
        "8": 0.24481132626533508,
        "9": 0.24032117426395416
    },
    "304": {
        "0": 0.3071139454841614,
        "1": 0.2973882555961609,
        "2": 0.2950945496559143,
        "3": 0.29500678181648254,
        "4": 0.29335957765579224,
        "5": 0.29308244585990906,
        "6": 0.2873377799987793,
        "7": 0.2872377038002014,
        "8": 0.2805640399456024,
        "9": 0.27915704250335693
    },
    "320": {
        "0": 0.33953312039375305,
        "1": 0.33534952998161316,
        "2": 0.3330155313014984,
        "3": 0.3327578604221344,
        "4": 0.3323513865470886,
        "5": 0.32774314284324646,
        "6": 0.3259414732456207,
        "7": 0.3253170847892761,
        "8": 0.3244656026363373,
        "9": 0.3211069107055664
    },
    "336": {
        "0": 0.36269766092300415,
        "1": 0.3611040413379669,
        "2": 0.35874882340431213,
        "3": 0.3575953543186188,
        "4": 0.354452520608902,
        "5": 0.3540467619895935,
        "6": 0.35221394896507263,
        "7": 0.35095110535621643,
        "8": 0.3485291302204132,
        "9": 0.34294262528419495
    },
    "352": {
        "0": 0.34921029210090637,
        "1": 0.3427695035934448,
        "2": 0.34218138456344604,
        "3": 0.33597901463508606,
        "4": 0.33591151237487793,
        "5": 0.3349480926990509,
        "6": 0.33366239070892334,