{
    "0": {
        "0": 0.32170194387435913,
        "1": 0.31585201621055603,
        "2": 0.31194016337394714,
        "3": 0.3113807141780853,
        "4": 0.30787262320518494,
        "5": 0.2997920513153076,
        "6": 0.29867371916770935,
        "7": 0.2957313060760498,
        "8": 0.2932106852531433,
        "9": 0.2907613217830658
    },
    "16": {
        "0": 0.3417236804962158,
        "1": 0.3251238763332367,
        "2": 0.31684812903404236,
        "3": 0.3134461045265198,
        "4": 0.3108322024345398,
        "5": 0.31001344323158264,
        "6": 0.30859437584877014,
        "7": 0.306293249130249,
        "8": 0.3020429015159607,
        "9": 0.3001386523246765
    },
    "32": {
        "0": 0.34734970331192017,
        "1": 0.3286080062389374,
        "2": 0.31544941663742065,
        "3": 0.31310850381851196,
        "4": 0.31154492497444153,
        "5": 0.3071609139442444,
        "6": 0.3046431839466095,
        "7": 0.3024228811264038,
        "8": 0.2997986972332001,
        "9": 0.2971205711364746
    },
    "48": {
        "0": 0.373976469039917,
        "1": 0.3562348783016205,
        "2": 0.35212454199790955,
        "3": 0.3501858711242676,
        "4": 0.349650502204895,
        "5": 0.3466857373714447,
        "6": 0.34308940172195435,
        "7": 0.3414483070373535,
        "8": 0.34074896574020386,
        "9": 0.337083637714386
    },
    "64": {
        "0": 0.36880916357040405,
        "1": 0.36581602692604065,
        "2": 0.3619704246520996,
        "3": 0.3590886890888214,
        "4": 0.3570559024810791,
        "5": 0.35342544317245483,
        "6": 0.3471214771270752,
        "7": 0.3464412987232208,
        "8": 0.3442429304122925,
        "9": 0.34340256452560425
    },
    "80": {
        "0": 0.3519227206707001,
        "1": 0.35007748007774353,
        "2": 0.3444604277610779,
        "3": 0.3431167006492615,
        "4": 0.342089980840683,
        "5": 0.33761319518089294,
        "6": 0.3275470733642578,
        "7": 0.32671070098876953,
        "8": 0.3263881206512451,
        "9": 0.32635852694511414
    },
    "96": {
        "0": 0.3693843185901642,
        "1": 0.36368033289909363,
        "2": 0.36280083656311035,
        "3": 0.35618922114372253,
        "4": 0.3515082895755768,
        "5": 0.3510702848434448,
        "6": 0.3445279598236084,
        "7": 0.34158551692962646,
        "8": 0.3406568169593811,
        "9": 0.34024423360824585
    },
    "112": {
        "0": 0.33995211124420166,
        "1": 0.32607728242874146,
        "2": 0.3253587782382965,
        "3": 0.3251052796840668,
        "4": 0.32288748025894165,
        "5": 0.315479576587677,
        "6": 0.3123258054256439,
        "7": 0.3114190399646759,
        "8": 0.3088168799877167,
        "9": 0.30692723393440247
    },
    "128": {
        "0": 0.33765825629234314,
        "1": 0.3341669738292694,
        "2": 0.330985426902771,
        "3": 0.3266984820365906,
        "4": 0.32043561339378357,
        "5": 0.3134410083293915,
        "6": 0.3129194378852844,
        "7": 0.31132784485816956,
        "8": 0.31121155619621277,
        "9": 0.30976638197898865
    },
    "144": {
        "0": 0.2636309862136841,
        "1": 0.26137837767601013,
        "2": 0.2532294988632202,
        "3": 0.24750164151191711,
        "4": 0.2462652623653412,
        "5": 0.23968283832073212,
        "6": 0.23770348727703094,
        "7": 0.23668360710144043,
        "8": 0.2358919084072113,
        "9": 0.23559962213039398
    },
    "160": {
        "0": 0.25963225960731506,
        "1": 0.25936493277549744,
        "2": 0.25779423117637634,
        "3": 0.2395685613155365,
        "4": 0.22986796498298645,
        "5": 0.22850583493709564,
        "6": 0.22674992680549622,
        "7": 0.22222864627838135,
        "8": 0.2178262621164322,
        "9": 0.2169080227613449
    },
    "176": {
        "0": 0.2554292380809784,
        "1": 0.24834482371807098,
        "2": 0.24610888957977295,
        "3": 0.2316572368144989,
        "4": 0.22213952243328094,
        "5": 0.2219042181968689,
        "6": 0.21739724278450012,
        "7": 0.21447351574897766,
        "8": 0.2092202752828598,
        "9": 0.2080158144235611
    },
    "192": {
        "0": 0.3092474639415741,
        "1": 0.302404522895813,
        "2": 0.3009498715400696,
        "3": 0.3006702959537506,
        "4": 0.2969109117984772,
        "5": 0.2968046963214874,
        "6": 0.2950742244720459,
        "7": 0.29381465911865234,
        "8": 0.28730306029319763,
        "9": 0.2865563929080963
    },
    "208": {
        "0": 0.2853314280509949,
        "1": 0.2747225761413574,
        "2": 0.2690584659576416,
        "3": 0.2687823474407196,
        "4": 0.26632052659988403,
        "5": 0.262145459651947,
        "6": 0.2607564330101013,
        "7": 0.2589644491672516,
        "8": 0.2589370012283325,
        "9": 0.25168535113334656
    },
    "224": {
        "0": 0.3421686291694641,
        "1": 0.33961221575737,
        "2": 0.3382948637008667,
        "3": 0.3356187641620636,
        "4": 0.3290272653102875,
        "5": 0.3229549825191498,
        "6": 0.3186056911945343,
        "7": 0.3181605041027069,
        "8": 0.3180265724658966,
        "9": 0.31765612959861755
    },
    "240": {
        "0": 0.3358364403247833,
        "1": 0.3286816477775574,
        "2": 0.3273186683654785,
        "3": 0.3231660723686218,
        "4": 0.3229919672012329,
        "5": 0.3211389482021332,
        "6": 0.3189488351345062,
        "7": 0.31592315435409546,
        "8": 0.31274086236953735,
        "9": 0.30858340859413147
    },
    "256": {
        "0": 0.35667189955711365,
        "1": 0.34161052107810974,
        "2": 0.3333891034126282,
        "3": 0.3329251706600189,
        "4": 0.33199790120124817,
        "5": 0.3292146921157837,
        "6": 0.32912540435791016,
        "7": 0.32204487919807434,
        "8": 0.3152531683444977,
        "9": 0.3141646087169647
    },
    "272": {
        "0": 0.374121755361557,
        "1": 0.34905701875686646,
        "2": 0.3484587073326111,
        "3": 0.34473201632499695,
        "4": 0.34467068314552307,
        "5": 0.33948758244514465,
        "6": 0.33432087302207947,
        "7": 0.332407683134079,
        "8": 0.3322831392288208,
        "9": 0.3304859399795532
    },
    "288": {
        "0": 0.29163751006126404,
        "1": 0.2830581068992615,
        "2": 0.2806694805622101,
        "3": 0.280398964881897,
        "4": 0.2779465317726135,
        "5": 0.27540192008018494,
        "6": 0.2704649269580841,
        "7": 0.26783818006515503,
        "8": 0.2674868106842041,
        "9": 0.26606810092926025
    },
    "304": {
        "0": 0.37003093957901,
        "1": 0.36052438616752625,
        "2": 0.3567132353782654,
        "3": 0.3551466166973114,
        "4": 0.3479593098163605,
        "5": 0.34526097774505615,
        "6": 0.34505999088287354,
        "7": 0.3411652147769928,
        "8": 0.34040963649749756,
        "9": 0.33721598982810974
    },
    "320": {
        "0": 0.36221686005592346,
        "1": 0.3591470718383789,
        "2": 0.3490167260169983,
        "3": 0.3467731177806854,
        "4": 0.3426896631717682,
        "5": 0.33612367510795593,
        "6": 0.3359672427177429,
        "7": 0.3341296911239624,
        "8": 0.3295902609825134,
        "9": 0.3270208537578583
    },
    "336": {
        "0": 0.35186073184013367,
        "1": 0.34665313363075256,
        "2": 0.34233275055885315,
        "3": 0.3369249999523163,
        "4": 0.3354686200618744,
        "5": 0.3288085162639618,
        "6": 0.326362669467926,
        "7": 0.3213712275028229,
        "8": 0.31902334094047546,
        "9": 0.3171498775482178
    },
    "352": {
        "0": 0.348198264837265,
        "1": 0.34810927510261536,
        "2": 0.3396886885166168,
        "3": 0.33856138586997986,
        "4": 0.33140480518341064,
        "5": 0.32953113317489624,
        "6": 0.32895541191101074,