{
    "0": {
        "0": 0.31470710039138794,
        "1": 0.31214529275894165,
        "2": 0.30196869373321533,
        "3": 0.2954843044281006,
        "4": 0.2880212664604187,
        "5": 0.28707975149154663,
        "6": 0.28367096185684204,
        "7": 0.27684110403060913,
        "8": 0.27477920055389404,
        "9": 0.2705468237400055
    },
    "16": {
        "0": 0.3429034352302551,
        "1": 0.3423168659210205,
        "2": 0.3294130265712738,
        "3": 0.3243938982486725,
        "4": 0.3229597210884094,
        "5": 0.30788543820381165,
        "6": 0.3066042959690094,
        "7": 0.3058341443538666,
        "8": 0.3049268424510956,
        "9": 0.3019762933254242
    },
    "32": {
        "0": 0.35643473267555237,
        "1": 0.35591384768486023,
        "2": 0.3446890711784363,
        "3": 0.3352462351322174,
        "4": 0.3307439088821411,
        "5": 0.32775911688804626,
        "6": 0.32662779092788696,
        "7": 0.3209553062915802,
        "8": 0.3152634799480438,
        "9": 0.3144121468067169
    },
    "48": {
        "0": 0.4047589898109436,
        "1": 0.40075787901878357,
        "2": 0.3906293511390686,
        "3": 0.38436561822891235,
        "4": 0.38055557012557983,
        "5": 0.38023409247398376,
        "6": 0.37947607040405273,
        "7": 0.37557530403137207,
        "8": 0.37516891956329346,
        "9": 0.37036797404289246
    },
    "64": {
        "0": 0.40821099281311035,
        "1": 0.3996582329273224,
        "2": 0.38825899362564087,
        "3": 0.38774144649505615,
        "4": 0.38669657707214355,
        "5": 0.38263896107673645,
        "6": 0.3790673315525055,
        "7": 0.3784322142601013,
        "8": 0.3751204013824463,
        "9": 0.3744790852069855
    },
    "80": {
        "0": 0.41169142723083496,
        "1": 0.4058994948863983,
        "2": 0.4026491343975067,
        "3": 0.38926589488983154,
        "4": 0.3889307379722595,
        "5": 0.3887702524662018,
        "6": 0.3869447708129883,
        "7": 0.38432878255844116,
        "8": 0.38374942541122437,
        "9": 0.38219937682151794
    },
    "96": {
        "0": 0.39599609375,
        "1": 0.3930262327194214,
        "2": 0.38554781675338745,
        "3": 0.3731509745121002,
        "4": 0.3721543252468109,
        "5": 0.3702094256877899,
        "6": 0.3693193197250366,
        "7": 0.3684437870979309,
        "8": 0.36765363812446594,
        "9": 0.3644707202911377
    },
    "112": {
        "0": 0.3963042199611664,
        "1": 0.3899126648902893,
        "2": 0.37699538469314575,
        "3": 0.3738255798816681,
        "4": 0.3608207404613495,
        "5": 0.3585736155509949,
        "6": 0.358020156621933,
        "7": 0.3562542796134949,
        "8": 0.35483041405677795,
        "9": 0.3545193076133728
    },
    "128": {
        "0": 0.36567139625549316,
        "1": 0.35248053073883057,
        "2": 0.3481566607952118,
        "3": 0.3428354263305664,
        "4": 0.3426252603530884,
        "5": 0.3107297122478485,
        "6": 0.30731987953186035,
        "7": 0.3069869875907898,
        "8": 0.30489134788513184,
        "9": 0.3006674349308014
    },
    "144": {
        "0": 0.34915608167648315,
        "1": 0.341996967792511,
        "2": 0.34061604738235474,
        "3": 0.3318008482456207,
        "4": 0.3297639489173889,
        "5": 0.31662648916244507,
        "6": 0.3136427402496338,
        "7": 0.3060510754585266,
        "8": 0.29939985275268555,
        "9": 0.2948160171508789
    },
    "160": {
        "0": 0.3669339120388031,
        "1": 0.36091646552085876,
        "2": 0.36038586497306824,
        "3": 0.35987868905067444,
        "4": 0.35315579175949097,
        "5": 0.34462738037109375,
        "6": 0.3375912308692932,
        "7": 0.33271777629852295,
        "8": 0.32640236616134644,
        "9": 0.31967946887016296
    },
    "176": {
        "0": 0.3393407464027405,
        "1": 0.3389470875263214,
        "2": 0.3284221291542053,
        "3": 0.3255002200603485,
        "4": 0.3252227306365967,
        "5": 0.3189665377140045,
        "6": 0.3077840209007263,
        "7": 0.29360705614089966,
        "8": 0.2803613543510437,
        "9": 0.27856117486953735
    },
    "192": {
        "0": 0.35078227519989014,
        "1": 0.3466312885284424,
        "2": 0.3426871597766876,
        "3": 0.33992475271224976,
        "4": 0.33886247873306274,
        "5": 0.3268742859363556,
        "6": 0.32315948605537415,
        "7": 0.3168729841709137,
        "8": 0.31538617610931396,
        "9": 0.31234341859817505
    },
    "208": {
        "0": 0.35457906126976013,
        "1": 0.3539145588874817,
        "2": 0.3535209596157074,
        "3": 0.35334810614585876,
        "4": 0.34243902564048767,
        "5": 0.3413177728652954,
        "6": 0.3264508545398712,
        "7": 0.32441607117652893,
        "8": 0.32104742527008057,
        "9": 0.32036134600639343
    },
    "224": {
        "0": 0.3590115010738373,
        "1": 0.3589712977409363,
        "2": 0.3474843502044678,
        "3": 0.3435007929801941,
        "4": 0.34213024377822876,
        "5": 0.3403855562210083,
        "6": 0.3400932550430298,
        "7": 0.3363097906112671,
        "8": 0.33406683802604675,
        "9": 0.3324412405490875
    },
    "240": {
        "0": 0.29950353503227234,
        "1": 0.29325902462005615,
        "2": 0.2797936797142029,
        "3": 0.27641499042510986,
        "4": 0.26627880334854126,
        "5": 0.2615489661693573,
        "6": 0.25889429450035095,
        "7": 0.2536238431930542,
        "8": 0.2534213066101074,
        "9": 0.24862851202487946
    },
    "256": {
        "0": 0.3104690611362457,
        "1": 0.3054317235946655,
        "2": 0.3042777180671692,
        "3": 0.29966703057289124,
        "4": 0.2875739336013794,
        "5": 0.2847699522972107,
        "6": 0.28133150935173035,
        "7": 0.280396431684494,
        "8": 0.2787765860557556,
        "9": 0.2658907175064087
    },
    "272": {
        "0": 0.337337851524353,
        "1": 0.3292168974876404,
        "2": 0.3284708559513092,
        "3": 0.3203217089176178,
        "4": 0.3141227960586548,
        "5": 0.31080788373947144,
        "6": 0.3050197958946228,
        "7": 0.3048681318759918,
        "8": 0.2993695139884949,
        "9": 0.2980636954307556
    },
    "288": {
        "0": 0.3971381187438965,
        "1": 0.39046400785446167,
        "2": 0.38716888427734375,
        "3": 0.3796863257884979,
        "4": 0.3783021569252014,
        "5": 0.37639081478118896,
        "6": 0.3748365044593811,
        "7": 0.3701817989349365,
        "8": 0.36975133419036865,
        "9": 0.36715248227119446
    },
    "304": {
        "0": 0.3905371427536011,
        "1": 0.37935638427734375,
        "2": 0.37064024806022644,
        "3": 0.3689034581184387,
        "4": 0.36321091651916504,
        "5": 0.3621424436569214,
        "6": 0.3613660931587219,
        "7": 0.3548526167869568,
        "8": 0.35317832231521606,
        "9": 0.34998634457588196
    },
    "320": {
        "0": 0.38466939330101013,
        "1": 0.3746357262134552,
        "2": 0.37250927090644836,
        "3": 0.3715617060661316,
        "4": 0.36269691586494446,
        "5": 0.36077651381492615,
        "6": 0.35865098237991333,
        "7": 0.3570503294467926,
        "8": 0.3543679416179657,
        "9": 0.353621244430542
    },
    "336": {
        "0": 0.370882123708725,
        "1": 0.35708293318748474,
        "2": 0.35497620701789856,
        "3": 0.3511488139629364,
        "4": 0.34944623708724976,
        "5": 0.3480927348136902,
        "6": 0.3425629734992981,
        "7": 0.34247255325317383,
        "8": 0.340986967086792,
        "9": 0.3384753167629242
    },
    "352": {
        "0": 0.3848193287849426,
        "1": 0.3794415295124054,
        "2": 0.3723377287387848,
        "3": 0.3716961443424225,
        "4": 0.35996827483177185,
        "5": 0.3554503321647644,
        "6": 0.3514941334724426,