{
    "0": {
        "0": 0.36048799753189087,
        "1": 0.35812264680862427,
        "2": 0.35311681032180786,
        "3": 0.33005291223526,
        "4": 0.3256865441799164,
        "5": 0.3139740824699402,
        "6": 0.3123627305030823,
        "7": 0.3067096173763275,
        "8": 0.28679585456848145,
        "9": 0.27885544300079346
    },
    "16": {
        "0": 0.3921617865562439,
        "1": 0.38724014163017273,
        "2": 0.3851039409637451,
        "3": 0.35566744208335876,
        "4": 0.34430059790611267,
        "5": 0.3312084674835205,
        "6": 0.330840140581131,
        "7": 0.3226633667945862,
        "8": 0.32164084911346436,
        "9": 0.28905776143074036
    },
    "32": {
        "0": 0.3457397520542145,
        "1": 0.3416636288166046,
        "2": 0.33993032574653625,
        "3": 0.33939817547798157,
        "4": 0.3209536075592041,
        "5": 0.31632786989212036,
        "6": 0.3127812445163727,
        "7": 0.30297818779945374,
        "8": 0.30196985602378845,
        "9": 0.28657758235931396
    },
    "48": {
        "0": 0.3701637089252472,
        "1": 0.36956027150154114,
        "2": 0.3567162752151489,
        "3": 0.33924219012260437,
        "4": 0.3375939428806305,
        "5": 0.33041617274284363,
        "6": 0.3207285404205322,
        "7": 0.31270599365234375,
        "8": 0.2997753620147705,
        "9": 0.27973100543022156
    },
    "64": {
        "0": 0.35976576805114746,
        "1": 0.35522833466529846,
        "2": 0.3497367799282074,
        "3": 0.34103429317474365,
        "4": 0.33021634817123413,
        "5": 0.30455783009529114,
        "6": 0.30360478162765503,
        "7": 0.2995774447917938,
        "8": 0.288482129573822,
        "9": 0.281472384929657
    },
    "80": {
        "0": 0.35485583543777466,
        "1": 0.3507324457168579,
        "2": 0.346040815114975,
        "3": 0.3314147889614105,
        "4": 0.32741889357566833,
        "5": 0.29624176025390625,
        "6": 0.29336321353912354,
        "7": 0.29241621494293213,
        "8": 0.2770484685897827,
        "9": 0.2719721496105194
    },
    "96": {
        "0": 0.3420484960079193,
        "1": 0.33529412746429443,
        "2": 0.33407241106033325,
        "3": 0.3156401216983795,
        "4": 0.30669164657592773,
        "5": 0.29389339685440063,
        "6": 0.29306861758232117,
        "7": 0.29029324650764465,
        "8": 0.25918641686439514,
        "9": 0.24108289182186127
    },
    "112": {
        "0": 0.32813289761543274,
        "1": 0.32331979274749756,
        "2": 0.32055509090423584,
        "3": 0.30240169167518616,
        "4": 0.2876322567462921,
        "5": 0.28537920117378235,
        "6": 0.2828044295310974,
        "7": 0.27538761496543884,
        "8": 0.25011974573135376,
        "9": 0.2293534278869629
    },
    "128": {
        "0": 0.2885809540748596,
        "1": 0.282148152589798,
        "2": 0.27978426218032837,
        "3": 0.27768251299858093,
        "4": 0.2654624283313751,
        "5": 0.2643643319606781,
        "6": 0.2568020820617676,
        "7": 0.24804922938346863,
        "8": 0.24593743681907654,
        "9": 0.23956643044948578
    },
    "144": {
        "0": 0.33225053548812866,
        "1": 0.3293583393096924,
        "2": 0.3224479854106903,
        "3": 0.3170979619026184,
        "4": 0.31442052125930786,
        "5": 0.3036288917064667,
        "6": 0.27257832884788513,
        "7": 0.26819485425949097,
        "8": 0.2655269205570221,
        "9": 0.2600560188293457
    },
    "160": {
        "0": 0.29881927371025085,
        "1": 0.29319000244140625,
        "2": 0.2810295522212982,
        "3": 0.2688477337360382,
        "4": 0.261408269405365,
        "5": 0.25605231523513794,
        "6": 0.25597119331359863,
        "7": 0.25401240587234497,
        "8": 0.25329384207725525,
        "9": 0.2481526881456375
    },
    "176": {
        "0": 0.31059175729751587,
        "1": 0.2995430529117584,
        "2": 0.29460519552230835,
        "3": 0.2886348366737366,
        "4": 0.28159964084625244,
        "5": 0.2772616147994995,
        "6": 0.27559831738471985,
        "7": 0.27196401357650757,
        "8": 0.26850029826164246,
        "9": 0.25627636909484863
    },
    "192": {
        "0": 0.2957773506641388,
        "1": 0.2865777015686035,
        "2": 0.27854663133621216,
        "3": 0.2772073745727539,
        "4": 0.2763218283653259,
        "5": 0.27507829666137695,
        "6": 0.2731204330921173,
        "7": 0.2713783085346222,
        "8": 0.26081913709640503,
        "9": 0.26045021414756775
    },
    "208": {
        "0": 0.27326512336730957,
        "1": 0.2723882794380188,
        "2": 0.27081698179244995,
        "3": 0.2659722566604614,
        "4": 0.2636899948120117,
        "5": 0.25767916440963745,
        "6": 0.25566306710243225,
        "7": 0.25502973794937134,
        "8": 0.2535640001296997,
        "9": 0.24746587872505188
    },
    "224": {
        "0": 0.30930137634277344,
        "1": 0.30278870463371277,
        "2": 0.2997792065143585,
        "3": 0.29836875200271606,
        "4": 0.2960600256919861,
        "5": 0.2930854558944702,
        "6": 0.2906721234321594,
        "7": 0.290215402841568,
        "8": 0.2899051606655121,
        "9": 0.2891156077384949
    },
    "240": {
        "0": 0.2601087689399719,
        "1": 0.25438693165779114,
        "2": 0.2516304552555084,
        "3": 0.24738898873329163,
        "4": 0.24387884140014648,
        "5": 0.2379096895456314,
        "6": 0.2374630570411682,
        "7": 0.23743197321891785,
        "8": 0.23663495481014252,
        "9": 0.23548924922943115
    },
    "256": {
        "0": 0.22236944735050201,
        "1": 0.22198611497879028,
        "2": 0.22072021663188934,
        "3": 0.21733522415161133,
        "4": 0.21266697347164154,
        "5": 0.19334104657173157,
        "6": 0.1928289234638214,
        "7": 0.1925904005765915,
        "8": 0.19238507747650146,
        "9": 0.19039011001586914
    },
    "272": {
        "0": 0.2441021353006363,
        "1": 0.2341778576374054,
        "2": 0.22760935127735138,
        "3": 0.19868601858615875,
        "4": 0.19263139367103577,
        "5": 0.19043424725532532,
        "6": 0.18385456502437592,
        "7": 0.17972084879875183,
        "8": 0.17314699292182922,
        "9": 0.17243333160877228
    },
    "288": {
        "0": 0.33004289865493774,
        "1": 0.32727065682411194,
        "2": 0.31833431124687195,
        "3": 0.3125723600387573,
        "4": 0.30579304695129395,
        "5": 0.3056948184967041,
        "6": 0.2939099967479706,
        "7": 0.2851227819919586,
        "8": 0.2803337574005127,
        "9": 0.27719759941101074
    },
    "304": {
        "0": 0.3734716773033142,
        "1": 0.3673340082168579,
        "2": 0.35864490270614624,
        "3": 0.3543506860733032,
        "4": 0.3539733588695526,
        "5": 0.3502171039581299,
        "6": 0.35005077719688416,
        "7": 0.3490443229675293,
        "8": 0.34808290004730225,
        "9": 0.34748420119285583
    },
    "320": {
        "0": 0.2307358682155609,
        "1": 0.2258986234664917,
        "2": 0.22147101163864136,
        "3": 0.210370734333992,
        "4": 0.20779567956924438,
        "5": 0.2075294554233551,
        "6": 0.20750992000102997,
        "7": 0.20666763186454773,
        "8": 0.20466703176498413,
        "9": 0.20351029932498932
    },
    "336": {
        "0": 0.2598200738430023,
        "1": 0.2589583694934845,
        "2": 0.25683027505874634,
        "3": 0.2536569833755493,
        "4": 0.23726429045200348,
        "5": 0.22961799800395966,
        "6": 0.22371932864189148,
        "7": 0.2195984125137329,
        "8": 0.21937702596187592,
        "9": 0.21860991418361664
    },
    "352": {
        "0": 0.25992366671562195,
        "1": 0.25984928011894226,
        "2": 0.25785934925079346,
        "3": 0.2461402863264084,
        "4": 0.24199920892715454,