{
    "0": {
        "0": 0.3951641321182251,
        "1": 0.3930005729198456,
        "2": 0.3892616629600525,
        "3": 0.38176852464675903,
        "4": 0.38148069381713867,
        "5": 0.3814491331577301,
        "6": 0.3793615400791168,
        "7": 0.3787899613380432,
        "8": 0.3778492212295532,
        "9": 0.3764396011829376
    },
    "16": {
        "0": 0.35964393615722656,
        "1": 0.35921111702919006,
        "2": 0.35743746161460876,
        "3": 0.3555710017681122,
        "4": 0.3543902039527893,
        "5": 0.3506249785423279,
        "6": 0.34909090399742126,
        "7": 0.34595492482185364,
        "8": 0.3436185121536255,
        "9": 0.342674195766449
    },
    "32": {
        "0": 0.3630600869655609,
        "1": 0.35288041830062866,
        "2": 0.34772875905036926,
        "3": 0.34743499755859375,
        "4": 0.346562922000885,
        "5": 0.3384753167629242,
        "6": 0.3380708396434784,
        "7": 0.33652180433273315,
        "8": 0.326393187046051,
        "9": 0.32473599910736084
    },
    "48": {
        "0": 0.3706625699996948,
        "1": 0.36224108934402466,
        "2": 0.3544835150241852,
        "3": 0.3542593717575073,
        "4": 0.35309702157974243,
        "5": 0.34904882311820984,
        "6": 0.3482775092124939,
        "7": 0.3478846549987793,
        "8": 0.34780681133270264,
        "9": 0.34081846475601196
    },
    "64": {
        "0": 0.3673015832901001,
        "1": 0.3603456914424896,
        "2": 0.35959842801094055,
        "3": 0.3560376763343811,
        "4": 0.3512435257434845,
        "5": 0.3431585431098938,
        "6": 0.3371920585632324,
        "7": 0.33697709441185,
        "8": 0.3360440135002136,
        "9": 0.3358989655971527
    },
    "80": {
        "0": 0.3722340762615204,
        "1": 0.3652670383453369,
        "2": 0.36353161931037903,
        "3": 0.35750317573547363,
        "4": 0.3532412648200989,
        "5": 0.3529859185218811,
        "6": 0.3508288860321045,
        "7": 0.34936490654945374,
        "8": 0.34557634592056274,
        "9": 0.344463586807251
    },
    "96": {
        "0": 0.41505706310272217,
        "1": 0.4099407196044922,
        "2": 0.4066835343837738,
        "3": 0.40546947717666626,
        "4": 0.40269407629966736,
        "5": 0.4016019105911255,
        "6": 0.39927324652671814,
        "7": 0.3945060968399048,
        "8": 0.3937035799026489,
        "9": 0.39305734634399414
    },
    "112": {
        "0": 0.38233134150505066,
        "1": 0.37753012776374817,
        "2": 0.37592315673828125,
        "3": 0.37511247396469116,
        "4": 0.3725578188896179,
        "5": 0.3682163953781128,
        "6": 0.36689460277557373,
        "7": 0.3621250092983246,
        "8": 0.36055952310562134,
        "9": 0.3587375581264496
    },
    "128": {
        "0": 0.3922359049320221,
        "1": 0.3916791081428528,
        "2": 0.3859749138355255,
        "3": 0.3821909725666046,
        "4": 0.37710100412368774,
        "5": 0.37285512685775757,
        "6": 0.37262582778930664,
        "7": 0.37140241265296936,
        "8": 0.3697311282157898,
        "9": 0.36597609519958496
    },
    "144": {
        "0": 0.34093815088272095,
        "1": 0.3187725245952606,
        "2": 0.3177410364151001,
        "3": 0.29811233282089233,
        "4": 0.29454725980758667,
        "5": 0.29296329617500305,
        "6": 0.2929067611694336,
        "7": 0.2921603322029114,
        "8": 0.29023751616477966,
        "9": 0.28839391469955444
    },
    "160": {
        "0": 0.37633854150772095,
        "1": 0.36088788509368896,
        "2": 0.359907329082489,
        "3": 0.35849013924598694,
        "4": 0.3563562333583832,
        "5": 0.35165196657180786,
        "6": 0.34670478105545044,
        "7": 0.34590211510658264,
        "8": 0.34577834606170654,
        "9": 0.34223008155822754
    },
    "176": {
        "0": 0.3881784677505493,
        "1": 0.3875911235809326,
        "2": 0.382718026638031,
        "3": 0.380733460187912,
        "4": 0.3781701326370239,
        "5": 0.37405407428741455,
        "6": 0.36965450644493103,
        "7": 0.3688012659549713,
        "8": 0.36787039041519165,
        "9": 0.3657882511615753
    },
    "192": {
        "0": 0.41017040610313416,
        "1": 0.4036782681941986,
        "2": 0.4001995921134949,
        "3": 0.39969903230667114,
        "4": 0.39953431487083435,
        "5": 0.3962860703468323,
        "6": 0.3929763734340668,
        "7": 0.39164191484451294,
        "8": 0.38959571719169617,
        "9": 0.3879733085632324
    },
    "208": {
        "0": 0.30521687865257263,
        "1": 0.2952699065208435,
        "2": 0.2934011220932007,
        "3": 0.288401335477829,
        "4": 0.2770356237888336,
        "5": 0.27359190583229065,
        "6": 0.26290932297706604,
        "7": 0.2547318637371063,
        "8": 0.24787592887878418,
        "9": 0.2404773086309433
    },
    "224": {
        "0": 0.33542945981025696,
        "1": 0.3221949338912964,
        "2": 0.3125656843185425,
        "3": 0.30952250957489014,
        "4": 0.30721649527549744,
        "5": 0.30446112155914307,
        "6": 0.2889222204685211,
        "7": 0.2855428457260132,
        "8": 0.2804317772388458,
        "9": 0.279797226190567
    },
    "240": {
        "0": 0.3713906407356262,
        "1": 0.37043219804763794,
        "2": 0.3691176772117615,
        "3": 0.3678053915500641,
        "4": 0.3676549792289734,
        "5": 0.36738601326942444,
        "6": 0.3669075667858124,
        "7": 0.36662372946739197,
        "8": 0.3665658235549927,
        "9": 0.3625664710998535
    },
    "256": {
        "0": 0.37103471159935,
        "1": 0.3694373369216919,
        "2": 0.3622007668018341,
        "3": 0.3482348620891571,
        "4": 0.3459349572658539,
        "5": 0.34589463472366333,
        "6": 0.34511029720306396,
        "7": 0.34233492612838745,
        "8": 0.34062448143959045,
        "9": 0.3406076729297638
    },
    "272": {
        "0": 0.28218984603881836,
        "1": 0.27813151478767395,
        "2": 0.27205339074134827,
        "3": 0.2686353325843811,
        "4": 0.2619238793849945,
        "5": 0.2589583992958069,
        "6": 0.25787144899368286,
        "7": 0.25464412569999695,
        "8": 0.2516612112522125,
        "9": 0.2513481676578522
    },
    "288": {
        "0": 0.24926723539829254,
        "1": 0.2431604415178299,
        "2": 0.23798306286334991,
        "3": 0.23621535301208496,
        "4": 0.22335723042488098,
        "5": 0.22170591354370117,
        "6": 0.2203783392906189,
        "7": 0.21795792877674103,
        "8": 0.21347136795520782,
        "9": 0.21151123940944672
    },
    "304": {
        "0": 0.37982499599456787,
        "1": 0.3657933175563812,
        "2": 0.3651764392852783,
        "3": 0.3608076572418213,
        "4": 0.35925936698913574,
        "5": 0.3578915297985077,
        "6": 0.35500970482826233,
        "7": 0.3542223274707794,
        "8": 0.35327911376953125,
        "9": 0.35309720039367676
    },
    "320": {
        "0": 0.373068630695343,
        "1": 0.36771371960639954,
        "2": 0.36497762799263,
        "3": 0.36404949426651,
        "4": 0.35620570182800293,
        "5": 0.35286712646484375,
        "6": 0.3514964282512665,
        "7": 0.350923091173172,
        "8": 0.350292444229126,
        "9": 0.34673282504081726
    },
    "336": {
        "0": 0.4117662310600281,
        "1": 0.4044205844402313,
        "2": 0.4029052257537842,
        "3": 0.38783207535743713,
        "4": 0.3788969814777374,
        "5": 0.37858879566192627,
        "6": 0.3773171007633209,
        "7": 0.3768535256385803,
        "8": 0.37363165616989136,
        "9": 0.3708861768245697
    },
    "352": {
        "0": 0.40651172399520874,
        "1": 0.39615797996520996,
        "2": 0.39494743943214417,
        "3": 0.39144083857536316,
        "4": 0.3887343406677246,
        "5": 0.3844236731529236,
        "6": 0.37963181734085083,