{
    "0": {
        "0": 0.32294970750808716,
        "1": 0.31935328245162964,
        "2": 0.30320945382118225,
        "3": 0.3019956648349762,
        "4": 0.3014233112335205,
        "5": 0.2928987145423889,
        "6": 0.29097408056259155,
        "7": 0.28934019804000854,
        "8": 0.2765517234802246,
        "9": 0.276201993227005
    },
    "16": {
        "0": 0.3384678065776825,
        "1": 0.33337053656578064,
        "2": 0.31926295161247253,
        "3": 0.3108866512775421,
        "4": 0.3034772276878357,
        "5": 0.30270907282829285,
        "6": 0.30180367827415466,
        "7": 0.3013544976711273,
        "8": 0.30059513449668884,
        "9": 0.29863566160202026
    },
    "32": {
        "0": 0.31493955850601196,
        "1": 0.3131237328052521,
        "2": 0.3100072741508484,
        "3": 0.3056038022041321,
        "4": 0.3030681908130646,
        "5": 0.2968040704727173,
        "6": 0.29478919506073,
        "7": 0.2918364703655243,
        "8": 0.2915933430194855,
        "9": 0.2877931296825409
    },
    "48": {
        "0": 0.2940676212310791,
        "1": 0.2922304570674896,
        "2": 0.2903642952442169,
        "3": 0.27880775928497314,
        "4": 0.27539485692977905,
        "5": 0.2681973874568939,
        "6": 0.2675550878047943,
        "7": 0.2670142352581024,
        "8": 0.2600730359554291,
        "9": 0.25982677936553955
    },
    "64": {
        "0": 0.35659727454185486,
        "1": 0.3545783460140228,
        "2": 0.3430834412574768,
        "3": 0.3400678038597107,
        "4": 0.3354966938495636,
        "5": 0.33377164602279663,
        "6": 0.32681804895401,
        "7": 0.3245801627635956,
        "8": 0.32441964745521545,
        "9": 0.3233375549316406
    },
    "80": {
        "0": 0.31054234504699707,
        "1": 0.3038482367992401,
        "2": 0.2897009253501892,
        "3": 0.28948894143104553,
        "4": 0.2883478105068207,
        "5": 0.2881965935230255,
        "6": 0.28529292345046997,
        "7": 0.2773304283618927,
        "8": 0.27047649025917053,
        "9": 0.2686783969402313
    },
    "96": {
        "0": 0.34531956911087036,
        "1": 0.34244897961616516,
        "2": 0.33605727553367615,
        "3": 0.33377841114997864,
        "4": 0.3290421664714813,
        "5": 0.32522067427635193,
        "6": 0.32312774658203125,
        "7": 0.3223385512828827,
        "8": 0.31253865361213684,
        "9": 0.3102222681045532
    },
    "112": {
        "0": 0.37151899933815,
        "1": 0.36639291048049927,
        "2": 0.35797780752182007,
        "3": 0.3574487268924713,
        "4": 0.35447344183921814,
        "5": 0.353385329246521,
        "6": 0.3523358404636383,
        "7": 0.35119011998176575,
        "8": 0.35016271471977234,
        "9": 0.3486807644367218
    },
    "128": {
        "0": 0.3619011640548706,
        "1": 0.3616067171096802,
        "2": 0.35547536611557007,
        "3": 0.35114315152168274,
        "4": 0.3481719195842743,
        "5": 0.346235990524292,
        "6": 0.34163159132003784,
        "7": 0.3405955731868744,
        "8": 0.33988165855407715,
        "9": 0.33549705147743225
    },
    "144": {
        "0": 0.35013121366500854,
        "1": 0.3496246337890625,
        "2": 0.34624695777893066,
        "3": 0.3411332666873932,
        "4": 0.3388153612613678,
        "5": 0.3341635465621948,
        "6": 0.3330879509449005,
        "7": 0.3294447064399719,
        "8": 0.32674503326416016,
        "9": 0.3260708451271057
    },
    "160": {
        "0": 0.38353949785232544,
        "1": 0.37708407640457153,
        "2": 0.371966689825058,
        "3": 0.3705803453922272,
        "4": 0.36860477924346924,
        "5": 0.36698585748672485,
        "6": 0.36462390422821045,
        "7": 0.355398565530777,
        "8": 0.34932464361190796,
        "9": 0.3490616977214813
    },
    "176": {
        "0": 0.40020552277565,
        "1": 0.39075037837028503,
        "2": 0.3872632086277008,
        "3": 0.37765973806381226,
        "4": 0.3771239221096039,
        "5": 0.37197792530059814,
        "6": 0.3675127625465393,
        "7": 0.366310179233551,
        "8": 0.359025776386261,
        "9": 0.3572731018066406
    },
    "192": {
        "0": 0.36504727602005005,
        "1": 0.3648887872695923,
        "2": 0.3545099198818207,
        "3": 0.3522108495235443,
        "4": 0.349453866481781,
        "5": 0.3474844992160797,
        "6": 0.34552785754203796,
        "7": 0.3442234992980957,
        "8": 0.3414436876773834,
        "9": 0.34044766426086426
    },
    "208": {
        "0": 0.371442973613739,
        "1": 0.36407148838043213,
        "2": 0.36181893944740295,
        "3": 0.35497185587882996,
        "4": 0.3466450572013855,
        "5": 0.344003289937973,
        "6": 0.3435661494731903,
        "7": 0.33702337741851807,
        "8": 0.3343459665775299,
        "9": 0.33419233560562134
    },
    "224": {
        "0": 0.36716896295547485,
        "1": 0.3629801273345947,
        "2": 0.362438827753067,
        "3": 0.3609682321548462,
        "4": 0.35670122504234314,
        "5": 0.3564722239971161,
        "6": 0.3542954921722412,
        "7": 0.3519226312637329,
        "8": 0.3505551218986511,
        "9": 0.3491135537624359
    },
    "240": {
        "0": 0.35595372319221497,
        "1": 0.35532280802726746,
        "2": 0.33607035875320435,
        "3": 0.33061859011650085,
        "4": 0.32200711965560913,
        "5": 0.3134499192237854,
        "6": 0.3120979070663452,
        "7": 0.31190329790115356,
        "8": 0.3112456798553467,
        "9": 0.30324098467826843
    },
    "256": {
        "0": 0.3647475838661194,
        "1": 0.3613705635070801,
        "2": 0.33428359031677246,
        "3": 0.333718866109848,
        "4": 0.3292892277240753,
        "5": 0.3262089490890503,
        "6": 0.3240812420845032,
        "7": 0.32365280389785767,
        "8": 0.32219594717025757,
        "9": 0.3186337947845459
    },
    "272": {
        "0": 0.3763583302497864,
        "1": 0.37110191583633423,
        "2": 0.35903242230415344,
        "3": 0.3573356866836548,
        "4": 0.34991806745529175,
        "5": 0.34733304381370544,
        "6": 0.34658825397491455,
        "7": 0.3444351553916931,
        "8": 0.34233924746513367,
        "9": 0.33689084649086
    },
    "288": {
        "0": 0.38273707032203674,
        "1": 0.37477391958236694,
        "2": 0.35946521162986755,
        "3": 0.3584674894809723,
        "4": 0.3497205972671509,
        "5": 0.3416896462440491,
        "6": 0.3395636975765228,
        "7": 0.33856314420700073,
        "8": 0.33705031871795654,
        "9": 0.33660826086997986
    },
    "304": {
        "0": 0.39687928557395935,
        "1": 0.3936871588230133,
        "2": 0.3679726719856262,
        "3": 0.3673805296421051,
        "4": 0.3669690191745758,
        "5": 0.3649212718009949,
        "6": 0.3629149794578552,
        "7": 0.3582187294960022,
        "8": 0.35727396607398987,
        "9": 0.3508782386779785
    },
    "320": {
        "0": 0.3392408788204193,
        "1": 0.3329918682575226,
        "2": 0.32027339935302734,
        "3": 0.3106394112110138,
        "4": 0.3066396117210388,
        "5": 0.30372723937034607,
        "6": 0.29870471358299255,
        "7": 0.2968614101409912,
        "8": 0.29358071088790894,
        "9": 0.2912200093269348
    },
    "336": {
        "0": 0.36501219868659973,
        "1": 0.36456286907196045,
        "2": 0.34741973876953125,
        "3": 0.3331416845321655,
        "4": 0.33278030157089233,
        "5": 0.3324128985404968,
        "6": 0.3321371376514435,
        "7": 0.33189842104911804,
        "8": 0.33012765645980835,
        "9": 0.3293669521808624
    },
    "352": {
        "0": 0.3840203881263733,
        "1": 0.3728642463684082,
        "2": 0.36880260705947876,
        "3": 0.3622140884399414,
        "4": 0.35529083013534546,
        "5": 0.3520439863204956,
        "6": 0.35187819600105286,