{
    "0": {
        "0": 0.38503530621528625,
        "1": 0.3836010694503784,
        "2": 0.3771144151687622,
        "3": 0.3702523708343506,
        "4": 0.36994510889053345,
        "5": 0.36562931537628174,
        "6": 0.35944032669067383,
        "7": 0.35349026322364807,
        "8": 0.34456121921539307,
        "9": 0.33683568239212036
    },
    "16": {
        "0": 0.38922521471977234,
        "1": 0.38106924295425415,
        "2": 0.3806709349155426,
        "3": 0.373078316450119,
        "4": 0.3721800148487091,
        "5": 0.37154045701026917,
        "6": 0.3643694818019867,
        "7": 0.35370492935180664,
        "8": 0.35207322239875793,
        "9": 0.33953163027763367
    },
    "32": {
        "0": 0.36010468006134033,
        "1": 0.3488039970397949,
        "2": 0.3482435643672943,
        "3": 0.34669193625450134,
        "4": 0.34602752327919006,
        "5": 0.34548419713974,
        "6": 0.3431980609893799,
        "7": 0.3290080428123474,
        "8": 0.3286951184272766,
        "9": 0.3238495886325836
    },
    "48": {
        "0": 0.37410494685173035,
        "1": 0.3699323832988739,
        "2": 0.36728551983833313,
        "3": 0.36300840973854065,
        "4": 0.3626079857349396,
        "5": 0.3619705140590668,
        "6": 0.3526732325553894,
        "7": 0.34226807951927185,
        "8": 0.3393305540084839,
        "9": 0.3299129009246826
    },
    "64": {
        "0": 0.3729221820831299,
        "1": 0.36524415016174316,
        "2": 0.3646387755870819,
        "3": 0.35710811614990234,
        "4": 0.35636380314826965,
        "5": 0.3551507592201233,
        "6": 0.34887418150901794,
        "7": 0.34030836820602417,
        "8": 0.33896318078041077,
        "9": 0.3256063759326935
    },
    "80": {
        "0": 0.39597630500793457,
        "1": 0.38560688495635986,
        "2": 0.3780968487262726,
        "3": 0.37807515263557434,
        "4": 0.3749602437019348,
        "5": 0.37351006269454956,
        "6": 0.3717903792858124,
        "7": 0.36004021763801575,
        "8": 0.3557156026363373,
        "9": 0.35349833965301514
    },
    "96": {
        "0": 0.3484543263912201,
        "1": 0.34676969051361084,
        "2": 0.34305405616760254,
        "3": 0.3386046886444092,
        "4": 0.338153600692749,
        "5": 0.33670341968536377,
        "6": 0.33342963457107544,
        "7": 0.33220428228378296,
        "8": 0.33176738023757935,
        "9": 0.3285352289676666
    },
    "112": {
        "0": 0.3756861686706543,
        "1": 0.37369823455810547,
        "2": 0.3692654073238373,
        "3": 0.35976147651672363,
        "4": 0.3571852445602417,
        "5": 0.3570852279663086,
        "6": 0.35375863313674927,
        "7": 0.3406509757041931,
        "8": 0.3389438986778259,
        "9": 0.330193430185318
    },
    "128": {
        "0": 0.3031262457370758,
        "1": 0.29508620500564575,
        "2": 0.2938530743122101,
        "3": 0.2924741506576538,
        "4": 0.2912203073501587,
        "5": 0.2871737778186798,
        "6": 0.2870223820209503,
        "7": 0.2869516909122467,
        "8": 0.28225821256637573,
        "9": 0.27768728137016296
    },
    "144": {
        "0": 0.30710896849632263,
        "1": 0.30124562978744507,
        "2": 0.2988782525062561,
        "3": 0.2945004403591156,
        "4": 0.2937834560871124,
        "5": 0.29104751348495483,
        "6": 0.2908034920692444,
        "7": 0.28991520404815674,
        "8": 0.2860819399356842,
        "9": 0.2842159867286682
    },
    "160": {
        "0": 0.37113043665885925,
        "1": 0.36688363552093506,
        "2": 0.3619125783443451,
        "3": 0.3603591024875641,
        "4": 0.3567539155483246,
        "5": 0.3546285331249237,
        "6": 0.35450124740600586,
        "7": 0.3539135158061981,
        "8": 0.350845605134964,
        "9": 0.34602344036102295
    },
    "176": {
        "0": 0.35855260491371155,
        "1": 0.3349511921405792,
        "2": 0.3324630856513977,
        "3": 0.3305971324443817,
        "4": 0.33030569553375244,
        "5": 0.32944515347480774,
        "6": 0.32438039779663086,
        "7": 0.32382622361183167,
        "8": 0.3180164396762848,
        "9": 0.31745341420173645
    },
    "192": {
        "0": 0.34686288237571716,
        "1": 0.33786657452583313,
        "2": 0.33534106612205505,
        "3": 0.33288875222206116,
        "4": 0.3314781188964844,
        "5": 0.3292328715324402,
        "6": 0.32866171002388,
        "7": 0.326145738363266,
        "8": 0.32043081521987915,
        "9": 0.3198661804199219
    },
    "208": {
        "0": 0.32872703671455383,
        "1": 0.32388222217559814,
        "2": 0.31440383195877075,
        "3": 0.31212514638900757,
        "4": 0.31132879853248596,
        "5": 0.30835866928100586,
        "6": 0.3071792423725128,
        "7": 0.3069502115249634,
        "8": 0.3027823567390442,
        "9": 0.3019331991672516
    },
    "224": {
        "0": 0.3336895704269409,
        "1": 0.330241858959198,
        "2": 0.3226814270019531,
        "3": 0.3204262852668762,
        "4": 0.3185614049434662,
        "5": 0.317123681306839,
        "6": 0.31245550513267517,
        "7": 0.3107132911682129,
        "8": 0.3106577396392822,
        "9": 0.30933821201324463
    },
    "240": {
        "0": 0.2893648147583008,
        "1": 0.286741703748703,
        "2": 0.28240758180618286,
        "3": 0.2813180088996887,
        "4": 0.27648305892944336,
        "5": 0.2749565839767456,
        "6": 0.2716127038002014,
        "7": 0.27027541399002075,
        "8": 0.26553523540496826,
        "9": 0.26549187302589417
    },
    "256": {
        "0": 0.3054087460041046,
        "1": 0.30496835708618164,
        "2": 0.3034115433692932,
        "3": 0.2951008379459381,
        "4": 0.2911553382873535,
        "5": 0.2903009057044983,
        "6": 0.28825148940086365,
        "7": 0.28745120763778687,
        "8": 0.28608062863349915,
        "9": 0.28489482402801514
    },
    "272": {
        "0": 0.3411434590816498,
        "1": 0.3407549560070038,
        "2": 0.340415894985199,
        "3": 0.3365682065486908,
        "4": 0.3354429602622986,
        "5": 0.33464378118515015,
        "6": 0.3340139389038086,
        "7": 0.33292171359062195,
        "8": 0.3319240212440491,
        "9": 0.32943233847618103
    },
    "288": {
        "0": 0.37695109844207764,
        "1": 0.3566969037055969,
        "2": 0.35165780782699585,
        "3": 0.35073697566986084,
        "4": 0.34944018721580505,
        "5": 0.3402084410190582,
        "6": 0.3397238254547119,
        "7": 0.33831146359443665,
        "8": 0.3354969024658203,
        "9": 0.3325123190879822
    },
    "304": {
        "0": 0.3462093770503998,
        "1": 0.3392218053340912,
        "2": 0.33791884779930115,
        "3": 0.3264743685722351,
        "4": 0.3263612687587738,
        "5": 0.3254867196083069,
        "6": 0.3202146887779236,
        "7": 0.3199957311153412,
        "8": 0.3196994364261627,
        "9": 0.3169070780277252
    },
    "320": {
        "0": 0.3111622929573059,
        "1": 0.3022274076938629,
        "2": 0.2973388135433197,
        "3": 0.2956412434577942,
        "4": 0.2940067946910858,
        "5": 0.29387518763542175,
        "6": 0.2903916835784912,
        "7": 0.28555169701576233,
        "8": 0.28323209285736084,
        "9": 0.2816227376461029
    },
    "336": {
        "0": 0.3291705250740051,
        "1": 0.30672335624694824,
        "2": 0.29864612221717834,
        "3": 0.2968556880950928,
        "4": 0.2935073971748352,
        "5": 0.29148638248443604,
        "6": 0.2902164161205292,
        "7": 0.28948700428009033,
        "8": 0.28549838066101074,
        "9": 0.2817437946796417
    },
    "352": {
        "0": 0.3574937582015991,
        "1": 0.3509964048862457,
        "2": 0.3393848240375519,
        "3": 0.33558109402656555,
        "4": 0.33437687158584595,
        "5": 0.3322142958641052,