{
    "0": {
        "0": 0.3385138511657715,
        "1": 0.33454886078834534,
        "2": 0.33340853452682495,
        "3": 0.3330763280391693,
        "4": 0.3317023515701294,
        "5": 0.329209566116333,
        "6": 0.32764923572540283,
        "7": 0.32706764340400696,
        "8": 0.32661837339401245,
        "9": 0.3247623145580292
    },
    "16": {
        "0": 0.3437406122684479,
        "1": 0.34221869707107544,
        "2": 0.34192243218421936,
        "3": 0.3401108384132385,
        "4": 0.3375779390335083,
        "5": 0.33641517162323,
        "6": 0.3343077600002289,
        "7": 0.33204320073127747,
        "8": 0.3289578855037689,
        "9": 0.32851532101631165
    },
    "32": {
        "0": 0.346778929233551,
        "1": 0.3461869955062866,
        "2": 0.3456242084503174,
        "3": 0.34496191143989563,
        "4": 0.34346768260002136,
        "5": 0.34298568964004517,
        "6": 0.3414255678653717,
        "7": 0.34107911586761475,
        "8": 0.3395316004753113,
        "9": 0.3366413414478302
    },
    "48": {
        "0": 0.3656955659389496,
        "1": 0.3638819754123688,
        "2": 0.36067795753479004,
        "3": 0.35790014266967773,
        "4": 0.3574400246143341,
        "5": 0.355188250541687,
        "6": 0.3537333011627197,
        "7": 0.35074591636657715,
        "8": 0.3471732437610626,
        "9": 0.347053587436676
    },
    "64": {
        "0": 0.3140430450439453,
        "1": 0.31161269545555115,
        "2": 0.3053635060787201,
        "3": 0.3020284175872803,
        "4": 0.2987366318702698,
        "5": 0.29727107286453247,
        "6": 0.29655441641807556,
        "7": 0.2953195571899414,
        "8": 0.294674277305603,
        "9": 0.29400312900543213
    },
    "80": {
        "0": 0.3142297863960266,
        "1": 0.3074440658092499,
        "2": 0.3071812093257904,
        "3": 0.3070591986179352,
        "4": 0.30456626415252686,
        "5": 0.30304306745529175,
        "6": 0.29822438955307007,
        "7": 0.2950060963630676,
        "8": 0.2938975691795349,
        "9": 0.29386675357818604
    },
    "96": {
        "0": 0.3406054377555847,
        "1": 0.33186763525009155,
        "2": 0.32755059003829956,
        "3": 0.3236786723136902,
        "4": 0.32049936056137085,
        "5": 0.3194310665130615,
        "6": 0.3177655041217804,
        "7": 0.3166939318180084,
        "8": 0.31451910734176636,
        "9": 0.3140721917152405
    },
    "112": {
        "0": 0.35684433579444885,
        "1": 0.3503611981868744,
        "2": 0.3497372567653656,
        "3": 0.34828758239746094,
        "4": 0.34748467803001404,
        "5": 0.34151291847229004,
        "6": 0.341073215007782,
        "7": 0.33932173252105713,
        "8": 0.3391692638397217,
        "9": 0.3384343981742859
    },
    "128": {
        "0": 0.3193780183792114,
        "1": 0.3073294162750244,
        "2": 0.3062843084335327,
        "3": 0.3036748766899109,
        "4": 0.30109959840774536,
        "5": 0.30032986402511597,
        "6": 0.2979227304458618,
        "7": 0.2978949248790741,
        "8": 0.29568713903427124,
        "9": 0.29552894830703735
    },
    "144": {
        "0": 0.3423082232475281,
        "1": 0.334438294172287,
        "2": 0.3325267732143402,
        "3": 0.33252570033073425,
        "4": 0.3321301341056824,
        "5": 0.3320474922657013,
        "6": 0.3291769325733185,
        "7": 0.3270680606365204,
        "8": 0.3249783515930176,
        "9": 0.31976059079170227
    },
    "160": {
        "0": 0.37190306186676025,
        "1": 0.36984357237815857,
        "2": 0.36984145641326904,
        "3": 0.36826497316360474,
        "4": 0.3682342767715454,
        "5": 0.3654891550540924,
        "6": 0.36508530378341675,
        "7": 0.36393842101097107,
        "8": 0.3627576529979706,
        "9": 0.3610553741455078
    },
    "176": {
        "0": 0.3443753123283386,
        "1": 0.3424716591835022,
        "2": 0.3411926329135895,
        "3": 0.33935612440109253,
        "4": 0.33202624320983887,
        "5": 0.33079880475997925,
        "6": 0.330011248588562,
        "7": 0.3292703628540039,
        "8": 0.3263414800167084,
        "9": 0.3225371539592743
    },
    "192": {
        "0": 0.35196954011917114,
        "1": 0.3511524796485901,
        "2": 0.34920597076416016,
        "3": 0.3461545407772064,
        "4": 0.34576505422592163,
        "5": 0.33999156951904297,
        "6": 0.3398049771785736,
        "7": 0.3375679552555084,
        "8": 0.3364811837673187,
        "9": 0.33636632561683655
    },
    "208": {
        "0": 0.37223321199417114,
        "1": 0.353412926197052,
        "2": 0.3499767780303955,
        "3": 0.34206271171569824,
        "4": 0.33932700753211975,
        "5": 0.3363765776157379,
        "6": 0.3362734615802765,
        "7": 0.33563491702079773,
        "8": 0.33545342087745667,
        "9": 0.33355286717414856
    },
    "224": {
        "0": 0.33942100405693054,
        "1": 0.3361043632030487,
        "2": 0.3328787088394165,
        "3": 0.33271676301956177,
        "4": 0.3326304852962494,
        "5": 0.33185872435569763,
        "6": 0.33121636509895325,
        "7": 0.3311750888824463,
        "8": 0.3311120569705963,
        "9": 0.33080315589904785
    },
    "240": {
        "0": 0.3406030237674713,
        "1": 0.33930376172065735,
        "2": 0.3390696346759796,
        "3": 0.3373953104019165,
        "4": 0.3366452753543854,
        "5": 0.33567121624946594,
        "6": 0.33501243591308594,
        "7": 0.33408886194229126,
        "8": 0.3311138451099396,
        "9": 0.330685019493103
    },
    "256": {
        "0": 0.39382606744766235,
        "1": 0.3929756283760071,
        "2": 0.3850764334201813,
        "3": 0.3653852343559265,
        "4": 0.35973042249679565,
        "5": 0.3571975529193878,
        "6": 0.3552103340625763,
        "7": 0.32659727334976196,
        "8": 0.326483815908432,
        "9": 0.32632869482040405
    },
    "272": {
        "0": 0.40913069248199463,
        "1": 0.4006907641887665,
        "2": 0.4006481468677521,
        "3": 0.3814074695110321,
        "4": 0.3733116686344147,
        "5": 0.37070444226264954,
        "6": 0.3669089376926422,
        "7": 0.34828686714172363,
        "8": 0.3445245325565338,
        "9": 0.3440544903278351
    },
    "288": {
        "0": 0.36763259768486023,
        "1": 0.36009031534194946,
        "2": 0.35861197113990784,
        "3": 0.35424232482910156,
        "4": 0.3521888256072998,
        "5": 0.3465430438518524,
        "6": 0.34445953369140625,
        "7": 0.34200143814086914,
        "8": 0.34095078706741333,
        "9": 0.33761587738990784
    },
    "304": {
        "0": 0.33373144268989563,
        "1": 0.32406434416770935,
        "2": 0.32192203402519226,
        "3": 0.32130029797554016,
        "4": 0.3185487985610962,
        "5": 0.315482497215271,
        "6": 0.313433974981308,
        "7": 0.3112748861312866,
        "8": 0.30976125597953796,
        "9": 0.3084638714790344
    },
    "320": {
        "0": 0.32967931032180786,
        "1": 0.32843565940856934,
        "2": 0.3195604979991913,
        "3": 0.3191918432712555,
        "4": 0.31695201992988586,
        "5": 0.31619203090667725,
        "6": 0.31175336241722107,
        "7": 0.3082317113876343,
        "8": 0.30663788318634033,
        "9": 0.3052019476890564
    },
    "336": {
        "0": 0.3528203070163727,
        "1": 0.3418005704879761,
        "2": 0.34016895294189453,
        "3": 0.3395959138870239,
        "4": 0.33590811491012573,
        "5": 0.33450305461883545,
        "6": 0.3325541913509369,
        "7": 0.32929807901382446,
        "8": 0.3283064663410187,
        "9": 0.32624489068984985
    },
    "352": {
        "0": 0.36477527022361755,
        "1": 0.35854771733283997,
        "2": 0.3553575873374939,
        "3": 0.35531091690063477,
        "4": 0.3545963764190674,
        "5": 0.35047993063926697,