{
    "0": {
        "0": 0.29866456985473633,
        "1": 0.29786431789398193,
        "2": 0.29590103030204773,
        "3": 0.2949441075325012,
        "4": 0.29132410883903503,
        "5": 0.2874011993408203,
        "6": 0.2781955897808075,
        "7": 0.27540796995162964,
        "8": 0.27494168281555176,
        "9": 0.27449843287467957
    },
    "16": {
        "0": 0.308376282453537,
        "1": 0.3073950409889221,
        "2": 0.30504220724105835,
        "3": 0.304752916097641,
        "4": 0.2974676787853241,
        "5": 0.29450544714927673,
        "6": 0.2941370904445648,
        "7": 0.2876507043838501,
        "8": 0.28676754236221313,
        "9": 0.28334882855415344
    },
    "32": {
        "0": 0.3118201196193695,
        "1": 0.30844536423683167,
        "2": 0.3072189688682556,
        "3": 0.3042615056037903,
        "4": 0.2971661388874054,
        "5": 0.29490533471107483,
        "6": 0.2943074107170105,
        "7": 0.29387417435646057,
        "8": 0.28947126865386963,
        "9": 0.28830862045288086
    },
    "48": {
        "0": 0.3048458993434906,
        "1": 0.30131110548973083,
        "2": 0.29847195744514465,
        "3": 0.297075480222702,
        "4": 0.2877542972564697,
        "5": 0.28638842701911926,
        "6": 0.28617197275161743,
        "7": 0.2847670912742615,
        "8": 0.282382994890213,
        "9": 0.2795378267765045
    },
    "64": {
        "0": 0.2995182275772095,
        "1": 0.29712358117103577,
        "2": 0.29254770278930664,
        "3": 0.29015251994132996,
        "4": 0.2820490002632141,
        "5": 0.280534952878952,
        "6": 0.27870824933052063,
        "7": 0.2786673903465271,
        "8": 0.2751229703426361,
        "9": 0.27352404594421387
    },
    "80": {
        "0": 0.3017772138118744,
        "1": 0.29682397842407227,
        "2": 0.2931883931159973,
        "3": 0.2928752303123474,
        "4": 0.28684940934181213,
        "5": 0.28520235419273376,
        "6": 0.2819887697696686,
        "7": 0.2791453003883362,
        "8": 0.2772364318370819,
        "9": 0.275412917137146
    },
    "96": {
        "0": 0.28643110394477844,
        "1": 0.28422555327415466,
        "2": 0.28181782364845276,
        "3": 0.278967022895813,
        "4": 0.27265283465385437,
        "5": 0.26539188623428345,
        "6": 0.2653011381626129,
        "7": 0.2629013657569885,
        "8": 0.2622452676296234,
        "9": 0.26200002431869507
    },
    "112": {
        "0": 0.3619471490383148,
        "1": 0.3518639802932739,
        "2": 0.3499242961406708,
        "3": 0.3494594395160675,
        "4": 0.34046459197998047,
        "5": 0.3397854268550873,
        "6": 0.3350582718849182,
        "7": 0.33396393060684204,
        "8": 0.332001268863678,
        "9": 0.331585556268692
    },
    "128": {
        "0": 0.2844647765159607,
        "1": 0.27456134557724,
        "2": 0.26732733845710754,
        "3": 0.26653310656547546,
        "4": 0.2636002004146576,
        "5": 0.2632791996002197,
        "6": 0.26316243410110474,
        "7": 0.2610962390899658,
        "8": 0.2606079578399658,
        "9": 0.2549298405647278
    },
    "144": {
        "0": 0.2856212556362152,
        "1": 0.2843528091907501,
        "2": 0.2751465439796448,
        "3": 0.27457818388938904,
        "4": 0.27398961782455444,
        "5": 0.2699950933456421,
        "6": 0.26892876625061035,
        "7": 0.2674890458583832,
        "8": 0.26319849491119385,
        "9": 0.2621932029724121
    },
    "160": {
        "0": 0.2960723042488098,
        "1": 0.2860572338104248,
        "2": 0.2840825021266937,
        "3": 0.27844715118408203,
        "4": 0.276863157749176,
        "5": 0.27195778489112854,
        "6": 0.2690102159976959,
        "7": 0.2644576132297516,
        "8": 0.26441389322280884,
        "9": 0.2634155750274658
    },
    "176": {
        "0": 0.38932138681411743,
        "1": 0.38507789373397827,
        "2": 0.38057345151901245,
        "3": 0.378184974193573,
        "4": 0.3761957287788391,
        "5": 0.37398046255111694,
        "6": 0.37391677498817444,
        "7": 0.37071043252944946,
        "8": 0.368550568819046,
        "9": 0.36818233132362366
    },
    "192": {
        "0": 0.3293166160583496,
        "1": 0.31535106897354126,
        "2": 0.31343305110931396,
        "3": 0.30604088306427,
        "4": 0.30325859785079956,
        "5": 0.3028602600097656,
        "6": 0.2979203164577484,
        "7": 0.29736536741256714,
        "8": 0.2968519330024719,
        "9": 0.29681986570358276
    },
    "208": {
        "0": 0.37749162316322327,
        "1": 0.37463632225990295,
        "2": 0.3714134991168976,
        "3": 0.3703841269016266,
        "4": 0.3667603135108948,
        "5": 0.3657877445220947,
        "6": 0.36074143648147583,
        "7": 0.35967281460762024,
        "8": 0.35531407594680786,
        "9": 0.35319069027900696
    },
    "224": {
        "0": 0.3681138753890991,
        "1": 0.36458325386047363,
        "2": 0.3628358542919159,
        "3": 0.3612067699432373,
        "4": 0.35946014523506165,
        "5": 0.35898470878601074,
        "6": 0.3554810583591461,
        "7": 0.3542315363883972,
        "8": 0.3485002815723419,
        "9": 0.34796571731567383
    },
    "240": {
        "0": 0.2900903820991516,
        "1": 0.2880646586418152,
        "2": 0.27609771490097046,
        "3": 0.27200910449028015,
        "4": 0.27121639251708984,
        "5": 0.26961082220077515,
        "6": 0.2693416178226471,
        "7": 0.26463884115219116,
        "8": 0.264615923166275,
        "9": 0.2641431987285614
    },
    "256": {
        "0": 0.3092443645000458,
        "1": 0.3046961724758148,
        "2": 0.2980271875858307,
        "3": 0.2929311692714691,
        "4": 0.2905242443084717,
        "5": 0.2903614342212677,
        "6": 0.28856968879699707,
        "7": 0.28793472051620483,
        "8": 0.28541821241378784,
        "9": 0.2846781313419342
    },
    "272": {
        "0": 0.33961308002471924,
        "1": 0.3333892822265625,
        "2": 0.331718772649765,
        "3": 0.3316846489906311,
        "4": 0.32966092228889465,
        "5": 0.32853662967681885,
        "6": 0.31914272904396057,
        "7": 0.31652891635894775,
        "8": 0.3163471221923828,
        "9": 0.316334992647171
    },
    "288": {
        "0": 0.3220432996749878,
        "1": 0.3150216341018677,
        "2": 0.3051944077014923,
        "3": 0.3037380576133728,
        "4": 0.3033408522605896,
        "5": 0.3031715154647827,
        "6": 0.3028024435043335,
        "7": 0.2997715473175049,
        "8": 0.2982918620109558,
        "9": 0.2942679226398468
    },
    "304": {
        "0": 0.34249383211135864,
        "1": 0.33759793639183044,
        "2": 0.3345198929309845,
        "3": 0.3249465227127075,
        "4": 0.32185831665992737,
        "5": 0.3217862844467163,
        "6": 0.31569212675094604,
        "7": 0.31534597277641296,
        "8": 0.3119566738605499,
        "9": 0.31153053045272827
    },
    "320": {
        "0": 0.31788626313209534,
        "1": 0.30839911103248596,
        "2": 0.30592721700668335,
        "3": 0.30302706360816956,
        "4": 0.2971920371055603,
        "5": 0.2912541627883911,
        "6": 0.29083162546157837,
        "7": 0.28744736313819885,
        "8": 0.2853235900402069,
        "9": 0.2840433716773987
    },
    "336": {
        "0": 0.35026389360427856,
        "1": 0.347048282623291,
        "2": 0.33767271041870117,
        "3": 0.33397889137268066,
        "4": 0.32598984241485596,
        "5": 0.32492896914482117,
        "6": 0.32286909222602844,
        "7": 0.31423842906951904,
        "8": 0.31216713786125183,
        "9": 0.30911311507225037
    },
    "352": {
        "0": 0.395712673664093,
        "1": 0.38543379306793213,
        "2": 0.3757425546646118,
        "3": 0.3752139210700989,
        "4": 0.37165310978889465,
        "5": 0.3698985278606415,
        "6": 0.36238375306129456,