{
    "0": {
        "0": 0.31002745032310486,
        "1": 0.28466150164604187,
        "2": 0.28182533383369446,
        "3": 0.26655179262161255,
        "4": 0.26172181963920593,
        "5": 0.2533264458179474,
        "6": 0.24201302230358124,
        "7": 0.24030563235282898,
        "8": 0.23610572516918182,
        "9": 0.23058253526687622
    },
    "16": {
        "0": 0.355100154876709,
        "1": 0.3426939845085144,
        "2": 0.3336905241012573,
        "3": 0.33195310831069946,
        "4": 0.3264943063259125,
        "5": 0.3264451026916504,
        "6": 0.32261034846305847,
        "7": 0.31533753871917725,
        "8": 0.3114262521266937,
        "9": 0.3073698878288269
    },
    "32": {
        "0": 0.33678755164146423,
        "1": 0.3069237768650055,
        "2": 0.30575525760650635,
        "3": 0.291577011346817,
        "4": 0.29108187556266785,
        "5": 0.2675168514251709,
        "6": 0.2661541998386383,
        "7": 0.25520452857017517,
        "8": 0.2534112334251404,
        "9": 0.24919411540031433
    },
    "48": {
        "0": 0.3612430989742279,
        "1": 0.3383418619632721,
        "2": 0.3311957120895386,
        "3": 0.3282812237739563,
        "4": 0.31503307819366455,
        "5": 0.3150109350681305,
        "6": 0.3033197522163391,
        "7": 0.2829909026622772,
        "8": 0.28184375166893005,
        "9": 0.28073158860206604
    },
    "64": {
        "0": 0.36176127195358276,
        "1": 0.3302001655101776,
        "2": 0.3274453580379486,
        "3": 0.31589269638061523,
        "4": 0.3130055367946625,
        "5": 0.3078477680683136,
        "6": 0.29448559880256653,
        "7": 0.285277783870697,
        "8": 0.28503546118736267,
        "9": 0.27690961956977844
    },
    "80": {
        "0": 0.3405572175979614,
        "1": 0.3295062780380249,
        "2": 0.32487472891807556,
        "3": 0.3237055540084839,
        "4": 0.32162317633628845,
        "5": 0.3198845088481903,
        "6": 0.3186362087726593,
        "7": 0.3172868490219116,
        "8": 0.3154076337814331,
        "9": 0.31297221779823303
    },
    "96": {
        "0": 0.3639608919620514,
        "1": 0.33607012033462524,
        "2": 0.3357498049736023,
        "3": 0.3261244595050812,
        "4": 0.3065156936645508,
        "5": 0.3016376793384552,
        "6": 0.2967319190502167,
        "7": 0.28151875734329224,
        "8": 0.27503901720046997,
        "9": 0.2742813527584076
    },
    "112": {
        "0": 0.3617279529571533,
        "1": 0.33519619703292847,
        "2": 0.32105812430381775,
        "3": 0.3185364305973053,
        "4": 0.3159640431404114,
        "5": 0.2907645106315613,
        "6": 0.28772029280662537,
        "7": 0.28557854890823364,
        "8": 0.2814112603664398,
        "9": 0.27044230699539185
    },
    "128": {
        "0": 0.35133302211761475,
        "1": 0.3508177399635315,
        "2": 0.3452816605567932,
        "3": 0.3435644805431366,
        "4": 0.3419003486633301,
        "5": 0.3407769203186035,
        "6": 0.3387145400047302,
        "7": 0.33727574348449707,
        "8": 0.33623042702674866,
        "9": 0.3320333957672119
    },
    "144": {
        "0": 0.27704015374183655,
        "1": 0.2728559970855713,
        "2": 0.271869033575058,
        "3": 0.2663792073726654,
        "4": 0.2644433379173279,
        "5": 0.2616633474826813,
        "6": 0.26160287857055664,
        "7": 0.25881195068359375,
        "8": 0.2557417154312134,
        "9": 0.25483962893486023
    },
    "160": {
        "0": 0.3181493282318115,
        "1": 0.3135339915752411,
        "2": 0.3099469244480133,
        "3": 0.3049314618110657,
        "4": 0.2963739037513733,
        "5": 0.29415351152420044,
        "6": 0.28675347566604614,
        "7": 0.281899631023407,
        "8": 0.2807976007461548,
        "9": 0.27566099166870117
    },
    "176": {
        "0": 0.28216826915740967,
        "1": 0.27501335740089417,
        "2": 0.26862189173698425,
        "3": 0.26597121357917786,
        "4": 0.259412556886673,
        "5": 0.253662645816803,
        "6": 0.2529745101928711,
        "7": 0.25120556354522705,
        "8": 0.24959133565425873,
        "9": 0.24880710244178772
    },
    "192": {
        "0": 0.23860964179039001,
        "1": 0.2265593409538269,
        "2": 0.22499310970306396,
        "3": 0.22376254200935364,
        "4": 0.22107163071632385,
        "5": 0.2201482206583023,
        "6": 0.22007864713668823,
        "7": 0.2198847532272339,
        "8": 0.21736860275268555,
        "9": 0.2167009860277176
    },
    "208": {
        "0": 0.31686732172966003,
        "1": 0.3041994571685791,
        "2": 0.30280619859695435,
        "3": 0.293235182762146,
        "4": 0.28906112909317017,
        "5": 0.28895580768585205,
        "6": 0.28446707129478455,
        "7": 0.28410905599594116,
        "8": 0.28272923827171326,
        "9": 0.28064069151878357
    },
    "224": {
        "0": 0.36911672353744507,
        "1": 0.3609658479690552,
        "2": 0.35815900564193726,
        "3": 0.3542497754096985,
        "4": 0.353785902261734,
        "5": 0.3517633080482483,
        "6": 0.3516603708267212,
        "7": 0.3484751284122467,
        "8": 0.3457533121109009,
        "9": 0.34510424733161926
    },
    "240": {
        "0": 0.33961766958236694,
        "1": 0.3360046148300171,
        "2": 0.33528080582618713,
        "3": 0.3331504762172699,
        "4": 0.333048939704895,
        "5": 0.3302011787891388,
        "6": 0.3273192048072815,
        "7": 0.3268207907676697,
        "8": 0.32589730620384216,
        "9": 0.3229566514492035
    },
    "256": {
        "0": 0.3394569754600525,
        "1": 0.31438910961151123,
        "2": 0.3134201169013977,
        "3": 0.3077256679534912,
        "4": 0.306070476770401,
        "5": 0.305494487285614,
        "6": 0.30547821521759033,
        "7": 0.3046090304851532,
        "8": 0.2959612309932709,
        "9": 0.2958762049674988
    },
    "272": {
        "0": 0.3180200457572937,
        "1": 0.3078160881996155,
        "2": 0.30657485127449036,
        "3": 0.30020853877067566,
        "4": 0.2997879981994629,
        "5": 0.29929637908935547,
        "6": 0.29912659525871277,
        "7": 0.29215678572654724,
        "8": 0.29159069061279297,
        "9": 0.2907455563545227
    },
    "288": {
        "0": 0.3849346935749054,
        "1": 0.380342572927475,
        "2": 0.3793707489967346,
        "3": 0.37796536087989807,
        "4": 0.3739107847213745,
        "5": 0.3699111044406891,
        "6": 0.36774638295173645,
        "7": 0.3657667934894562,
        "8": 0.36151060461997986,
        "9": 0.3603368401527405
    },
    "304": {
        "0": 0.3849548399448395,
        "1": 0.38205817341804504,
        "2": 0.3818521499633789,
        "3": 0.3779364228248596,
        "4": 0.37395039200782776,
        "5": 0.3733895421028137,
        "6": 0.3709509074687958,
        "7": 0.36386531591415405,
        "8": 0.36202099919319153,
        "9": 0.35846060514450073
    },
    "320": {
        "0": 0.3273296356201172,
        "1": 0.3228827118873596,
        "2": 0.31943753361701965,
        "3": 0.3188948333263397,
        "4": 0.31439048051834106,
        "5": 0.31347543001174927,
        "6": 0.3061421811580658,
        "7": 0.3051057457923889,
        "8": 0.30013349652290344,
        "9": 0.29901453852653503
    },
    "336": {
        "0": 0.37751495838165283,
        "1": 0.37174302339553833,
        "2": 0.36454761028289795,
        "3": 0.3613046109676361,
        "4": 0.35406917333602905,
        "5": 0.3526272475719452,
        "6": 0.3504074811935425,
        "7": 0.349057674407959,
        "8": 0.3450762927532196,
        "9": 0.3375871181488037
    },
    "352": {
        "0": 0.41636964678764343,
        "1": 0.4104062020778656,
        "2": 0.40641212463378906,
        "3": 0.39895591139793396,
        "4": 0.3959546685218811,
        "5": 0.3946616053581238,