{
    "0": {
        "0": 0.3635149896144867,
        "1": 0.35728758573532104,
        "2": 0.3492841124534607,
        "3": 0.3312498927116394,
        "4": 0.3247872591018677,
        "5": 0.3228205740451813,
        "6": 0.31960293650627136,
        "7": 0.31843802332878113,
        "8": 0.31611210107803345,
        "9": 0.3152858018875122
    },
    "16": {
        "0": 0.3602488040924072,
        "1": 0.35420429706573486,
        "2": 0.34499794244766235,
        "3": 0.3331620395183563,
        "4": 0.3216986656188965,
        "5": 0.32044851779937744,
        "6": 0.3197690546512604,
        "7": 0.3153197169303894,
        "8": 0.313875675201416,
        "9": 0.3111122250556946
    },
    "32": {
        "0": 0.36053135991096497,
        "1": 0.3569096326828003,
        "2": 0.35291218757629395,
        "3": 0.3366401791572571,
        "4": 0.3349008858203888,
        "5": 0.33461472392082214,
        "6": 0.33123651146888733,
        "7": 0.3217737674713135,
        "8": 0.3192891776561737,
        "9": 0.31775039434432983
    },
    "48": {
        "0": 0.3313324451446533,
        "1": 0.32853958010673523,
        "2": 0.32772278785705566,
        "3": 0.2968021631240845,
        "4": 0.296191543340683,
        "5": 0.29240429401397705,
        "6": 0.29203277826309204,
        "7": 0.2891296148300171,
        "8": 0.2806677222251892,
        "9": 0.28025346994400024
    },
    "64": {
        "0": 0.3334730267524719,
        "1": 0.33059069514274597,
        "2": 0.3284498453140259,
        "3": 0.31162476539611816,
        "4": 0.3075701892375946,
        "5": 0.3004077076911926,
        "6": 0.2978079319000244,
        "7": 0.29174742102622986,
        "8": 0.29127246141433716,
        "9": 0.2884218096733093
    },
    "80": {
        "0": 0.37416335940361023,
        "1": 0.3632177710533142,
        "2": 0.3590523600578308,
        "3": 0.33573663234710693,
        "4": 0.33453333377838135,
        "5": 0.3316289782524109,
        "6": 0.3313002586364746,
        "7": 0.32700541615486145,
        "8": 0.3250967562198639,
        "9": 0.32346126437187195
    },
    "96": {
        "0": 0.3513144552707672,
        "1": 0.3461534380912781,
        "2": 0.3401032090187073,
        "3": 0.33286580443382263,
        "4": 0.3279822766780853,
        "5": 0.3251105546951294,
        "6": 0.32485976815223694,
        "7": 0.32274845242500305,
        "8": 0.3169904947280884,
        "9": 0.31643325090408325
    },
    "112": {
        "0": 0.37350034713745117,
        "1": 0.37320196628570557,
        "2": 0.3679990768432617,
        "3": 0.3589998483657837,
        "4": 0.35686159133911133,
        "5": 0.3532441258430481,
        "6": 0.3471723198890686,
        "7": 0.3444839417934418,
        "8": 0.3428054451942444,
        "9": 0.34215882420539856
    },
    "128": {
        "0": 0.3548976182937622,
        "1": 0.3524468243122101,
        "2": 0.34552791714668274,
        "3": 0.3440520465373993,
        "4": 0.34090083837509155,
        "5": 0.3392809331417084,
        "6": 0.33825111389160156,
        "7": 0.3359512984752655,
        "8": 0.33023104071617126,
        "9": 0.3275573253631592
    },
    "144": {
        "0": 0.3541124761104584,
        "1": 0.3454929292201996,
        "2": 0.34369808435440063,
        "3": 0.34206557273864746,
        "4": 0.33667850494384766,
        "5": 0.3257240951061249,
        "6": 0.32510823011398315,
        "7": 0.32040777802467346,
        "8": 0.31796500086784363,
        "9": 0.31683090329170227
    },
    "160": {
        "0": 0.3069280683994293,
        "1": 0.3067436218261719,
        "2": 0.3042208254337311,
        "3": 0.3037005066871643,
        "4": 0.30357828736305237,
        "5": 0.30312827229499817,
        "6": 0.30058255791664124,
        "7": 0.2991671860218048,
        "8": 0.29707077145576477,
        "9": 0.29571112990379333
    },
    "176": {
        "0": 0.3712019920349121,
        "1": 0.3671339750289917,
        "2": 0.3668777346611023,
        "3": 0.3641849458217621,
        "4": 0.36277833580970764,
        "5": 0.36189281940460205,
        "6": 0.3618292212486267,
        "7": 0.36161819100379944,
        "8": 0.35995247960090637,
        "9": 0.3538677394390106
    },
    "192": {
        "0": 0.41569769382476807,
        "1": 0.3945481777191162,
        "2": 0.3931690454483032,
        "3": 0.3925636112689972,
        "4": 0.3907393217086792,
        "5": 0.3890392780303955,
        "6": 0.38821539282798767,
        "7": 0.38486430048942566,
        "8": 0.3834967017173767,
        "9": 0.3831847012042999
    },
    "208": {
        "0": 0.38712361454963684,
        "1": 0.37543898820877075,
        "2": 0.375413715839386,
        "3": 0.3710699677467346,
        "4": 0.36001238226890564,
        "5": 0.35732123255729675,
        "6": 0.35569605231285095,
        "7": 0.35177212953567505,
        "8": 0.35048311948776245,
        "9": 0.34930282831192017
    },
    "224": {
        "0": 0.33653202652931213,
        "1": 0.3315901756286621,
        "2": 0.3223976492881775,
        "3": 0.31604841351509094,
        "4": 0.31578031182289124,
        "5": 0.3128953278064728,
        "6": 0.30829882621765137,
        "7": 0.3042653501033783,
        "8": 0.3036818206310272,
        "9": 0.3029608428478241
    },
    "240": {
        "0": 0.3643442690372467,
        "1": 0.3359231650829315,
        "2": 0.3346078097820282,
        "3": 0.3328809142112732,
        "4": 0.33006685972213745,
        "5": 0.3194913864135742,
        "6": 0.3125533163547516,
        "7": 0.30717936158180237,
        "8": 0.3071194291114807,
        "9": 0.30683863162994385
    },
    "256": {
        "0": 0.3774808347225189,
        "1": 0.35857564210891724,
        "2": 0.34916549921035767,
        "3": 0.34401485323905945,
        "4": 0.3419753909111023,
        "5": 0.3400284945964813,
        "6": 0.3373342454433441,
        "7": 0.3332933783531189,
        "8": 0.3330574631690979,
        "9": 0.3284452557563782
    },
    "272": {
        "0": 0.4377301037311554,
        "1": 0.42743539810180664,
        "2": 0.4063981771469116,
        "3": 0.4053705334663391,
        "4": 0.4040659964084625,
        "5": 0.40316468477249146,
        "6": 0.4020475149154663,
        "7": 0.4014718234539032,
        "8": 0.40103328227996826,
        "9": 0.3991223871707916
    },
    "288": {
        "0": 0.3792613446712494,
        "1": 0.3726966381072998,
        "2": 0.37219488620758057,
        "3": 0.36386460065841675,
        "4": 0.35135167837142944,
        "5": 0.35057586431503296,
        "6": 0.3495545983314514,
        "7": 0.3470577597618103,
        "8": 0.34694167971611023,
        "9": 0.3462274372577667
    },
    "304": {
        "0": 0.3684275150299072,
        "1": 0.33737391233444214,
        "2": 0.33079811930656433,
        "3": 0.3218018114566803,
        "4": 0.3215809762477875,
        "5": 0.30970385670661926,
        "6": 0.3082318603992462,
        "7": 0.3026447892189026,
        "8": 0.3025203347206116,
        "9": 0.301380455493927
    },
    "320": {
        "0": 0.4051472842693329,
        "1": 0.37174782156944275,
        "2": 0.3654650151729584,
        "3": 0.36441347002983093,
        "4": 0.3613535165786743,
        "5": 0.35178786516189575,
        "6": 0.34194332361221313,
        "7": 0.3375329375267029,
        "8": 0.33736705780029297,
        "9": 0.33295202255249023
    },
    "336": {
        "0": 0.371018648147583,
        "1": 0.36292314529418945,
        "2": 0.35160622000694275,
        "3": 0.34938564896583557,
        "4": 0.34503257274627686,
        "5": 0.3418046832084656,
        "6": 0.3305983245372772,
        "7": 0.32700827717781067,
        "8": 0.32384103536605835,
        "9": 0.3193081021308899
    },
    "352": {
        "0": 0.3841229975223541,
        "1": 0.3829110264778137,
        "2": 0.36055612564086914,
        "3": 0.3585898280143738,
        "4": 0.3577275276184082,
        "5": 0.35558605194091797,