{
    "0": {
        "0": 0.3833146393299103,
        "1": 0.35368070006370544,
        "2": 0.34558624029159546,
        "3": 0.3386478126049042,
        "4": 0.3363281786441803,
        "5": 0.32566535472869873,
        "6": 0.32031217217445374,
        "7": 0.3199399411678314,
        "8": 0.319763720035553,
        "9": 0.3162224292755127
    },
    "16": {
        "0": 0.36539262533187866,
        "1": 0.347210168838501,
        "2": 0.3409033417701721,
        "3": 0.3368838429450989,
        "4": 0.3184414207935333,
        "5": 0.30618855357170105,
        "6": 0.30494076013565063,
        "7": 0.3013398051261902,
        "8": 0.29961684346199036,
        "9": 0.29550400376319885
    },
    "32": {
        "0": 0.3749329149723053,
        "1": 0.3631332814693451,
        "2": 0.35702911019325256,
        "3": 0.3531208038330078,
        "4": 0.3490634560585022,
        "5": 0.3338027000427246,
        "6": 0.3312288522720337,
        "7": 0.33070245385169983,
        "8": 0.3279638886451721,
        "9": 0.3201511800289154
    },
    "48": {
        "0": 0.32682693004608154,
        "1": 0.2958206832408905,
        "2": 0.2951459586620331,
        "3": 0.2889765799045563,
        "4": 0.2788049280643463,
        "5": 0.26727718114852905,
        "6": 0.2666950225830078,
        "7": 0.2639085650444031,
        "8": 0.26316016912460327,
        "9": 0.25893449783325195
    },
    "64": {
        "0": 0.36776766180992126,
        "1": 0.35965675115585327,
        "2": 0.35544440150260925,
        "3": 0.3421671688556671,
        "4": 0.33785009384155273,
        "5": 0.33195531368255615,
        "6": 0.3272626996040344,
        "7": 0.3234555125236511,
        "8": 0.31837642192840576,
        "9": 0.3180447816848755
    },
    "80": {
        "0": 0.373174250125885,
        "1": 0.3588652014732361,
        "2": 0.3535397946834564,
        "3": 0.34793174266815186,
        "4": 0.33649489283561707,
        "5": 0.33046969771385193,
        "6": 0.3200714588165283,
        "7": 0.3171997368335724,
        "8": 0.31648901104927063,
        "9": 0.3120921850204468
    },
    "96": {
        "0": 0.32180118560791016,
        "1": 0.3202720880508423,
        "2": 0.3065866231918335,
        "3": 0.29911506175994873,
        "4": 0.29246985912323,
        "5": 0.28888532519340515,
        "6": 0.2864825427532196,
        "7": 0.2698921859264374,
        "8": 0.2690100371837616,
        "9": 0.2653428316116333
    },
    "112": {
        "0": 0.3731362223625183,
        "1": 0.35581719875335693,
        "2": 0.3518672287464142,
        "3": 0.34244757890701294,
        "4": 0.3365863263607025,
        "5": 0.33526575565338135,
        "6": 0.3315044641494751,
        "7": 0.32669681310653687,
        "8": 0.32230478525161743,
        "9": 0.32078954577445984
    },
    "128": {
        "0": 0.33741313219070435,
        "1": 0.32892921566963196,
        "2": 0.3015407919883728,
        "3": 0.29250970482826233,
        "4": 0.28908807039260864,
        "5": 0.2869948744773865,
        "6": 0.28096237778663635,
        "7": 0.2728745937347412,
        "8": 0.2687309980392456,
        "9": 0.2677331566810608
    },
    "144": {
        "0": 0.37035685777664185,
        "1": 0.3351990878582001,
        "2": 0.3305164873600006,
        "3": 0.32867640256881714,
        "4": 0.30627205967903137,
        "5": 0.30610978603363037,
        "6": 0.30335190892219543,
        "7": 0.30334609746932983,
        "8": 0.29855698347091675,
        "9": 0.29774782061576843
    },
    "160": {
        "0": 0.3316556513309479,
        "1": 0.31516626477241516,
        "2": 0.31247714161872864,
        "3": 0.31224724650382996,
        "4": 0.30503371357917786,
        "5": 0.2992176413536072,
        "6": 0.2985706627368927,
        "7": 0.29681968688964844,
        "8": 0.296051561832428,
        "9": 0.2927674353122711
    },
    "176": {
        "0": 0.3692874312400818,
        "1": 0.36275821924209595,
        "2": 0.35958132147789,
        "3": 0.3492642045021057,
        "4": 0.34873998165130615,
        "5": 0.346760630607605,
        "6": 0.34399789571762085,
        "7": 0.3438122570514679,
        "8": 0.3428848385810852,
        "9": 0.34245729446411133
    },
    "192": {
        "0": 0.39116156101226807,
        "1": 0.3603866398334503,
        "2": 0.35897937417030334,
        "3": 0.342242032289505,
        "4": 0.3333100378513336,
        "5": 0.33225691318511963,
        "6": 0.32485127449035645,
        "7": 0.3221403956413269,
        "8": 0.32198986411094666,
        "9": 0.3215571641921997
    },
    "208": {
        "0": 0.40011024475097656,
        "1": 0.3522490859031677,
        "2": 0.3521377444267273,
        "3": 0.34766823053359985,
        "4": 0.3448740243911743,
        "5": 0.3433290123939514,
        "6": 0.3388966917991638,
        "7": 0.32968342304229736,
        "8": 0.32728487253189087,
        "9": 0.32392269372940063
    },
    "224": {
        "0": 0.34789225459098816,
        "1": 0.33416667580604553,
        "2": 0.3243441581726074,
        "3": 0.32288169860839844,
        "4": 0.31307345628738403,
        "5": 0.305476576089859,
        "6": 0.2941616475582123,
        "7": 0.2924341559410095,
        "8": 0.2866194546222687,
        "9": 0.2833192050457001
    },
    "240": {
        "0": 0.38820207118988037,
        "1": 0.3835052251815796,
        "2": 0.37556612491607666,
        "3": 0.3726581633090973,
        "4": 0.36818796396255493,
        "5": 0.3638376295566559,
        "6": 0.3634302020072937,
        "7": 0.36037349700927734,
        "8": 0.35440632700920105,
        "9": 0.3512786030769348
    },
    "256": {
        "0": 0.3856119215488434,
        "1": 0.3730719983577728,
        "2": 0.35574066638946533,
        "3": 0.35093462467193604,
        "4": 0.3467041552066803,
        "5": 0.3420732617378235,
        "6": 0.33774080872535706,
        "7": 0.3342500925064087,
        "8": 0.3327021300792694,
        "9": 0.3319128751754761
    },
    "272": {
        "0": 0.3341243863105774,
        "1": 0.32231858372688293,
        "2": 0.3185686767101288,
        "3": 0.3151538074016571,
        "4": 0.31398338079452515,
        "5": 0.3133370876312256,
        "6": 0.3063778877258301,
        "7": 0.30307209491729736,
        "8": 0.3027515709400177,
        "9": 0.2997003495693207
    },
    "288": {
        "0": 0.3310435712337494,
        "1": 0.3267182409763336,
        "2": 0.3192647099494934,
        "3": 0.31140947341918945,
        "4": 0.310510516166687,
        "5": 0.2934541404247284,
        "6": 0.29222139716148376,
        "7": 0.2915182113647461,
        "8": 0.29118260741233826,
        "9": 0.28667590022087097
    },
    "304": {
        "0": 0.3755946159362793,
        "1": 0.3680124580860138,
        "2": 0.3629292845726013,
        "3": 0.3612695634365082,
        "4": 0.34454384446144104,
        "5": 0.33983099460601807,
        "6": 0.3370879888534546,
        "7": 0.3351723849773407,
        "8": 0.3349578380584717,
        "9": 0.3296043574810028
    },
    "320": {
        "0": 0.36760932207107544,
        "1": 0.36739832162857056,
        "2": 0.36141782999038696,
        "3": 0.3608270287513733,
        "4": 0.3515205383300781,
        "5": 0.3499796986579895,
        "6": 0.3466640114784241,
        "7": 0.3457890748977661,
        "8": 0.3453432619571686,
        "9": 0.34292376041412354
    },
    "336": {
        "0": 0.3323514759540558,
        "1": 0.3260023295879364,
        "2": 0.3092396855354309,
        "3": 0.30893921852111816,
        "4": 0.30851563811302185,
        "5": 0.30490514636039734,
        "6": 0.30037328600883484,
        "7": 0.2992829382419586,
        "8": 0.292594313621521,
        "9": 0.29143691062927246
    },
    "352": {
        "0": 0.3550768196582794,
        "1": 0.35126087069511414,
        "2": 0.34512338042259216,
        "3": 0.3418542146682739,
        "4": 0.32748502492904663,
        "5": 0.32605400681495667,