{
    "0": {
        "0": 0.34386932849884033,
        "1": 0.32228296995162964,
        "2": 0.31444358825683594,
        "3": 0.3065146803855896,
        "4": 0.29042893648147583,
        "5": 0.2866748571395874,
        "6": 0.2845744490623474,
        "7": 0.28411149978637695,
        "8": 0.28281790018081665,
        "9": 0.28073006868362427
    },
    "16": {
        "0": 0.3367706537246704,
        "1": 0.33234405517578125,
        "2": 0.32447052001953125,
        "3": 0.30898988246917725,
        "4": 0.2972731590270996,
        "5": 0.29718196392059326,
        "6": 0.2928452491760254,
        "7": 0.2919963300228119,
        "8": 0.29180896282196045,
        "9": 0.2839982509613037
    },
    "32": {
        "0": 0.3438190519809723,
        "1": 0.34005123376846313,
        "2": 0.32893258333206177,
        "3": 0.3135989308357239,
        "4": 0.3081114590167999,
        "5": 0.2977858781814575,
        "6": 0.29620951414108276,
        "7": 0.29604247212409973,
        "8": 0.2942798137664795,
        "9": 0.2911885976791382
    },
    "48": {
        "0": 0.3469170331954956,
        "1": 0.32331424951553345,
        "2": 0.32105183601379395,
        "3": 0.3161907196044922,
        "4": 0.3029627203941345,
        "5": 0.29786762595176697,
        "6": 0.28962498903274536,
        "7": 0.2871319651603699,
        "8": 0.28575509786605835,
        "9": 0.2853274941444397
    },
    "64": {
        "0": 0.3451380133628845,
        "1": 0.316590279340744,
        "2": 0.3156164884567261,
        "3": 0.30640995502471924,
        "4": 0.29319167137145996,
        "5": 0.2887412905693054,
        "6": 0.28455883264541626,
        "7": 0.2838969826698303,
        "8": 0.27693936228752136,
        "9": 0.2757628858089447
    },
    "80": {
        "0": 0.3444061279296875,
        "1": 0.3140854835510254,
        "2": 0.31252115964889526,
        "3": 0.308182030916214,
        "4": 0.30283430218696594,
        "5": 0.2944483160972595,
        "6": 0.28682559728622437,
        "7": 0.2692934274673462,
        "8": 0.26136934757232666,
        "9": 0.26041707396507263
    },
    "96": {
        "0": 0.3484029173851013,
        "1": 0.327236533164978,
        "2": 0.3239985704421997,
        "3": 0.3194505274295807,
        "4": 0.30894750356674194,
        "5": 0.30184218287467957,
        "6": 0.2940787076950073,
        "7": 0.28618210554122925,
        "8": 0.2859452962875366,
        "9": 0.28152674436569214
    },
    "112": {
        "0": 0.3295031189918518,
        "1": 0.3171003460884094,
        "2": 0.3052757978439331,
        "3": 0.29494234919548035,
        "4": 0.28534072637557983,
        "5": 0.2789086103439331,
        "6": 0.2786865234375,
        "7": 0.2767370045185089,
        "8": 0.27060019969940186,
        "9": 0.2700560986995697
    },
    "128": {
        "0": 0.3664326071739197,
        "1": 0.3645138740539551,
        "2": 0.3378794491291046,
        "3": 0.333883672952652,
        "4": 0.3293454051017761,
        "5": 0.3262471556663513,
        "6": 0.31242698431015015,
        "7": 0.3053463399410248,
        "8": 0.304486483335495,
        "9": 0.2928352952003479
    },
    "144": {
        "0": 0.3580854833126068,
        "1": 0.3572603464126587,
        "2": 0.33709514141082764,
        "3": 0.3357459306716919,
        "4": 0.33429771661758423,
        "5": 0.31827765703201294,
        "6": 0.31624943017959595,
        "7": 0.3160470128059387,
        "8": 0.30056053400039673,
        "9": 0.29662925004959106
    },
    "160": {
        "0": 0.3434560000896454,
        "1": 0.3412855565547943,
        "2": 0.3337532877922058,
        "3": 0.3334909975528717,
        "4": 0.32767200469970703,
        "5": 0.3119834065437317,
        "6": 0.3110879063606262,
        "7": 0.300616592168808,
        "8": 0.297711044549942,
        "9": 0.28147658705711365
    },
    "176": {
        "0": 0.33295223116874695,
        "1": 0.33039623498916626,
        "2": 0.3111569881439209,
        "3": 0.29746314883232117,
        "4": 0.2973378896713257,
        "5": 0.2969982624053955,
        "6": 0.2864038944244385,
        "7": 0.28543853759765625,
        "8": 0.2845569849014282,
        "9": 0.2733607590198517
    },
    "192": {
        "0": 0.3481942415237427,
        "1": 0.3450371026992798,
        "2": 0.3175778388977051,
        "3": 0.3119337856769562,
        "4": 0.30580583214759827,
        "5": 0.3047531545162201,
        "6": 0.3021114468574524,
        "7": 0.2969152629375458,
        "8": 0.29387760162353516,
        "9": 0.28804951906204224
    },
    "208": {
        "0": 0.3511466979980469,
        "1": 0.35114508867263794,
        "2": 0.3336065113544464,
        "3": 0.3291868567466736,
        "4": 0.32588377594947815,
        "5": 0.3184915781021118,
        "6": 0.31079477071762085,
        "7": 0.30688440799713135,
        "8": 0.30391255021095276,
        "9": 0.29557275772094727
    },
    "224": {
        "0": 0.34463533759117126,
        "1": 0.34079697728157043,
        "2": 0.3143567442893982,
        "3": 0.3074706196784973,
        "4": 0.3068752884864807,
        "5": 0.30627530813217163,
        "6": 0.29173505306243896,
        "7": 0.2902345657348633,
        "8": 0.29018092155456543,
        "9": 0.28826045989990234
    },
    "240": {
        "0": 0.37252575159072876,
        "1": 0.3713395595550537,
        "2": 0.3442569077014923,
        "3": 0.34175026416778564,
        "4": 0.3338586091995239,
        "5": 0.3334149718284607,
        "6": 0.32682156562805176,
        "7": 0.3222872316837311,
        "8": 0.31916147470474243,
        "9": 0.30595850944519043
    },
    "256": {
        "0": 0.34206217527389526,
        "1": 0.34195011854171753,
        "2": 0.3223818242549896,
        "3": 0.3167530596256256,
        "4": 0.31006795167922974,
        "5": 0.3038025498390198,
        "6": 0.2997555136680603,
        "7": 0.2992073893547058,
        "8": 0.29069721698760986,
        "9": 0.28651663661003113
    },
    "272": {
        "0": 0.34098052978515625,
        "1": 0.34006014466285706,
        "2": 0.3200727105140686,
        "3": 0.3171924352645874,
        "4": 0.3169924318790436,
        "5": 0.30911168456077576,
        "6": 0.30846425890922546,
        "7": 0.30546194314956665,
        "8": 0.30286267399787903,
        "9": 0.2972749173641205
    },
    "288": {
        "0": 0.3579866886138916,
        "1": 0.35473382472991943,
        "2": 0.3250046372413635,
        "3": 0.3153621554374695,
        "4": 0.3152778744697571,
        "5": 0.3148949444293976,
        "6": 0.3088938295841217,
        "7": 0.30838704109191895,
        "8": 0.30791082978248596,
        "9": 0.2981959581375122
    }
}