{
    "0": {
        "0": 0.3685421943664551,
        "1": 0.3649161458015442,
        "2": 0.36289727687835693,
        "3": 0.36109864711761475,
        "4": 0.3609912097454071,
        "5": 0.3588410019874573,
        "6": 0.35196834802627563,
        "7": 0.34086424112319946,
        "8": 0.3349857032299042,
        "9": 0.3338956832885742
    },
    "16": {
        "0": 0.38836026191711426,
        "1": 0.37549757957458496,
        "2": 0.37063246965408325,
        "3": 0.36602306365966797,
        "4": 0.36513838171958923,
        "5": 0.36260324716567993,
        "6": 0.3582403361797333,
        "7": 0.35377463698387146,
        "8": 0.35329365730285645,
        "9": 0.348363995552063
    },
    "32": {
        "0": 0.3768186867237091,
        "1": 0.3763721287250519,
        "2": 0.3730928301811218,
        "3": 0.3671608865261078,
        "4": 0.36616215109825134,
        "5": 0.36435219645500183,
        "6": 0.3624228239059448,
        "7": 0.3571647107601166,
        "8": 0.35470902919769287,
        "9": 0.343040406703949
    },
    "48": {
        "0": 0.34345993399620056,
        "1": 0.3402148485183716,
        "2": 0.3386780917644501,
        "3": 0.336885005235672,
        "4": 0.3292655050754547,
        "5": 0.3276017904281616,
        "6": 0.32442033290863037,
        "7": 0.3228701651096344,
        "8": 0.3223755657672882,
        "9": 0.322052001953125
    },
    "64": {
        "0": 0.3423059582710266,
        "1": 0.3306884467601776,
        "2": 0.32910627126693726,
        "3": 0.32587844133377075,
        "4": 0.32512810826301575,
        "5": 0.32182368636131287,
        "6": 0.3212231397628784,
        "7": 0.32006528973579407,
        "8": 0.3166637122631073,
        "9": 0.31526580452919006
    },
    "80": {
        "0": 0.351033091545105,
        "1": 0.33133184909820557,
        "2": 0.3309822380542755,
        "3": 0.3303861618041992,
        "4": 0.32353663444519043,
        "5": 0.3223276436328888,
        "6": 0.3176839053630829,
        "7": 0.31666675209999084,
        "8": 0.314397931098938,
        "9": 0.31405213475227356
    },
    "96": {
        "0": 0.3583005368709564,
        "1": 0.3380763530731201,
        "2": 0.3364516794681549,
        "3": 0.33415818214416504,
        "4": 0.32981815934181213,
        "5": 0.32627278566360474,
        "6": 0.3225650191307068,
        "7": 0.32223647832870483,
        "8": 0.3220643699169159,
        "9": 0.3216213583946228
    },
    "112": {
        "0": 0.34065788984298706,
        "1": 0.3271420896053314,
        "2": 0.32393401861190796,
        "3": 0.32042205333709717,
        "4": 0.3194276988506317,
        "5": 0.3187727928161621,
        "6": 0.31759217381477356,
        "7": 0.317139208316803,
        "8": 0.3060641884803772,
        "9": 0.3060327172279358
    },
    "128": {
        "0": 0.3312251567840576,
        "1": 0.31730860471725464,
        "2": 0.31334394216537476,
        "3": 0.311518132686615,
        "4": 0.3101978600025177,
        "5": 0.3066740036010742,
        "6": 0.30578896403312683,
        "7": 0.30521494150161743,
        "8": 0.30073410272598267,
        "9": 0.3004981577396393
    },
    "144": {
        "0": 0.4096868634223938,
        "1": 0.40071725845336914,
        "2": 0.3983578681945801,
        "3": 0.39090973138809204,
        "4": 0.3888305723667145,
        "5": 0.3820018768310547,
        "6": 0.3808192312717438,
        "7": 0.3802773654460907,
        "8": 0.37862107157707214,
        "9": 0.3768414556980133
    },
    "160": {
        "0": 0.3279314637184143,
        "1": 0.32762593030929565,
        "2": 0.3154711127281189,
        "3": 0.31263870000839233,
        "4": 0.30549442768096924,
        "5": 0.3032669126987457,
        "6": 0.3032478988170624,
        "7": 0.30234402418136597,
        "8": 0.301310658454895,
        "9": 0.2987317740917206
    },
    "176": {
        "0": 0.32215073704719543,
        "1": 0.29818370938301086,
        "2": 0.2854316234588623,
        "3": 0.28508198261260986,
        "4": 0.28469544649124146,
        "5": 0.2839047908782959,
        "6": 0.2818583846092224,
        "7": 0.28130754828453064,
        "8": 0.2779155671596527,
        "9": 0.27270859479904175
    },
    "192": {
        "0": 0.2781084179878235,
        "1": 0.26377642154693604,
        "2": 0.2630346119403839,
        "3": 0.25066113471984863,
        "4": 0.25003889203071594,
        "5": 0.24356204271316528,
        "6": 0.24243466556072235,
        "7": 0.2365950047969818,
        "8": 0.2303929477930069,
        "9": 0.22755219042301178
    },
    "208": {
        "0": 0.3114076256752014,
        "1": 0.30372315645217896,
        "2": 0.2890476584434509,
        "3": 0.2853619456291199,
        "4": 0.27853500843048096,
        "5": 0.2757227122783661,
        "6": 0.27520138025283813,
        "7": 0.2725194990634918,
        "8": 0.26983755826950073,
        "9": 0.2692394554615021
    },
    "224": {
        "0": 0.2993110120296478,
        "1": 0.29667678475379944,
        "2": 0.29296547174453735,
        "3": 0.27677395939826965,
        "4": 0.2746339440345764,
        "5": 0.2733622193336487,
        "6": 0.27305281162261963,
        "7": 0.2709115743637085,
        "8": 0.26301759481430054,
        "9": 0.2618538737297058
    },
    "240": {
        "0": 0.38277575373649597,
        "1": 0.3819396495819092,
        "2": 0.3698020875453949,
        "3": 0.3696180284023285,
        "4": 0.36651891469955444,
        "5": 0.3657223880290985,
        "6": 0.36153802275657654,
        "7": 0.3495729863643646,
        "8": 0.32983624935150146,
        "9": 0.3274313807487488
    },
    "256": {
        "0": 0.39567092061042786,
        "1": 0.38776615262031555,
        "2": 0.38557949662208557,
        "3": 0.36973562836647034,
        "4": 0.3675534725189209,
        "5": 0.36147597432136536,
        "6": 0.35587215423583984,
        "7": 0.35156476497650146,
        "8": 0.34421786665916443,
        "9": 0.319286048412323
    },
    "272": {
        "0": 0.38816896080970764,
        "1": 0.36719244718551636,
        "2": 0.36691319942474365,
        "3": 0.35650011897087097,
        "4": 0.3527017831802368,
        "5": 0.35088998079299927,
        "6": 0.3483648896217346,
        "7": 0.34091827273368835,
        "8": 0.33948758244514465,
        "9": 0.3364262580871582
    },
    "288": {
        "0": 0.4213021397590637,
        "1": 0.41815125942230225,
        "2": 0.413345605134964,
        "3": 0.40729498863220215,
        "4": 0.4032900035381317,
        "5": 0.40186548233032227,
        "6": 0.4012935161590576,
        "7": 0.39433300495147705,
        "8": 0.3876003324985504,
        "9": 0.387466698884964
    },
    "304": {
        "0": 0.4211347997188568,
        "1": 0.40469688177108765,
        "2": 0.40396612882614136,
        "3": 0.39860713481903076,
        "4": 0.3959815204143524,
        "5": 0.38740304112434387,
        "6": 0.3856556713581085,
        "7": 0.3853473365306854,
        "8": 0.384712815284729,
        "9": 0.3774339258670807
    },
    "320": {
        "0": 0.39272186160087585,
        "1": 0.3913312554359436,
        "2": 0.37413549423217773,
        "3": 0.3708629012107849,
        "4": 0.3705742061138153,
        "5": 0.3702566921710968,
        "6": 0.3661416471004486,
        "7": 0.3624008893966675,
        "8": 0.3619826138019562,
        "9": 0.36171668767929077
    },
    "336": {
        "0": 0.37185996770858765,
        "1": 0.36720404028892517,
        "2": 0.36519894003868103,
        "3": 0.36099621653556824,
        "4": 0.3602842092514038,
        "5": 0.35880041122436523,
        "6": 0.3559426963329315,
        "7": 0.3552364706993103,
        "8": 0.3524938225746155,
        "9": 0.3524352014064789
    },
    "352": {
        "0": 0.3752846419811249,
        "1": 0.3711502254009247,
        "2": 0.36570438742637634,
        "3": 0.36219486594200134,
        "4": 0.3605363667011261,
        "5": 0.3577527403831482,