{
    "0": {
        "0": 0.2661980092525482,
        "1": 0.2661980092525482,
        "2": 0.2661980092525482,
        "3": 0.23531468212604523,
        "4": 0.2349327802658081,
        "5": 0.23113003373146057,
        "6": 0.23083117604255676,
        "7": 0.23061496019363403,
        "8": 0.2301388680934906,
        "9": 0.22811786830425262
    },
    "16": {
        "0": 0.29587092995643616,
        "1": 0.2929641306400299,
        "2": 0.2883714735507965,
        "3": 0.285415917634964,
        "4": 0.28095465898513794,
        "5": 0.2802109122276306,
        "6": 0.2725585699081421,
        "7": 0.26989614963531494,
        "8": 0.2688521146774292,
        "9": 0.2656130790710449
    },
    "32": {
        "0": 0.3054364025592804,
        "1": 0.3027891218662262,
        "2": 0.3024924397468567,
        "3": 0.30208954215049744,
        "4": 0.2988491356372833,
        "5": 0.29578879475593567,
        "6": 0.2885738015174866,
        "7": 0.2841893434524536,
        "8": 0.28189200162887573,
        "9": 0.2780736982822418
    },
    "48": {
        "0": 0.28065934777259827,
        "1": 0.27316048741340637,
        "2": 0.2540352940559387,
        "3": 0.25169479846954346,
        "4": 0.24754126369953156,
        "5": 0.2474479079246521,
        "6": 0.24700377881526947,
        "7": 0.24575275182724,
        "8": 0.24271360039710999,
        "9": 0.23622797429561615
    },
    "64": {
        "0": 0.306397408246994,
        "1": 0.3029351830482483,
        "2": 0.29839521646499634,
        "3": 0.29572033882141113,
        "4": 0.27941426634788513,
        "5": 0.27799269556999207,
        "6": 0.270015686750412,
        "7": 0.26971960067749023,
        "8": 0.2573622465133667,
        "9": 0.2537614405155182
    },
    "80": {
        "0": 0.2954610586166382,
        "1": 0.29258888959884644,
        "2": 0.2833068370819092,
        "3": 0.2825949192047119,
        "4": 0.2747950851917267,
        "5": 0.26525434851646423,
        "6": 0.26362138986587524,
        "7": 0.2584570348262787,
        "8": 0.257228285074234,
        "9": 0.25232264399528503
    },
    "96": {
        "0": 0.30429086089134216,
        "1": 0.3009452223777771,
        "2": 0.2975923418998718,
        "3": 0.2941961884498596,
        "4": 0.2928234934806824,
        "5": 0.29180535674095154,
        "6": 0.29162466526031494,
        "7": 0.2916184663772583,
        "8": 0.28917038440704346,
        "9": 0.2869229316711426
    },
    "112": {
        "0": 0.31216537952423096,
        "1": 0.30948805809020996,
        "2": 0.30684471130371094,
        "3": 0.306696355342865,
        "4": 0.3041590452194214,
        "5": 0.30284804105758667,
        "6": 0.3005598485469818,
        "7": 0.2999410629272461,
        "8": 0.2975727915763855,
        "9": 0.29686352610588074
    },
    "128": {
        "0": 0.3511793613433838,
        "1": 0.3375518023967743,
        "2": 0.3329366445541382,
        "3": 0.331418514251709,
        "4": 0.3309396207332611,
        "5": 0.3301240801811218,
        "6": 0.32024362683296204,
        "7": 0.31994813680648804,
        "8": 0.3187190592288971,
        "9": 0.316836416721344
    },
    "144": {
        "0": 0.36463791131973267,
        "1": 0.3464842438697815,
        "2": 0.34520280361175537,
        "3": 0.3435303568840027,
        "4": 0.3350662887096405,
        "5": 0.33309051394462585,
        "6": 0.3328340947628021,
        "7": 0.33003002405166626,
        "8": 0.32493898272514343,
        "9": 0.32376980781555176
    },
    "160": {
        "0": 0.36413687467575073,
        "1": 0.3489855229854584,
        "2": 0.3483660817146301,
        "3": 0.34775564074516296,
        "4": 0.34749603271484375,
        "5": 0.34691476821899414,
        "6": 0.34197157621383667,
        "7": 0.340104877948761,
        "8": 0.33530181646347046,
        "9": 0.3306003510951996
    },
    "176": {
        "0": 0.37694597244262695,
        "1": 0.3596673607826233,
        "2": 0.3590487539768219,
        "3": 0.3586433529853821,
        "4": 0.35684049129486084,
        "5": 0.3547911047935486,
        "6": 0.3531835079193115,
        "7": 0.3459846079349518,
        "8": 0.34195399284362793,
        "9": 0.34132149815559387
    },
    "192": {
        "0": 0.26045864820480347,
        "1": 0.25082239508628845,
        "2": 0.2479139268398285,
        "3": 0.24755704402923584,
        "4": 0.2447228729724884,
        "5": 0.24347050487995148,
        "6": 0.24081428349018097,
        "7": 0.23960641026496887,
        "8": 0.23958423733711243,
        "9": 0.23368005454540253
    },
    "208": {
        "0": 0.28204527497291565,
        "1": 0.2632203996181488,
        "2": 0.2625378668308258,
        "3": 0.2608577609062195,
        "4": 0.2587588131427765,
        "5": 0.2586282789707184,
        "6": 0.25602608919143677,
        "7": 0.2506088614463806,
        "8": 0.2497277706861496,
        "9": 0.24935567378997803
    },
    "224": {
        "0": 0.28259819746017456,
        "1": 0.2667064666748047,
        "2": 0.26479053497314453,
        "3": 0.25612714886665344,
        "4": 0.2558968961238861,
        "5": 0.25389426946640015,
        "6": 0.2525331974029541,
        "7": 0.25204476714134216,
        "8": 0.25004735589027405,
        "9": 0.2493225336074829
    },
    "240": {
        "0": 0.3523064851760864,
        "1": 0.34421664476394653,
        "2": 0.34358635544776917,
        "3": 0.3398233652114868,
        "4": 0.3386821746826172,
        "5": 0.3357155919075012,
        "6": 0.3347814977169037,
        "7": 0.33408311009407043,
        "8": 0.3334205746650696,
        "9": 0.3287113308906555
    },
    "256": {
        "0": 0.2831653356552124,
        "1": 0.280126690864563,
        "2": 0.2706385850906372,
        "3": 0.2569064199924469,
        "4": 0.2541128993034363,
        "5": 0.25259530544281006,
        "6": 0.25230321288108826,
        "7": 0.24526447057724,
        "8": 0.24279245734214783,
        "9": 0.24068784713745117
    },
    "272": {
        "0": 0.34965795278549194,
        "1": 0.3385794460773468,
        "2": 0.3327311873435974,
        "3": 0.3308069109916687,
        "4": 0.3290179371833801,
        "5": 0.32776573300361633,
        "6": 0.32075804471969604,
        "7": 0.32056090235710144,
        "8": 0.3178189694881439,
        "9": 0.3173682987689972
    },
    "288": {
        "0": 0.3270004391670227,
        "1": 0.3037395775318146,
        "2": 0.3033214509487152,
        "3": 0.29995056986808777,
        "4": 0.2956353724002838,
        "5": 0.2933083474636078,
        "6": 0.29203280806541443,
        "7": 0.28728440403938293,
        "8": 0.28644657135009766,
        "9": 0.28606241941452026
    },
    "304": {
        "0": 0.3571018874645233,
        "1": 0.3552391231060028,
        "2": 0.3550637364387512,
        "3": 0.352663516998291,
        "4": 0.34065985679626465,
        "5": 0.33067986369132996,
        "6": 0.32846498489379883,
        "7": 0.3253633379936218,
        "8": 0.3158475160598755,
        "9": 0.3107873499393463
    },
    "320": {
        "0": 0.34588876366615295,
        "1": 0.33563610911369324,
        "2": 0.3344874978065491,
        "3": 0.33409082889556885,
        "4": 0.33265790343284607,
        "5": 0.3310715854167938,
        "6": 0.33004915714263916,
        "7": 0.3297412693500519,
        "8": 0.328612744808197,
        "9": 0.32546737790107727
    },
    "336": {
        "0": 0.3425324559211731,
        "1": 0.34209051728248596,
        "2": 0.3385593593120575,
        "3": 0.3385143578052521,
        "4": 0.3372877836227417,
        "5": 0.33540305495262146,
        "6": 0.3329066336154938,
        "7": 0.3297865092754364,
        "8": 0.32747355103492737,
        "9": 0.3249810039997101
    },
    "352": {
        "0": 0.3225281536579132,
        "1": 0.31797313690185547,
        "2": 0.3142543137073517,
        "3": 0.31209295988082886,
        "4": 0.3103308081626892,
        "5": 0.30899813771247864,