{
    "0": {
        "0": 0.4074503779411316,
        "1": 0.39674606919288635,
        "2": 0.3834133446216583,
        "3": 0.38210272789001465,
        "4": 0.3720043897628784,
        "5": 0.3696193993091583,
        "6": 0.3688870668411255,
        "7": 0.3685113489627838,
        "8": 0.3683488368988037,
        "9": 0.36818259954452515
    },
    "16": {
        "0": 0.4070436358451843,
        "1": 0.3985055983066559,
        "2": 0.38424527645111084,
        "3": 0.3841366469860077,
        "4": 0.37643250823020935,
        "5": 0.37462109327316284,
        "6": 0.37412703037261963,
        "7": 0.3736102879047394,
        "8": 0.3731362819671631,
        "9": 0.37252911925315857
    },
    "32": {
        "0": 0.40502819418907166,
        "1": 0.39533859491348267,
        "2": 0.3824462890625,
        "3": 0.37568509578704834,
        "4": 0.3700603246688843,
        "5": 0.37005555629730225,
        "6": 0.3691043257713318,
        "7": 0.36883336305618286,
        "8": 0.36834990978240967,
        "9": 0.3677102029323578
    },
    "48": {
        "0": 0.33745983242988586,
        "1": 0.31396329402923584,
        "2": 0.31240642070770264,
        "3": 0.3101043105125427,
        "4": 0.3058200776576996,
        "5": 0.30424439907073975,
        "6": 0.303025484085083,
        "7": 0.2930454611778259,
        "8": 0.2809338867664337,
        "9": 0.2807755172252655
    },
    "64": {
        "0": 0.3391321003437042,
        "1": 0.3199286162853241,
        "2": 0.31978240609169006,
        "3": 0.3138158321380615,
        "4": 0.3060351312160492,
        "5": 0.30557525157928467,
        "6": 0.30198436975479126,
        "7": 0.29274994134902954,
        "8": 0.27845436334609985,
        "9": 0.2751372158527374
    },
    "80": {
        "0": 0.2715808153152466,
        "1": 0.2508131265640259,
        "2": 0.24824875593185425,
        "3": 0.24503850936889648,
        "4": 0.24356931447982788,
        "5": 0.24142399430274963,
        "6": 0.24101638793945312,
        "7": 0.24011293053627014,
        "8": 0.23878593742847443,
        "9": 0.23653028905391693
    },
    "96": {
        "0": 0.30852508544921875,
        "1": 0.28480130434036255,
        "2": 0.278735876083374,
        "3": 0.2759215831756592,
        "4": 0.2744118571281433,
        "5": 0.2714824378490448,
        "6": 0.2653846740722656,
        "7": 0.26498928666114807,
        "8": 0.2634296119213104,
        "9": 0.2593165338039398
    },
    "112": {
        "0": 0.29996633529663086,
        "1": 0.27442818880081177,
        "2": 0.270392507314682,
        "3": 0.2649606466293335,
        "4": 0.2637336254119873,
        "5": 0.2633243799209595,
        "6": 0.25783616304397583,
        "7": 0.25567901134490967,
        "8": 0.25323647260665894,
        "9": 0.24898548424243927
    },
    "128": {
        "0": 0.27637213468551636,
        "1": 0.26083651185035706,
        "2": 0.24920488893985748,
        "3": 0.2469865083694458,
        "4": 0.24659690260887146,
        "5": 0.24545104801654816,
        "6": 0.2393646389245987,
        "7": 0.23873618245124817,
        "8": 0.2378212958574295,
        "9": 0.23282396793365479
    },
    "144": {
        "0": 0.2982563078403473,
        "1": 0.2939586639404297,
        "2": 0.2882910370826721,
        "3": 0.2876778841018677,
        "4": 0.28548455238342285,
        "5": 0.2510835528373718,
        "6": 0.2504611015319824,
        "7": 0.2450723648071289,
        "8": 0.24490372836589813,
        "9": 0.2387782335281372
    },
    "160": {
        "0": 0.319826602935791,
        "1": 0.3085043430328369,
        "2": 0.295709490776062,
        "3": 0.29465723037719727,
        "4": 0.2934958040714264,
        "5": 0.26732414960861206,
        "6": 0.2653476595878601,
        "7": 0.26023930311203003,
        "8": 0.2585029602050781,
        "9": 0.2573464512825012
    },
    "176": {
        "0": 0.30809882283210754,
        "1": 0.27316194772720337,
        "2": 0.2631945013999939,
        "3": 0.2512868344783783,
        "4": 0.23907774686813354,
        "5": 0.2152191698551178,
        "6": 0.21462753415107727,
        "7": 0.20991013944149017,
        "8": 0.2036939561367035,
        "9": 0.20224374532699585
    },
    "192": {
        "0": 0.3245236277580261,
        "1": 0.30272093415260315,
        "2": 0.289631187915802,
        "3": 0.27034035325050354,
        "4": 0.2660084366798401,
        "5": 0.23206399381160736,
        "6": 0.2298157811164856,
        "7": 0.22904165089130402,
        "8": 0.22063876688480377,
        "9": 0.22030127048492432
    },
    "208": {
        "0": 0.41387277841567993,
        "1": 0.3815310001373291,
        "2": 0.36938488483428955,
        "3": 0.36568841338157654,
        "4": 0.3459467887878418,
        "5": 0.31419217586517334,
        "6": 0.3097986578941345,
        "7": 0.3095725178718567,
        "8": 0.30679136514663696,
        "9": 0.3024483621120453
    }
}