{
    "0": {
        "0": 0.2986615300178528,
        "1": 0.19464758038520813,
        "2": 0.18244418501853943,
        "3": 0.1778811365365982,
        "4": 0.16994404792785645,
        "5": 0.1647544801235199,
        "6": 0.15410760045051575,
        "7": 0.153174489736557,
        "8": 0.14589804410934448,
        "9": 0.14493250846862793
    },
    "16": {
        "0": 0.29795101284980774,
        "1": 0.19745443761348724,
        "2": 0.1808459758758545,
        "3": 0.17887486517429352,
        "4": 0.1754097044467926,
        "5": 0.15994611382484436,
        "6": 0.15256424248218536,
        "7": 0.15067285299301147,
        "8": 0.14984652400016785,
        "9": 0.14951272308826447
    },
    "32": {
        "0": 0.27773165702819824,
        "1": 0.16994976997375488,
        "2": 0.15513688325881958,
        "3": 0.15497741103172302,
        "4": 0.14375823736190796,
        "5": 0.13711051642894745,
        "6": 0.13546951115131378,
        "7": 0.13334344327449799,
        "8": 0.11972781270742416,
        "9": 0.11569537222385406
    },
    "48": {
        "0": 0.30581191182136536,
        "1": 0.20762746036052704,
        "2": 0.19448833167552948,
        "3": 0.19129475951194763,
        "4": 0.1895827054977417,
        "5": 0.1793743073940277,
        "6": 0.16831016540527344,
        "7": 0.16818928718566895,
        "8": 0.1667357087135315,
        "9": 0.16297471523284912
    },
    "64": {
        "0": 0.27179816365242004,
        "1": 0.16700230538845062,
        "2": 0.162031352519989,
        "3": 0.15863576531410217,
        "4": 0.14467892050743103,
        "5": 0.1413181871175766,
        "6": 0.13771241903305054,
        "7": 0.13544900715351105,
        "8": 0.1323748379945755,
        "9": 0.12435981631278992
    },
    "80": {
        "0": 0.2901918292045593,
        "1": 0.2290077805519104,
        "2": 0.2287779450416565,
        "3": 0.22364777326583862,
        "4": 0.20569688081741333,
        "5": 0.20430952310562134,
        "6": 0.19953469932079315,
        "7": 0.19709625840187073,
        "8": 0.192843958735466,
        "9": 0.1816810965538025
    },
    "96": {
        "0": 0.2879306375980377,
        "1": 0.20103417336940765,
        "2": 0.1992761194705963,
        "3": 0.19523493945598602,
        "4": 0.17622707784175873,
        "5": 0.1762184351682663,
        "6": 0.1742921620607376,
        "7": 0.17202158272266388,
        "8": 0.16823621094226837,
        "9": 0.1567835509777069
    },
    "112": {
        "0": 0.30605265498161316,
        "1": 0.2142607420682907,
        "2": 0.20216171443462372,
        "3": 0.19559861719608307,
        "4": 0.1801627278327942,
        "5": 0.18009600043296814,
        "6": 0.17638711631298065,
        "7": 0.1703009307384491,
        "8": 0.16953405737876892,
        "9": 0.16256800293922424
    },
    "128": {
        "0": 0.2932690382003784,
        "1": 0.20649182796478271,
        "2": 0.20446288585662842,
        "3": 0.19335782527923584,
        "4": 0.17956805229187012,
        "5": 0.1759651154279709,
        "6": 0.17476427555084229,
        "7": 0.16433796286582947,
        "8": 0.16133683919906616,
        "9": 0.15979918837547302
    },
    "144": {
        "0": 0.25111597776412964,
        "1": 0.14055481553077698,
        "2": 0.12823130190372467,
        "3": 0.12208956480026245,
        "4": 0.10845227539539337,
        "5": 0.107157401740551,
        "6": 0.10686361789703369,
        "7": 0.10183367133140564,
        "8": 0.08339454233646393,
        "9": 0.07828040421009064
    },
    "160": {
        "0": 0.2666113078594208,
        "1": 0.15799672901630402,
        "2": 0.15173155069351196,
        "3": 0.14027947187423706,
        "4": 0.13556472957134247,
        "5": 0.12722185254096985,
        "6": 0.12545910477638245,
        "7": 0.12092579901218414,
        "8": 0.10404818505048752,
        "9": 0.10267738252878189
    },
    "176": {
        "0": 0.3081609308719635,
        "1": 0.2989247739315033,
        "2": 0.2980589270591736,
        "3": 0.2904062271118164,
        "4": 0.2841569781303406,
        "5": 0.2832813262939453,
        "6": 0.2820150554180145,
        "7": 0.2809121906757355,
        "8": 0.27830570936203003,
        "9": 0.26356515288352966
    },
    "192": {
        "0": 0.357707679271698,
        "1": 0.3503917455673218,
        "2": 0.35025420784950256,
        "3": 0.34657323360443115,
        "4": 0.3289138078689575,
        "5": 0.3274111747741699,
        "6": 0.3222084641456604,
        "7": 0.32220494747161865,
        "8": 0.32105711102485657,
        "9": 0.31889355182647705
    },
    "208": {
        "0": 0.3334142863750458,
        "1": 0.32633328437805176,
        "2": 0.3217118978500366,
        "3": 0.31335559487342834,
        "4": 0.3078973889350891,
        "5": 0.3015082776546478,
        "6": 0.29955917596817017,
        "7": 0.2976485788822174,
        "8": 0.2906378507614136,
        "9": 0.2894521653652191
    },
    "224": {
        "0": 0.33485838770866394,
        "1": 0.2962186336517334,
        "2": 0.29427990317344666,
        "3": 0.29282084107398987,
        "4": 0.29158100485801697,
        "5": 0.2899053990840912,
        "6": 0.28829091787338257,
        "7": 0.28742846846580505,
        "8": 0.2816714942455292,
        "9": 0.27907896041870117
    },
    "240": {
        "0": 0.3536841571331024,
        "1": 0.32901936769485474,
        "2": 0.32359984517097473,
        "3": 0.3217751085758209,
        "4": 0.3184259831905365,
        "5": 0.3033129870891571,
        "6": 0.3014010190963745,
        "7": 0.3013417422771454,
        "8": 0.2961180806159973,
        "9": 0.29053279757499695
    },
    "256": {
        "0": 0.3773435056209564,
        "1": 0.34601810574531555,
        "2": 0.3345625698566437,
        "3": 0.33291560411453247,
        "4": 0.3310813903808594,
        "5": 0.32837432622909546,
        "6": 0.3246258497238159,
        "7": 0.3234565854072571,
        "8": 0.32141557335853577,
        "9": 0.3184463381767273
    },
    "272": {
        "0": 0.3477500081062317,
        "1": 0.3213021457195282,
        "2": 0.31258946657180786,
        "3": 0.3118922710418701,
        "4": 0.2991483807563782,
        "5": 0.29878243803977966,
        "6": 0.2978692948818207,
        "7": 0.29758337140083313,
        "8": 0.29561373591423035,
        "9": 0.2920830547809601
    },
    "288": {
        "0": 0.32593709230422974,
        "1": 0.2913142144680023,
        "2": 0.2913096845149994,
        "3": 0.2822268307209015,
        "4": 0.28155356645584106,
        "5": 0.27901312708854675,
        "6": 0.27893975377082825,
        "7": 0.2722358703613281,
        "8": 0.26781901717185974,
        "9": 0.265892893075943
    },
    "304": {
        "0": 0.34624728560447693,
        "1": 0.3281318247318268,
        "2": 0.3138662874698639,
        "3": 0.3137679696083069,
        "4": 0.3098564147949219,
        "5": 0.30695077776908875,
        "6": 0.3031322658061981,
        "7": 0.3003920912742615,
        "8": 0.2940598428249359,
        "9": 0.2835235595703125
    },
    "320": {
        "0": 0.36224034428596497,
        "1": 0.3496151268482208,
        "2": 0.3385544419288635,
        "3": 0.33833280205726624,
        "4": 0.3365587890148163,
        "5": 0.3260573148727417,
        "6": 0.3243536949157715,
        "7": 0.32112330198287964,
        "8": 0.3000866770744324,
        "9": 0.2999195456504822
    },
    "336": {
        "0": 0.36763718724250793,
        "1": 0.3510597348213196,
        "2": 0.3375418186187744,
        "3": 0.3324090838432312,
        "4": 0.33097827434539795,
        "5": 0.32407984137535095,
        "6": 0.3165162205696106,
        "7": 0.3135558068752289,
        "8": 0.31130221486091614,
        "9": 0.30884456634521484
    },
    "352": {
        "0": 0.36166346073150635,
        "1": 0.32966703176498413,
        "2": 0.3173518478870392,
        "3": 0.3126750588417053,
        "4": 0.3112034499645233,