{
    "0": {
        "0": 0.29821881651878357,
        "1": 0.2928035855293274,
        "2": 0.2918619215488434,
        "3": 0.29018089175224304,
        "4": 0.2767236530780792,
        "5": 0.2661149203777313,
        "6": 0.26599517464637756,
        "7": 0.26357007026672363,
        "8": 0.25808990001678467,
        "9": 0.2560510039329529
    },
    "16": {
        "0": 0.28198784589767456,
        "1": 0.28123754262924194,
        "2": 0.279227077960968,
        "3": 0.2783077359199524,
        "4": 0.26882022619247437,
        "5": 0.25502124428749084,
        "6": 0.2514358162879944,
        "7": 0.24904215335845947,
        "8": 0.24810712039470673,
        "9": 0.24543406069278717
    },
    "32": {
        "0": 0.28906309604644775,
        "1": 0.28859883546829224,
        "2": 0.28588712215423584,
        "3": 0.2776786983013153,
        "4": 0.27644839882850647,
        "5": 0.26343223452568054,
        "6": 0.260072261095047,
        "7": 0.25680112838745117,
        "8": 0.2510698437690735,
        "9": 0.24995258450508118
    },
    "48": {
        "0": 0.31857627630233765,
        "1": 0.31473398208618164,
        "2": 0.3123859167098999,
        "3": 0.3108958899974823,
        "4": 0.29915890097618103,
        "5": 0.28493091464042664,
        "6": 0.282916396856308,
        "7": 0.2817395329475403,
        "8": 0.2805430293083191,
        "9": 0.2801891267299652
    },
    "64": {
        "0": 0.2822153568267822,
        "1": 0.25811854004859924,
        "2": 0.2516333758831024,
        "3": 0.2512982487678528,
        "4": 0.2506854832172394,
        "5": 0.2392043173313141,
        "6": 0.23532870411872864,
        "7": 0.21984420716762543,
        "8": 0.21615730226039886,
        "9": 0.21541032195091248
    },
    "80": {
        "0": 0.29869863390922546,
        "1": 0.2656979262828827,
        "2": 0.2587506175041199,
        "3": 0.25657328963279724,
        "4": 0.2502034604549408,
        "5": 0.2502017617225647,
        "6": 0.24803423881530762,
        "7": 0.22976398468017578,
        "8": 0.22887888550758362,
        "9": 0.22008156776428223
    },
    "96": {
        "0": 0.2942826747894287,
        "1": 0.26491546630859375,
        "2": 0.2567092478275299,
        "3": 0.25344592332839966,
        "4": 0.24976134300231934,
        "5": 0.2485865205526352,
        "6": 0.24720676243305206,
        "7": 0.23052428662776947,
        "8": 0.23023849725723267,
        "9": 0.2196071892976761
    },
    "112": {
        "0": 0.29186275601387024,
        "1": 0.26169344782829285,
        "2": 0.2562519311904907,
        "3": 0.25290465354919434,
        "4": 0.2500152587890625,
        "5": 0.2498602718114853,
        "6": 0.24551282823085785,
        "7": 0.22669188678264618,
        "8": 0.22517746686935425,
        "9": 0.2159351110458374
    },
    "128": {
        "0": 0.28608691692352295,
        "1": 0.2824914753437042,
        "2": 0.2743236720561981,
        "3": 0.2539736330509186,
        "4": 0.24738088250160217,
        "5": 0.24213767051696777,
        "6": 0.24036318063735962,
        "7": 0.23354162275791168,
        "8": 0.23151588439941406,
        "9": 0.22267241775989532
    },
    "144": {
        "0": 0.33263546228408813,
        "1": 0.31675899028778076,
        "2": 0.3121267259120941,
        "3": 0.28986117243766785,
        "4": 0.28727206587791443,
        "5": 0.275107741355896,
        "6": 0.2660549581050873,
        "7": 0.23870649933815002,
        "8": 0.1976020336151123,
        "9": 0.19125039875507355
    },
    "160": {
        "0": 0.2992452383041382,
        "1": 0.2909947335720062,
        "2": 0.2788368761539459,
        "3": 0.2485327124595642,
        "4": 0.23879475891590118,
        "5": 0.23581787943840027,
        "6": 0.23454052209854126,
        "7": 0.22289198637008667,
        "8": 0.2218131721019745,
        "9": 0.20362946391105652
    },
    "176": {
        "0": 0.3430778682231903,
        "1": 0.3385763168334961,
        "2": 0.331259548664093,
        "3": 0.32996609807014465,
        "4": 0.32504624128341675,
        "5": 0.32216259837150574,
        "6": 0.3188735544681549,
        "7": 0.31798624992370605,
        "8": 0.31464898586273193,
        "9": 0.3128117620944977
    },
    "192": {
        "0": 0.3007042109966278,
        "1": 0.29518231749534607,
        "2": 0.28782203793525696,
        "3": 0.28750142455101013,
        "4": 0.2862451374530792,
        "5": 0.2844495475292206,
        "6": 0.2806447744369507,
        "7": 0.2687324583530426,
        "8": 0.26597458124160767,
        "9": 0.2644985318183899
    },
    "208": {
        "0": 0.336257666349411,
        "1": 0.3341594338417053,
        "2": 0.3247009813785553,
        "3": 0.3134204149246216,
        "4": 0.3096522390842438,
        "5": 0.3021436333656311,
        "6": 0.30135971307754517,
        "7": 0.2947044372558594,
        "8": 0.2906511723995209,
        "9": 0.28926974534988403
    },
    "224": {
        "0": 0.30481448769569397,
        "1": 0.3039231598377228,
        "2": 0.2976076304912567,
        "3": 0.2883133888244629,
        "4": 0.2856960594654083,
        "5": 0.2852669358253479,
        "6": 0.2771557867527008,
        "7": 0.27368831634521484,
        "8": 0.27218708395957947,
        "9": 0.26972872018814087
    },
    "240": {
        "0": 0.33235299587249756,
        "1": 0.32279494404792786,
        "2": 0.3191738426685333,
        "3": 0.31429439783096313,
        "4": 0.3052660822868347,
        "5": 0.30375349521636963,
        "6": 0.2964908480644226,
        "7": 0.2959788143634796,
        "8": 0.2909908890724182,
        "9": 0.28564581274986267
    },
    "256": {
        "0": 0.3262120485305786,
        "1": 0.3152412474155426,
        "2": 0.3144097626209259,
        "3": 0.3127879500389099,
        "4": 0.3000604808330536,
        "5": 0.29973894357681274,
        "6": 0.2896667420864105,
        "7": 0.2859288156032562,
        "8": 0.2825703024864197,
        "9": 0.2808800935745239
    },
    "272": {
        "0": 0.3460589349269867,
        "1": 0.33860859274864197,
        "2": 0.33414575457572937,
        "3": 0.33368539810180664,
        "4": 0.3299635946750641,
        "5": 0.3167110085487366,
        "6": 0.3155178129673004,
        "7": 0.31486254930496216,
        "8": 0.30751219391822815,
        "9": 0.2997645139694214
    },
    "288": {
        "0": 0.37932562828063965,
        "1": 0.3789295256137848,
        "2": 0.3692821264266968,
        "3": 0.3566645383834839,
        "4": 0.35658496618270874,
        "5": 0.34694942831993103,
        "6": 0.3432079255580902,
        "7": 0.34288015961647034,
        "8": 0.3371111750602722,
        "9": 0.3220188617706299
    },
    "304": {
        "0": 0.35283392667770386,
        "1": 0.314054936170578,
        "2": 0.3075697720050812,
        "3": 0.30203574895858765,
        "4": 0.2962229549884796,
        "5": 0.28417548537254333,
        "6": 0.27779027819633484,
        "7": 0.2713271379470825,
        "8": 0.2699023485183716,
        "9": 0.26784536242485046
    },
    "320": {
        "0": 0.3421945571899414,
        "1": 0.30246785283088684,
        "2": 0.287245512008667,
        "3": 0.2856859266757965,
        "4": 0.2774905860424042,
        "5": 0.26667413115501404,
        "6": 0.26237285137176514,
        "7": 0.2563045620918274,
        "8": 0.25569844245910645,
        "9": 0.2509767413139343
    },
    "336": {
        "0": 0.33955252170562744,
        "1": 0.30718186497688293,
        "2": 0.29637494683265686,
        "3": 0.2954727113246918,
        "4": 0.2886413037776947,
        "5": 0.2726726233959198,
        "6": 0.2703724503517151,
        "7": 0.26810750365257263,
        "8": 0.26464134454727173,
        "9": 0.2603710889816284
    },
    "352": {
        "0": 0.3287537097930908,
        "1": 0.29341259598731995,
        "2": 0.2871498465538025,
        "3": 0.2839873731136322,
        "4": 0.2766754925251007,
        "5": 0.2701195776462555,