{
    "0": {
        "0": 0.4291408956050873,
        "1": 0.42306092381477356,
        "2": 0.4096600115299225,
        "3": 0.40850716829299927,
        "4": 0.4068954586982727,
        "5": 0.40621140599250793,
        "6": 0.4053366482257843,
        "7": 0.4048539400100708,
        "8": 0.404562771320343,
        "9": 0.39914703369140625
    },
    "16": {
        "0": 0.37805601954460144,
        "1": 0.37215736508369446,
        "2": 0.3639940917491913,
        "3": 0.3580044209957123,
        "4": 0.35733768343925476,
        "5": 0.3565538823604584,
        "6": 0.3562026917934418,
        "7": 0.356149286031723,
        "8": 0.355805367231369,
        "9": 0.3552119731903076
    },
    "32": {
        "0": 0.38987404108047485,
        "1": 0.3864348530769348,
        "2": 0.38601210713386536,
        "3": 0.3854313790798187,
        "4": 0.38539570569992065,
        "5": 0.37931960821151733,
        "6": 0.37812551856040955,
        "7": 0.37746018171310425,
        "8": 0.3766145706176758,
        "9": 0.37611886858940125
    },
    "48": {
        "0": 0.39273253083229065,
        "1": 0.38864371180534363,
        "2": 0.38753214478492737,
        "3": 0.3863670825958252,
        "4": 0.38444843888282776,
        "5": 0.38067373633384705,
        "6": 0.37919124960899353,
        "7": 0.37714454531669617,
        "8": 0.37640929222106934,
        "9": 0.3744843900203705
    },
    "64": {
        "0": 0.36546510457992554,
        "1": 0.357985258102417,
        "2": 0.35602304339408875,
        "3": 0.3548382818698883,
        "4": 0.3531866669654846,
        "5": 0.3529294431209564,
        "6": 0.3513116240501404,
        "7": 0.34919172525405884,
        "8": 0.3435516059398651,
        "9": 0.3420557677745819
    },
    "80": {
        "0": 0.3609080910682678,
        "1": 0.36008742451667786,
        "2": 0.3599455952644348,
        "3": 0.3580082058906555,
        "4": 0.35698598623275757,
        "5": 0.356295645236969,
        "6": 0.3552912473678589,
        "7": 0.34902244806289673,
        "8": 0.3403110206127167,
        "9": 0.3399515748023987
    },
    "96": {
        "0": 0.38297152519226074,
        "1": 0.36919423937797546,
        "2": 0.3689160645008087,
        "3": 0.3687201142311096,
        "4": 0.36747661232948303,
        "5": 0.36662495136260986,
        "6": 0.3654640316963196,
        "7": 0.3632657527923584,
        "8": 0.36165085434913635,
        "9": 0.3596477210521698
    },
    "112": {
        "0": 0.3973883092403412,
        "1": 0.3901968002319336,
        "2": 0.3872389793395996,
        "3": 0.38683950901031494,
        "4": 0.3844342529773712,
        "5": 0.37927955389022827,
        "6": 0.37772470712661743,
        "7": 0.3764468729496002,
        "8": 0.3757486045360565,
        "9": 0.3736189901828766
    },
    "128": {
        "0": 0.38615983724594116,
        "1": 0.37520360946655273,
        "2": 0.37418147921562195,
        "3": 0.3732086420059204,
        "4": 0.37259143590927124,
        "5": 0.36806929111480713,
        "6": 0.3677798807621002,
        "7": 0.36724916100502014,
        "8": 0.36540764570236206,
        "9": 0.35999923944473267
    },
    "144": {
        "0": 0.39546889066696167,
        "1": 0.39102041721343994,
        "2": 0.39095762372016907,
        "3": 0.38993361592292786,
        "4": 0.38904422521591187,
        "5": 0.3886340260505676,
        "6": 0.387128084897995,
        "7": 0.38386544585227966,
        "8": 0.37831902503967285,
        "9": 0.37823283672332764
    },
    "160": {
        "0": 0.38995984196662903,
        "1": 0.38526520133018494,
        "2": 0.380744069814682,
        "3": 0.37738069891929626,
        "4": 0.3749716281890869,
        "5": 0.3718832731246948,
        "6": 0.3689364194869995,
        "7": 0.3678585886955261,
        "8": 0.36564430594444275,
        "9": 0.36543363332748413
    },
    "176": {
        "0": 0.3952515125274658,
        "1": 0.3904407322406769,
        "2": 0.387127548456192,
        "3": 0.3857361972332001,
        "4": 0.3853802978992462,
        "5": 0.37926024198532104,
        "6": 0.37882548570632935,
        "7": 0.3785933256149292,
        "8": 0.3770880103111267,
        "9": 0.3758624196052551
    },
    "192": {
        "0": 0.3333204388618469,
        "1": 0.3330407738685608,
        "2": 0.33287468552589417,
        "3": 0.3326721787452698,
        "4": 0.3324643075466156,
        "5": 0.3321487307548523,
        "6": 0.33186206221580505,
        "7": 0.3296869099140167,
        "8": 0.328248530626297,
        "9": 0.32687777280807495
    },
    "208": {
        "0": 0.40614116191864014,
        "1": 0.40534135699272156,
        "2": 0.40375521779060364,
        "3": 0.3988596796989441,
        "4": 0.3980073928833008,
        "5": 0.39736640453338623,
        "6": 0.3971414864063263,
        "7": 0.39698320627212524,
        "8": 0.39235588908195496,
        "9": 0.3914404511451721
    },
    "224": {
        "0": 0.37800925970077515,
        "1": 0.37368112802505493,
        "2": 0.3708207905292511,
        "3": 0.36682549118995667,
        "4": 0.36074507236480713,
        "5": 0.3604966402053833,
        "6": 0.36013638973236084,
        "7": 0.356442928314209,
        "8": 0.3559354245662689,
        "9": 0.35552141070365906
    },
    "240": {
        "0": 0.3671848177909851,
        "1": 0.36162593960762024,
        "2": 0.35263925790786743,
        "3": 0.35154789686203003,
        "4": 0.3504829406738281,
        "5": 0.3499298691749573,
        "6": 0.349723219871521,
        "7": 0.3486179709434509,
        "8": 0.34735217690467834,
        "9": 0.3435347080230713
    },
    "256": {
        "0": 0.428815096616745,
        "1": 0.4197734296321869,
        "2": 0.41656795144081116,
        "3": 0.41540098190307617,
        "4": 0.41110917925834656,
        "5": 0.4104633927345276,
        "6": 0.4094514548778534,
        "7": 0.4083048403263092,
        "8": 0.40575215220451355,
        "9": 0.40436434745788574
    },
    "272": {
        "0": 0.4370848536491394,
        "1": 0.4356246292591095,
        "2": 0.4331088662147522,
        "3": 0.4280015230178833,
        "4": 0.426747590303421,
        "5": 0.4261106550693512,
        "6": 0.42017269134521484,
        "7": 0.41953739523887634,
        "8": 0.41780203580856323,
        "9": 0.4159374535083771
    },
    "288": {
        "0": 0.44056594371795654,
        "1": 0.4319225251674652,
        "2": 0.426052987575531,
        "3": 0.42316633462905884,
        "4": 0.4181245267391205,
        "5": 0.41791123151779175,
        "6": 0.41671064496040344,
        "7": 0.4160737693309784,
        "8": 0.41540077328681946,
        "9": 0.41527286171913147
    },
    "304": {
        "0": 0.4222039580345154,
        "1": 0.41929325461387634,
        "2": 0.41724056005477905,
        "3": 0.41648390889167786,
        "4": 0.41628268361091614,
        "5": 0.4154016673564911,
        "6": 0.4121459126472473,
        "7": 0.4104088246822357,
        "8": 0.40905269980430603,
        "9": 0.40761640667915344
    },
    "320": {
        "0": 0.3979158401489258,
        "1": 0.39694491028785706,
        "2": 0.39288508892059326,
        "3": 0.39265871047973633,
        "4": 0.3923351764678955,
        "5": 0.3902176320552826,
        "6": 0.38908541202545166,
        "7": 0.3887700140476227,
        "8": 0.38664108514785767,
        "9": 0.3850940763950348
    },
    "336": {
        "0": 0.42473942041397095,
        "1": 0.42455315589904785,
        "2": 0.4238663613796234,
        "3": 0.4176653027534485,
        "4": 0.41674843430519104,
        "5": 0.4137899577617645,
        "6": 0.4126521050930023,
        "7": 0.4120301306247711,
        "8": 0.4113432765007019,
        "9": 0.41103997826576233
    },
    "352": {
        "0": 0.42140325903892517,
        "1": 0.40837985277175903,
        "2": 0.40085968375205994,
        "3": 0.3993197977542877,
        "4": 0.3956770598888397,
        "5": 0.3941204249858856,