{
    "0": {
        "0": 0.3515233099460602,
        "1": 0.3335873484611511,
        "2": 0.33042144775390625,
        "3": 0.33040323853492737,
        "4": 0.32779639959335327,
        "5": 0.32583075761795044,
        "6": 0.32538658380508423,
        "7": 0.3233321011066437,
        "8": 0.3201241195201874,
        "9": 0.31862086057662964
    },
    "16": {
        "0": 0.323167085647583,
        "1": 0.31244683265686035,
        "2": 0.3097219467163086,
        "3": 0.30335384607315063,
        "4": 0.3021480143070221,
        "5": 0.300024151802063,
        "6": 0.29843366146087646,
        "7": 0.2974395751953125,
        "8": 0.295958936214447,
        "9": 0.2951790988445282
    },
    "32": {
        "0": 0.3335534334182739,
        "1": 0.32772067189216614,
        "2": 0.31325167417526245,
        "3": 0.3111831843852997,
        "4": 0.310298889875412,
        "5": 0.30959612131118774,
        "6": 0.3076634407043457,
        "7": 0.3052867352962494,
        "8": 0.30490171909332275,
        "9": 0.30355632305145264
    },
    "48": {
        "0": 0.3127555251121521,
        "1": 0.3098876476287842,
        "2": 0.3021393120288849,
        "3": 0.29754987359046936,
        "4": 0.292179673910141,
        "5": 0.2901226282119751,
        "6": 0.28962790966033936,
        "7": 0.28954970836639404,
        "8": 0.2891745865345001,
        "9": 0.28864774107933044
    },
    "64": {
        "0": 0.3527477979660034,
        "1": 0.3484477996826172,
        "2": 0.33036208152770996,
        "3": 0.32477402687072754,
        "4": 0.3245047926902771,
        "5": 0.32443395256996155,
        "6": 0.32194632291793823,
        "7": 0.3203088641166687,
        "8": 0.3175511956214905,
        "9": 0.3155341148376465
    },
    "80": {
        "0": 0.349001407623291,
        "1": 0.34459030628204346,
        "2": 0.329312801361084,
        "3": 0.32179129123687744,
        "4": 0.3212342858314514,
        "5": 0.3202047049999237,
        "6": 0.31939953565597534,
        "7": 0.3192025423049927,
        "8": 0.31774044036865234,
        "9": 0.3161168098449707
    },
    "96": {
        "0": 0.35118567943573,
        "1": 0.34524857997894287,
        "2": 0.3358190059661865,
        "3": 0.3279374837875366,
        "4": 0.3219882845878601,
        "5": 0.318611204624176,
        "6": 0.31652408838272095,
        "7": 0.3162707984447479,
        "8": 0.3149089217185974,
        "9": 0.3139665126800537
    },
    "112": {
        "0": 0.3580869734287262,
        "1": 0.3487430214881897,
        "2": 0.33986228704452515,
        "3": 0.3343089818954468,
        "4": 0.32733863592147827,
        "5": 0.3263813257217407,
        "6": 0.31934866309165955,
        "7": 0.317185640335083,
        "8": 0.3171376585960388,
        "9": 0.31660789251327515
    },
    "128": {
        "0": 0.3526139259338379,
        "1": 0.33838897943496704,
        "2": 0.33836618065834045,
        "3": 0.3340875804424286,
        "4": 0.32796189188957214,
        "5": 0.3272515833377838,
        "6": 0.31484511494636536,
        "7": 0.3134685158729553,
        "8": 0.3127383589744568,
        "9": 0.31248074769973755
    },
    "144": {
        "0": 0.3514063060283661,
        "1": 0.3382980227470398,
        "2": 0.33513492345809937,
        "3": 0.3248231112957001,
        "4": 0.32331714034080505,
        "5": 0.3224160969257355,
        "6": 0.32063573598861694,
        "7": 0.31837907433509827,
        "8": 0.31809231638908386,
        "9": 0.3147747814655304
    },
    "160": {
        "0": 0.34067392349243164,
        "1": 0.33163726329803467,
        "2": 0.3311542570590973,
        "3": 0.32492077350616455,
        "4": 0.3219597339630127,
        "5": 0.31727826595306396,
        "6": 0.31699639558792114,
        "7": 0.3161352872848511,
        "8": 0.31605708599090576,
        "9": 0.3153461813926697
    },
    "176": {
        "0": 0.34616631269454956,
        "1": 0.33756715059280396,
        "2": 0.3310871124267578,
        "3": 0.3277603089809418,
        "4": 0.32025328278541565,
        "5": 0.32018986344337463,
        "6": 0.3194519281387329,
        "7": 0.3179771900177002,
        "8": 0.31672966480255127,
        "9": 0.316417396068573
    },
    "192": {
        "0": 0.33914676308631897,
        "1": 0.3346492648124695,
        "2": 0.32720625400543213,
        "3": 0.32015758752822876,
        "4": 0.3137950897216797,
        "5": 0.3130936622619629,
        "6": 0.3127971291542053,
        "7": 0.31038105487823486,
        "8": 0.30960118770599365,
        "9": 0.3080427050590515
    },
    "208": {
        "0": 0.3349274694919586,
        "1": 0.32822543382644653,
        "2": 0.3139643967151642,
        "3": 0.3124801516532898,
        "4": 0.3095705211162567,
        "5": 0.30918025970458984,
        "6": 0.30658841133117676,
        "7": 0.30641674995422363,
        "8": 0.30463674664497375,
        "9": 0.30462560057640076
    },
    "224": {
        "0": 0.3344143033027649,
        "1": 0.32491418719291687,
        "2": 0.31706443428993225,
        "3": 0.31493860483169556,
        "4": 0.3125275671482086,
        "5": 0.3123977780342102,
        "6": 0.3114631772041321,
        "7": 0.31045880913734436,
        "8": 0.309103786945343,
        "9": 0.3044924736022949
    },
    "240": {
        "0": 0.3387783169746399,
        "1": 0.3230578899383545,
        "2": 0.32027092576026917,
        "3": 0.3187415599822998,
        "4": 0.31558918952941895,
        "5": 0.31413936614990234,
        "6": 0.3077235817909241,
        "7": 0.30698153376579285,
        "8": 0.30647680163383484,
        "9": 0.3057553768157959
    },
    "256": {
        "0": 0.3165438771247864,
        "1": 0.3011564016342163,
        "2": 0.2975738048553467,
        "3": 0.2934236526489258,
        "4": 0.29301759600639343,
        "5": 0.2916020154953003,
        "6": 0.29102057218551636,
        "7": 0.2891230583190918,
        "8": 0.2853599786758423,
        "9": 0.2842531204223633
    }
}