{
    "0": {
        "0": 0.4096599519252777,
        "1": 0.3961411416530609,
        "2": 0.3913942277431488,
        "3": 0.3546876311302185,
        "4": 0.33829185366630554,
        "5": 0.32131388783454895,
        "6": 0.31304070353507996,
        "7": 0.31252914667129517,
        "8": 0.3102090060710907,
        "9": 0.30405473709106445
    },
    "16": {
        "0": 0.39913302659988403,
        "1": 0.38544702529907227,
        "2": 0.3852692246437073,
        "3": 0.3497084081172943,
        "4": 0.3477770686149597,
        "5": 0.33005937933921814,
        "6": 0.3251044452190399,
        "7": 0.32016441226005554,
        "8": 0.3172345757484436,
        "9": 0.3136969208717346
    },
    "32": {
        "0": 0.41371971368789673,
        "1": 0.3988562524318695,
        "2": 0.3942313492298126,
        "3": 0.35169389843940735,
        "4": 0.33939599990844727,
        "5": 0.3207745850086212,
        "6": 0.3144565224647522,
        "7": 0.308784544467926,
        "8": 0.3083793818950653,
        "9": 0.3072284162044525
    },
    "48": {
        "0": 0.3956208825111389,
        "1": 0.37751179933547974,
        "2": 0.36779293417930603,
        "3": 0.3336096704006195,
        "4": 0.3208773136138916,
        "5": 0.31429749727249146,
        "6": 0.3138523995876312,
        "7": 0.3037581443786621,
        "8": 0.30335649847984314,
        "9": 0.3021140396595001
    },
    "64": {
        "0": 0.4320320188999176,
        "1": 0.4153994023799896,
        "2": 0.41305506229400635,
        "3": 0.3900604248046875,
        "4": 0.3588225543498993,
        "5": 0.35184961557388306,
        "6": 0.3501721918582916,
        "7": 0.34628185629844666,
        "8": 0.34351804852485657,
        "9": 0.3360328674316406
    },
    "80": {
        "0": 0.45873671770095825,
        "1": 0.39566174149513245,
        "2": 0.39474183320999146,
        "3": 0.3901122808456421,
        "4": 0.3884071707725525,
        "5": 0.3853534460067749,
        "6": 0.3852319121360779,
        "7": 0.3850550949573517,
        "8": 0.3821243643760681,
        "9": 0.378431499004364
    },
    "96": {
        "0": 0.459907591342926,
        "1": 0.3866405189037323,
        "2": 0.3862442076206207,
        "3": 0.37945666909217834,
        "4": 0.3776422142982483,
        "5": 0.37760329246520996,
        "6": 0.37757691740989685,
        "7": 0.3751961290836334,
        "8": 0.37470918893814087,
        "9": 0.37249988317489624
    },
    "112": {
        "0": 0.46339163184165955,
        "1": 0.38727977871894836,
        "2": 0.3871780037879944,
        "3": 0.38041141629219055,
        "4": 0.37800857424736023,
        "5": 0.3776366412639618,
        "6": 0.3760963976383209,
        "7": 0.37411606311798096,
        "8": 0.3734420835971832,
        "9": 0.37270593643188477
    },
    "128": {
        "0": 0.45768943428993225,
        "1": 0.3986116647720337,
        "2": 0.3952767252922058,
        "3": 0.3912503719329834,
        "4": 0.3909532427787781,
        "5": 0.3869078457355499,
        "6": 0.3839413523674011,
        "7": 0.3822077214717865,
        "8": 0.3821259140968323,
        "9": 0.3808435797691345
    },
    "144": {
        "0": 0.349575936794281,
        "1": 0.3448330760002136,
        "2": 0.33945217728614807,
        "3": 0.33696553111076355,
        "4": 0.33453166484832764,
        "5": 0.33437955379486084,
        "6": 0.3340582549571991,
        "7": 0.33224111795425415,
        "8": 0.33090266585350037,
        "9": 0.3296186029911041
    },
    "160": {
        "0": 0.3583793640136719,
        "1": 0.34620434045791626,
        "2": 0.3450697958469391,
        "3": 0.3393845856189728,
        "4": 0.33860743045806885,
        "5": 0.33452802896499634,
        "6": 0.33025678992271423,
        "7": 0.3287588953971863,
        "8": 0.3275161385536194,
        "9": 0.324386328458786
    },
    "176": {
        "0": 0.37655720114707947,
        "1": 0.3631570637226105,
        "2": 0.3585391044616699,
        "3": 0.3564144968986511,
        "4": 0.3536090850830078,
        "5": 0.3533444404602051,
        "6": 0.3479461967945099,
        "7": 0.3447485864162445,
        "8": 0.3438546061515808,
        "9": 0.34294700622558594
    },
    "192": {
        "0": 0.36963269114494324,
        "1": 0.3362574577331543,
        "2": 0.335623562335968,
        "3": 0.3315746486186981,
        "4": 0.32179248332977295,
        "5": 0.3200646936893463,
        "6": 0.3131498098373413,
        "7": 0.30385178327560425,
        "8": 0.3020912706851959,
        "9": 0.29822325706481934
    },
    "208": {
        "0": 0.3468039929866791,
        "1": 0.3318009674549103,
        "2": 0.3203356862068176,
        "3": 0.312828004360199,
        "4": 0.3053057789802551,
        "5": 0.30383309721946716,
        "6": 0.30168282985687256,
        "7": 0.30005350708961487,
        "8": 0.2983035445213318,
        "9": 0.28824061155319214
    },
    "224": {
        "0": 0.36433887481689453,
        "1": 0.33791983127593994,
        "2": 0.33034253120422363,
        "3": 0.3276424705982208,
        "4": 0.3178586959838867,
        "5": 0.3150653839111328,
        "6": 0.3097529113292694,
        "7": 0.30625367164611816,
        "8": 0.2998587489128113,
        "9": 0.2992895841598511
    },
    "240": {
        "0": 0.3765323758125305,
        "1": 0.33445507287979126,
        "2": 0.3293156027793884,
        "3": 0.3206828236579895,
        "4": 0.31922319531440735,
        "5": 0.3157398998737335,
        "6": 0.31562209129333496,
        "7": 0.3129936754703522,
        "8": 0.29491397738456726,
        "9": 0.292723149061203
    },
    "256": {
        "0": 0.37138187885284424,
        "1": 0.33107632398605347,
        "2": 0.32678088545799255,
        "3": 0.31723475456237793,
        "4": 0.3156648278236389,
        "5": 0.31381455063819885,
        "6": 0.3128863573074341,
        "7": 0.3054577112197876,
        "8": 0.29060491919517517,
        "9": 0.2905515730381012
    },
    "272": {
        "0": 0.36043909192085266,
        "1": 0.314680278301239,
        "2": 0.3052334189414978,
        "3": 0.302796870470047,
        "4": 0.30058643221855164,
        "5": 0.30011552572250366,
        "6": 0.2970251441001892,
        "7": 0.28666433691978455,
        "8": 0.27681323885917664,
        "9": 0.27631449699401855
    },
    "288": {
        "0": 0.32890963554382324,
        "1": 0.29757776856422424,
        "2": 0.2961063086986542,
        "3": 0.28721824288368225,
        "4": 0.27914512157440186,
        "5": 0.2784217894077301,
        "6": 0.276724636554718,
        "7": 0.2756466567516327,
        "8": 0.2647172212600708,
        "9": 0.2631380259990692
    },
    "304": {
        "0": 0.36402469873428345,
        "1": 0.3428208529949188,
        "2": 0.3292334973812103,
        "3": 0.3265497088432312,
        "4": 0.32627877593040466,
        "5": 0.32597991824150085,
        "6": 0.3242111802101135,
        "7": 0.3214382529258728,
        "8": 0.32034486532211304,
        "9": 0.3147052526473999
    },
    "320": {
        "0": 0.4093059301376343,
        "1": 0.40426209568977356,
        "2": 0.40342816710472107,
        "3": 0.4012947976589203,
        "4": 0.3975352942943573,
        "5": 0.39737433195114136,
        "6": 0.39680564403533936,
        "7": 0.39329779148101807,
        "8": 0.38482603430747986,
        "9": 0.38348761200904846
    },
    "336": {
        "0": 0.4028957486152649,
        "1": 0.3957495391368866,
        "2": 0.3954910635948181,
        "3": 0.3935029208660126,
        "4": 0.39339005947113037,
        "5": 0.38954806327819824,
        "6": 0.38888171315193176,
        "7": 0.387035071849823,
        "8": 0.38666605949401855,
        "9": 0.379310667514801
    },
    "352": {
        "0": 0.4088173806667328,
        "1": 0.40465670824050903,
        "2": 0.40434807538986206,
        "3": 0.40256616473197937,
        "4": 0.4007740616798401,
        "5": 0.3999573290348053,
        "6": 0.3966701626777649,