{
    "0": {
        "0": 0.45203500986099243,
        "1": 0.4517993628978729,
        "2": 0.44283393025398254,
        "3": 0.4423714280128479,
        "4": 0.44164782762527466,
        "5": 0.4396745562553406,
        "6": 0.43892955780029297,
        "7": 0.43738117814064026,
        "8": 0.4350689947605133,
        "9": 0.43403148651123047
    },
    "16": {
        "0": 0.42686375975608826,
        "1": 0.42413270473480225,
        "2": 0.42040055990219116,
        "3": 0.41982924938201904,
        "4": 0.41754502058029175,
        "5": 0.4137434661388397,
        "6": 0.41304871439933777,
        "7": 0.40830010175704956,
        "8": 0.4081767797470093,
        "9": 0.4075447618961334
    },
    "32": {
        "0": 0.4491448402404785,
        "1": 0.44653210043907166,
        "2": 0.4446942210197449,
        "3": 0.44425979256629944,
        "4": 0.4437915086746216,
        "5": 0.4387200176715851,
        "6": 0.4379110336303711,
        "7": 0.43634945154190063,
        "8": 0.43541377782821655,
        "9": 0.4335681200027466
    },
    "48": {
        "0": 0.4499238133430481,
        "1": 0.43880218267440796,
        "2": 0.4370171129703522,
        "3": 0.43527525663375854,
        "4": 0.42845991253852844,
        "5": 0.42628908157348633,
        "6": 0.4234599173069,
        "7": 0.4213918149471283,
        "8": 0.4196390211582184,
        "9": 0.418870747089386
    },
    "64": {
        "0": 0.4515775740146637,
        "1": 0.4454801082611084,
        "2": 0.4394955039024353,
        "3": 0.4378757178783417,
        "4": 0.43366387486457825,
        "5": 0.4332248866558075,
        "6": 0.4272945523262024,
        "7": 0.42507773637771606,
        "8": 0.42375221848487854,
        "9": 0.4226827323436737
    },
    "80": {
        "0": 0.4415666460990906,
        "1": 0.43759262561798096,
        "2": 0.434993714094162,
        "3": 0.4342040717601776,
        "4": 0.4333885908126831,
        "5": 0.431466668844223,
        "6": 0.4266497492790222,
        "7": 0.4256775677204132,
        "8": 0.42526954412460327,
        "9": 0.4248550236225128
    },
    "96": {
        "0": 0.436916708946228,
        "1": 0.4357944130897522,
        "2": 0.43511244654655457,
        "3": 0.43096086382865906,
        "4": 0.42995429039001465,
        "5": 0.4290236532688141,
        "6": 0.4240390956401825,
        "7": 0.4225413501262665,
        "8": 0.4202499985694885,
        "9": 0.4199942946434021
    },
    "112": {
        "0": 0.44105324149131775,
        "1": 0.43732133507728577,
        "2": 0.43574288487434387,
        "3": 0.4350811541080475,
        "4": 0.43032145500183105,
        "5": 0.4269161820411682,
        "6": 0.42348822951316833,
        "7": 0.42298024892807007,
        "8": 0.42231863737106323,
        "9": 0.421835333108902
    },
    "128": {
        "0": 0.406995564699173,
        "1": 0.3980964124202728,
        "2": 0.39787447452545166,
        "3": 0.3956223428249359,
        "4": 0.39539751410484314,
        "5": 0.39441990852355957,
        "6": 0.39135080575942993,
        "7": 0.39035171270370483,
        "8": 0.38931307196617126,
        "9": 0.3855645954608917
    },
    "144": {
        "0": 0.44021177291870117,
        "1": 0.4318375587463379,
        "2": 0.43141883611679077,
        "3": 0.4254358112812042,
        "4": 0.4207970201969147,
        "5": 0.41764870285987854,
        "6": 0.41423285007476807,
        "7": 0.413302481174469,
        "8": 0.4058290719985962,
        "9": 0.4035763740539551
    },
    "160": {
        "0": 0.43924346566200256,
        "1": 0.43723610043525696,
        "2": 0.43699541687965393,
        "3": 0.4262855648994446,
        "4": 0.42583581805229187,
        "5": 0.4257161021232605,
        "6": 0.4238937497138977,
        "7": 0.42260971665382385,
        "8": 0.42145970463752747,
        "9": 0.42086514830589294
    },
    "176": {
        "0": 0.45448917150497437,
        "1": 0.4445551335811615,
        "2": 0.443488210439682,
        "3": 0.4417036771774292,
        "4": 0.4412413239479065,
        "5": 0.4400797486305237,
        "6": 0.43740981817245483,
        "7": 0.4356812834739685,
        "8": 0.43163105845451355,
        "9": 0.43026888370513916
    },
    "192": {
        "0": 0.4104292094707489,
        "1": 0.40476343035697937,
        "2": 0.40151721239089966,
        "3": 0.3939206302165985,
        "4": 0.39271557331085205,
        "5": 0.3910849392414093,
        "6": 0.38903260231018066,
        "7": 0.38860902190208435,
        "8": 0.3871879577636719,
        "9": 0.3855074346065521
    },
    "208": {
        "0": 0.40525004267692566,
        "1": 0.3968674838542938,
        "2": 0.3917137682437897,
        "3": 0.3914567828178406,
        "4": 0.3867311179637909,
        "5": 0.38596266508102417,
        "6": 0.38272392749786377,
        "7": 0.3807980418205261,
        "8": 0.37930190563201904,
        "9": 0.3765046298503876
    },
    "224": {
        "0": 0.39208710193634033,
        "1": 0.37774622440338135,
        "2": 0.3753731846809387,
        "3": 0.3709615468978882,
        "4": 0.3678717613220215,
        "5": 0.3669026494026184,
        "6": 0.36159881949424744,
        "7": 0.3615127503871918,
        "8": 0.3591461181640625,
        "9": 0.35772860050201416
    },
    "240": {
        "0": 0.41089704632759094,
        "1": 0.40882033109664917,
        "2": 0.4056846797466278,
        "3": 0.38269320130348206,
        "4": 0.375796377658844,
        "5": 0.37543514370918274,
        "6": 0.3753821849822998,
        "7": 0.3753402531147003,
        "8": 0.3738998770713806,
        "9": 0.37041175365448
    },
    "256": {
        "0": 0.39767539501190186,
        "1": 0.3975383937358856,
        "2": 0.3917660713195801,
        "3": 0.3750661611557007,
        "4": 0.3749222457408905,
        "5": 0.37333402037620544,
        "6": 0.3729092478752136,
        "7": 0.3716232478618622,
        "8": 0.37115442752838135,
        "9": 0.3702987730503082
    },
    "272": {
        "0": 0.398431658744812,
        "1": 0.3902810215950012,
        "2": 0.36932122707366943,
        "3": 0.35923686623573303,
        "4": 0.3485875129699707,
        "5": 0.344193696975708,
        "6": 0.3421124219894409,
        "7": 0.3330745995044708,
        "8": 0.3309745490550995,
        "9": 0.3294830024242401
    },
    "288": {
        "0": 0.4098019301891327,
        "1": 0.4074123799800873,
        "2": 0.40555891394615173,
        "3": 0.40005311369895935,
        "4": 0.39433950185775757,
        "5": 0.3887385129928589,
        "6": 0.38867905735969543,
        "7": 0.3855510354042053,
        "8": 0.38497307896614075,
        "9": 0.3830190896987915
    },
    "304": {
        "0": 0.42666304111480713,
        "1": 0.4127182364463806,
        "2": 0.41111990809440613,
        "3": 0.4079686999320984,
        "4": 0.39816275238990784,
        "5": 0.39645183086395264,
        "6": 0.39237016439437866,
        "7": 0.39096593856811523,
        "8": 0.38091132044792175,
        "9": 0.37851423025131226
    },
    "320": {
        "0": 0.4117320477962494,
        "1": 0.4008004665374756,
        "2": 0.39425215125083923,
        "3": 0.3910443186759949,
        "4": 0.3888469636440277,
        "5": 0.38346731662750244,
        "6": 0.3800106644630432,
        "7": 0.3764093816280365,
        "8": 0.37304815649986267,
        "9": 0.3704551160335541
    },
    "336": {
        "0": 0.39588430523872375,
        "1": 0.3807965815067291,
        "2": 0.3748648464679718,
        "3": 0.3740481734275818,
        "4": 0.3713131844997406,
        "5": 0.36992520093917847,
        "6": 0.3678455650806427,
        "7": 0.36716729402542114,
        "8": 0.3585297763347626,
        "9": 0.3581621050834656
    },
    "352": {
        "0": 0.40171101689338684,
        "1": 0.3946303725242615,
        "2": 0.3926907777786255,
        "3": 0.3861645460128784,
        "4": 0.38239872455596924,
        "5": 0.3800424635410309,
        "6": 0.37497347593307495,