{
    "0": {
        "0": 0.4314301013946533,
        "1": 0.405503511428833,
        "2": 0.3970657289028168,
        "3": 0.3958858549594879,
        "4": 0.39292609691619873,
        "5": 0.392058402299881,
        "6": 0.39102834463119507,
        "7": 0.3909374475479126,
        "8": 0.39006468653678894,
        "9": 0.3899907171726227
    },
    "16": {
        "0": 0.42930474877357483,
        "1": 0.4261946976184845,
        "2": 0.42367130517959595,
        "3": 0.4234318137168884,
        "4": 0.4234102666378021,
        "5": 0.4196717441082001,
        "6": 0.4162742793560028,
        "7": 0.41605883836746216,
        "8": 0.4138040244579315,
        "9": 0.41120466589927673
    },
    "32": {
        "0": 0.4353112578392029,
        "1": 0.43018007278442383,
        "2": 0.42984381318092346,
        "3": 0.42346251010894775,
        "4": 0.42168673872947693,
        "5": 0.4216389060020447,
        "6": 0.42124661803245544,
        "7": 0.42106935381889343,
        "8": 0.41745659708976746,
        "9": 0.41663211584091187
    },
    "48": {
        "0": 0.4231385588645935,
        "1": 0.39658135175704956,
        "2": 0.38660305738449097,
        "3": 0.3859734833240509,
        "4": 0.3837157189846039,
        "5": 0.3824026584625244,
        "6": 0.3813300132751465,
        "7": 0.3797813355922699,
        "8": 0.37846139073371887,
        "9": 0.3783794045448303
    },
    "64": {
        "0": 0.419649213552475,
        "1": 0.39166608452796936,
        "2": 0.38492992520332336,
        "3": 0.3843942880630493,
        "4": 0.3799993395805359,
        "5": 0.37942931056022644,
        "6": 0.3779454231262207,
        "7": 0.3774453103542328,
        "8": 0.37725210189819336,
        "9": 0.3771924674510956
    },
    "80": {
        "0": 0.41182488203048706,
        "1": 0.3860277533531189,
        "2": 0.3817608952522278,
        "3": 0.38077452778816223,
        "4": 0.3766942024230957,
        "5": 0.37631064653396606,
        "6": 0.37617626786231995,
        "7": 0.3751527667045593,
        "8": 0.3742642104625702,
        "9": 0.37406420707702637
    },
    "96": {
        "0": 0.4186681807041168,
        "1": 0.3895176947116852,
        "2": 0.3785257935523987,
        "3": 0.3766072988510132,
        "4": 0.376369446516037,
        "5": 0.37325575947761536,
        "6": 0.3725077509880066,
        "7": 0.3722407817840576,
        "8": 0.37097373604774475,
        "9": 0.36952871084213257
    },
    "112": {
        "0": 0.4125320315361023,
        "1": 0.38201043009757996,
        "2": 0.3716413080692291,
        "3": 0.36903661489486694,
        "4": 0.3681151270866394,
        "5": 0.36743664741516113,
        "6": 0.3664633631706238,
        "7": 0.3637644052505493,
        "8": 0.3626977205276489,
        "9": 0.36163729429244995
    },
    "128": {
        "0": 0.4368124306201935,
        "1": 0.4089549481868744,
        "2": 0.39691340923309326,
        "3": 0.394578218460083,
        "4": 0.3945437967777252,
        "5": 0.39401572942733765,
        "6": 0.3935891091823578,
        "7": 0.39293622970581055,
        "8": 0.39200568199157715,
        "9": 0.3899793028831482
    },
    "144": {
        "0": 0.4280112683773041,
        "1": 0.4050333797931671,
        "2": 0.39730104804039,
        "3": 0.3936169445514679,
        "4": 0.39002615213394165,
        "5": 0.3892538249492645,
        "6": 0.38855141401290894,
        "7": 0.38847076892852783,
        "8": 0.3883686065673828,
        "9": 0.3838561773300171
    },
    "160": {
        "0": 0.40492135286331177,
        "1": 0.37429577112197876,
        "2": 0.3652994632720947,
        "3": 0.3633171617984772,
        "4": 0.3618272840976715,
        "5": 0.3614758551120758,
        "6": 0.3612176179885864,
        "7": 0.3585152328014374,
        "8": 0.3584269881248474,
        "9": 0.35805580019950867
    },
    "176": {
        "0": 0.4247724413871765,
        "1": 0.39323917031288147,
        "2": 0.3813563585281372,
        "3": 0.37917160987854004,
        "4": 0.3779241740703583,
        "5": 0.37625640630722046,
        "6": 0.375573992729187,
        "7": 0.3747355043888092,
        "8": 0.37362727522850037,
        "9": 0.3690609931945801
    },
    "192": {
        "0": 0.4249016046524048,
        "1": 0.39093488454818726,
        "2": 0.3805341124534607,
        "3": 0.37689855694770813,
        "4": 0.37466078996658325,
        "5": 0.3745296895503998,
        "6": 0.37124016880989075,
        "7": 0.3710935711860657,
        "8": 0.3704044222831726,
        "9": 0.36801573634147644
    },
    "208": {
        "0": 0.42997443675994873,
        "1": 0.40239226818084717,
        "2": 0.38851094245910645,
        "3": 0.386504203081131,
        "4": 0.38605114817619324,
        "5": 0.38554131984710693,
        "6": 0.3850800395011902,
        "7": 0.38108572363853455,
        "8": 0.3809574842453003,
        "9": 0.3772389590740204
    },
    "224": {
        "0": 0.4271099269390106,
        "1": 0.398820698261261,
        "2": 0.38736778497695923,
        "3": 0.3870399594306946,
        "4": 0.38666707277297974,
        "5": 0.38296034932136536,
        "6": 0.38268205523490906,
        "7": 0.3815334141254425,
        "8": 0.3815325200557709,
        "9": 0.37938132882118225
    },
    "240": {
        "0": 0.42839956283569336,
        "1": 0.3998485803604126,
        "2": 0.3939339518547058,
        "3": 0.3926316797733307,
        "4": 0.389039009809494,
        "5": 0.388263463973999,
        "6": 0.3878662884235382,
        "7": 0.3865256607532501,
        "8": 0.3854992091655731,
        "9": 0.3850335478782654
    },
    "256": {
        "0": 0.44515353441238403,
        "1": 0.4429440498352051,
        "2": 0.44165050983428955,
        "3": 0.44140172004699707,
        "4": 0.44054144620895386,
        "5": 0.4371122121810913,
        "6": 0.434808611869812,
        "7": 0.43374499678611755,
        "8": 0.43212518095970154,
        "9": 0.4305645227432251
    },
    "272": {
        "0": 0.4541081488132477,
        "1": 0.45262759923934937,
        "2": 0.45028266310691833,
        "3": 0.44425007700920105,
        "4": 0.4428107440471649,
        "5": 0.44223013520240784,
        "6": 0.44026145339012146,
        "7": 0.43953490257263184,
        "8": 0.43868523836135864,
        "9": 0.43718037009239197
    },
    "288": {
        "0": 0.43425530195236206,
        "1": 0.4086533188819885,
        "2": 0.4033474326133728,
        "3": 0.40288838744163513,
        "4": 0.3984222412109375,
        "5": 0.3980642557144165,
        "6": 0.39722615480422974,
        "7": 0.3962351083755493,
        "8": 0.3960527181625366,
        "9": 0.39590832591056824
    },
    "304": {
        "0": 0.4245995879173279,
        "1": 0.39723455905914307,
        "2": 0.38708141446113586,
        "3": 0.3868991732597351,
        "4": 0.38411539793014526,
        "5": 0.3820953667163849,
        "6": 0.3813273012638092,
        "7": 0.3810839354991913,
        "8": 0.37943872809410095,
        "9": 0.37908536195755005
    },
    "320": {
        "0": 0.4206543266773224,
        "1": 0.39503952860832214,
        "2": 0.3881741762161255,
        "3": 0.38756000995635986,
        "4": 0.3845231235027313,
        "5": 0.3824775815010071,
        "6": 0.38177263736724854,
        "7": 0.3816397488117218,
        "8": 0.3816157877445221,
        "9": 0.38036617636680603
    },
    "336": {
        "0": 0.40933263301849365,
        "1": 0.38208332657814026,
        "2": 0.3716115355491638,
        "3": 0.37035441398620605,
        "4": 0.368595689535141,
        "5": 0.36722639203071594,
        "6": 0.3658934533596039,
        "7": 0.36478522419929504,
        "8": 0.36423948407173157,
        "9": 0.36334118247032166
    },
    "352": {
        "0": 0.4110698103904724,
        "1": 0.3805686831474304,
        "2": 0.3716224730014801,
        "3": 0.36707937717437744,
        "4": 0.36502203345298767,
        "5": 0.3643237352371216,