{
    "0": {
        "0": 0.33473655581474304,
        "1": 0.33158132433891296,
        "2": 0.33152642846107483,
        "3": 0.32712721824645996,
        "4": 0.32566767930984497,
        "5": 0.3234671950340271,
        "6": 0.32328805327415466,
        "7": 0.3229280412197113,
        "8": 0.3225686550140381,
        "9": 0.32204073667526245
    },
    "16": {
        "0": 0.36260318756103516,
        "1": 0.3620687425136566,
        "2": 0.3590702414512634,
        "3": 0.35222092270851135,
        "4": 0.3511695861816406,
        "5": 0.35067328810691833,
        "6": 0.3489598035812378,
        "7": 0.34855398535728455,
        "8": 0.34442612528800964,
        "9": 0.3426671028137207
    },
    "32": {
        "0": 0.36583632230758667,
        "1": 0.36438512802124023,
        "2": 0.3609916865825653,
        "3": 0.35466718673706055,
        "4": 0.35336875915527344,
        "5": 0.3513038158416748,
        "6": 0.3507031500339508,
        "7": 0.35039040446281433,
        "8": 0.345035195350647,
        "9": 0.34316253662109375
    },
    "48": {
        "0": 0.3689221739768982,
        "1": 0.3665725886821747,
        "2": 0.36505329608917236,
        "3": 0.3582647740840912,
        "4": 0.3575766384601593,
        "5": 0.3545888662338257,
        "6": 0.35456809401512146,
        "7": 0.35416179895401,
        "8": 0.3490988612174988,
        "9": 0.3465559780597687
    },
    "64": {
        "0": 0.3669690191745758,
        "1": 0.36488091945648193,
        "2": 0.36456921696662903,
        "3": 0.35610049962997437,
        "4": 0.355719655752182,
        "5": 0.3542204797267914,
        "6": 0.35269904136657715,
        "7": 0.3513874113559723,
        "8": 0.3479166626930237,
        "9": 0.3457702100276947
    },
    "80": {
        "0": 0.3692910075187683,
        "1": 0.365671306848526,
        "2": 0.3648557960987091,
        "3": 0.35801970958709717,
        "4": 0.35671570897102356,
        "5": 0.3543303608894348,
        "6": 0.3534086048603058,
        "7": 0.35267359018325806,
        "8": 0.3485182821750641,
        "9": 0.34696266055107117
    },
    "96": {
        "0": 0.3659018874168396,
        "1": 0.36456558108329773,
        "2": 0.36262038350105286,
        "3": 0.355349063873291,
        "4": 0.3531609773635864,
        "5": 0.35214072465896606,
        "6": 0.35142260789871216,
        "7": 0.3505157232284546,
        "8": 0.3459528088569641,
        "9": 0.34501683712005615
    },
    "112": {
        "0": 0.3680175840854645,
        "1": 0.3664425313472748,
        "2": 0.36433929204940796,
        "3": 0.35678985714912415,
        "4": 0.354317307472229,
        "5": 0.35329341888427734,
        "6": 0.35291340947151184,
        "7": 0.3522234261035919,
        "8": 0.3474614918231964,
        "9": 0.34563055634498596
    },
    "128": {
        "0": 0.3642563819885254,
        "1": 0.36234208941459656,
        "2": 0.36034834384918213,
        "3": 0.35340026021003723,
        "4": 0.3526303470134735,
        "5": 0.35097071528434753,
        "6": 0.3489786684513092,
        "7": 0.3486817479133606,
        "8": 0.3460983335971832,
        "9": 0.34359240531921387
    },
    "144": {
        "0": 0.36444228887557983,
        "1": 0.3627966344356537,
        "2": 0.36241763830184937,
        "3": 0.35428890585899353,
        "4": 0.35182052850723267,
        "5": 0.3515928089618683,
        "6": 0.3506741523742676,
        "7": 0.3501459062099457,
        "8": 0.34673967957496643,
        "9": 0.3444119989871979
    },
    "160": {
        "0": 0.35816076397895813,
        "1": 0.3551841378211975,
        "2": 0.35315248370170593,
        "3": 0.3476623296737671,
        "4": 0.3470448851585388,
        "5": 0.34569576382637024,
        "6": 0.34553247690200806,
        "7": 0.34469759464263916,
        "8": 0.3433462083339691,
        "9": 0.3425939083099365
    },
    "176": {
        "0": 0.35378992557525635,
        "1": 0.3520747721195221,
        "2": 0.351352334022522,
        "3": 0.3446854054927826,
        "4": 0.3431200087070465,
        "5": 0.3420073986053467,
        "6": 0.3417184352874756,
        "7": 0.3388010561466217,
        "8": 0.33847716450691223,
        "9": 0.3381550908088684
    },
    "192": {
        "0": 0.3554275333881378,
        "1": 0.3551480770111084,
        "2": 0.3485985994338989,
        "3": 0.34604528546333313,
        "4": 0.3446410000324249,
        "5": 0.34339475631713867,
        "6": 0.3416346609592438,
        "7": 0.34066036343574524,
        "8": 0.33986833691596985,
        "9": 0.339041531085968
    },
    "208": {
        "0": 0.3526913523674011,
        "1": 0.3508453369140625,
        "2": 0.3467300236225128,
        "3": 0.34433048963546753,
        "4": 0.3408893644809723,
        "5": 0.34031835198402405,
        "6": 0.339409202337265,
        "7": 0.3376361131668091,
        "8": 0.33715033531188965,
        "9": 0.33610135316848755
    },
    "224": {
        "0": 0.3427009582519531,
        "1": 0.34107011556625366,
        "2": 0.33534717559814453,
        "3": 0.3348313868045807,
        "4": 0.3320328891277313,
        "5": 0.33185550570487976,
        "6": 0.3306874632835388,
        "7": 0.3304235339164734,
        "8": 0.3298744857311249,
        "9": 0.3289594054222107
    },
    "240": {
        "0": 0.3496211767196655,
        "1": 0.3480282127857208,
        "2": 0.34125038981437683,
        "3": 0.34080231189727783,
        "4": 0.3402118682861328,
        "5": 0.33594536781311035,
        "6": 0.3344604969024658,
        "7": 0.3340210020542145,
        "8": 0.3335764408111572,
        "9": 0.333222895860672
    },
    "256": {
        "0": 0.3665812611579895,
        "1": 0.3652305006980896,
        "2": 0.3542351722717285,
        "3": 0.3535337448120117,
        "4": 0.34733808040618896,
        "5": 0.33941176533699036,
        "6": 0.33865678310394287,
        "7": 0.33437082171440125,
        "8": 0.3339339792728424,
        "9": 0.3337593972682953
    },
    "272": {
        "0": 0.3755982220172882,
        "1": 0.37525391578674316,
        "2": 0.36280006170272827,
        "3": 0.35980793833732605,
        "4": 0.354340523481369,
        "5": 0.35137122869491577,
        "6": 0.3493892550468445,
        "7": 0.34644249081611633,
        "8": 0.3451620042324066,
        "9": 0.3439514636993408
    },
    "288": {
        "0": 0.38374221324920654,
        "1": 0.3802042603492737,
        "2": 0.3719632923603058,
        "3": 0.3619271516799927,
        "4": 0.36123907566070557,
        "5": 0.3570580780506134,
        "6": 0.35482773184776306,
        "7": 0.3540094792842865,
        "8": 0.35118281841278076,
        "9": 0.3502558469772339
    },
    "304": {
        "0": 0.3662587106227875,
        "1": 0.36613956093788147,
        "2": 0.3620530664920807,
        "3": 0.3526322841644287,
        "4": 0.3448512554168701,
        "5": 0.3413025438785553,
        "6": 0.34010788798332214,
        "7": 0.33799290657043457,
        "8": 0.33728402853012085,
        "9": 0.3359079957008362
    },
    "320": {
        "0": 0.37750333547592163,
        "1": 0.37723907828330994,
        "2": 0.368001788854599,
        "3": 0.36111706495285034,
        "4": 0.360302209854126,
        "5": 0.35269296169281006,
        "6": 0.3519517183303833,
        "7": 0.3507004380226135,
        "8": 0.3497569262981415,
        "9": 0.3491682708263397
    },
    "336": {
        "0": 0.3802219331264496,
        "1": 0.37854307889938354,
        "2": 0.37142109870910645,
        "3": 0.36236903071403503,
        "4": 0.36134621500968933,
        "5": 0.3558084964752197,
        "6": 0.3539383113384247,
        "7": 0.3537715971469879,
        "8": 0.3516382575035095,
        "9": 0.35142436623573303
    },
    "352": {
        "0": 0.37538501620292664,
        "1": 0.3673626184463501,
        "2": 0.3614138662815094,
        "3": 0.357755184173584,
        "4": 0.3549283742904663,
        "5": 0.3454599380493164,
        "6": 0.34419000148773193,