{
    "0": {
        "0": 0.38480639457702637,
        "1": 0.3828556537628174,
        "2": 0.3764362633228302,
        "3": 0.3719346523284912,
        "4": 0.3691238760948181,
        "5": 0.3679283857345581,
        "6": 0.3651427626609802,
        "7": 0.35959479212760925,
        "8": 0.35909032821655273,
        "9": 0.3506399691104889
    },
    "16": {
        "0": 0.387237012386322,
        "1": 0.38555389642715454,
        "2": 0.38011184334754944,
        "3": 0.37450528144836426,
        "4": 0.37291550636291504,
        "5": 0.37110310792922974,
        "6": 0.3675985038280487,
        "7": 0.36205804347991943,
        "8": 0.3619627058506012,
        "9": 0.35376378893852234
    },
    "32": {
        "0": 0.3847748637199402,
        "1": 0.38189077377319336,
        "2": 0.3761715888977051,
        "3": 0.3719300627708435,
        "4": 0.3681594133377075,
        "5": 0.36811667680740356,
        "6": 0.3643946349620819,
        "7": 0.36227095127105713,
        "8": 0.3603097200393677,
        "9": 0.3515051603317261
    },
    "48": {
        "0": 0.38775068521499634,
        "1": 0.3875286281108856,
        "2": 0.38243159651756287,
        "3": 0.375214546918869,
        "4": 0.3742021322250366,
        "5": 0.3729821741580963,
        "6": 0.37064632773399353,
        "7": 0.3655354082584381,
        "8": 0.36465510725975037,
        "9": 0.35731539130210876
    },
    "64": {
        "0": 0.38571199774742126,
        "1": 0.38322392106056213,
        "2": 0.3778614401817322,
        "3": 0.37242990732192993,
        "4": 0.37071844935417175,
        "5": 0.3688596189022064,
        "6": 0.36624428629875183,
        "7": 0.36197763681411743,
        "8": 0.3615806996822357,
        "9": 0.35084816813468933
    },
    "80": {
        "0": 0.3909882605075836,
        "1": 0.38735097646713257,
        "2": 0.38120758533477783,
        "3": 0.37746644020080566,
        "4": 0.3743744194507599,
        "5": 0.37262776494026184,
        "6": 0.36965706944465637,
        "7": 0.36621329188346863,
        "8": 0.36475273966789246,
        "9": 0.3555316925048828
    },
    "96": {
        "0": 0.3903566896915436,
        "1": 0.38585254549980164,
        "2": 0.38083499670028687,
        "3": 0.37826961278915405,
        "4": 0.3743516802787781,
        "5": 0.3731822669506073,
        "6": 0.3715047836303711,
        "7": 0.36623093485832214,
        "8": 0.3657347559928894,
        "9": 0.35840436816215515
    },
    "112": {
        "0": 0.3887803256511688,
        "1": 0.38453274965286255,
        "2": 0.3793947398662567,
        "3": 0.37563303112983704,
        "4": 0.372756689786911,
        "5": 0.3713338077068329,
        "6": 0.3684966564178467,
        "7": 0.3639404773712158,
        "8": 0.363468736410141,
        "9": 0.3538331687450409
    },
    "128": {
        "0": 0.3877371549606323,
        "1": 0.3820178508758545,
        "2": 0.3797271251678467,
        "3": 0.3750528395175934,
        "4": 0.37289959192276,
        "5": 0.3656769394874573,
        "6": 0.3640737533569336,
        "7": 0.3639252781867981,
        "8": 0.3610413670539856,
        "9": 0.35137373208999634
    },
    "144": {
        "0": 0.38501739501953125,
        "1": 0.3832298517227173,
        "2": 0.3808470070362091,
        "3": 0.3732815384864807,
        "4": 0.36977922916412354,
        "5": 0.36360910534858704,
        "6": 0.3631754517555237,
        "7": 0.359844833612442,
        "8": 0.3590903580188751,
        "9": 0.3499469459056854
    },
    "160": {
        "0": 0.39007896184921265,
        "1": 0.3887863755226135,
        "2": 0.38586345314979553,
        "3": 0.37929654121398926,
        "4": 0.3750494718551636,
        "5": 0.3702179789543152,
        "6": 0.36898359656333923,
        "7": 0.3647599518299103,
        "8": 0.3642345666885376,
        "9": 0.3549171984195709
    },
    "176": {
        "0": 0.3874862492084503,
        "1": 0.387106716632843,
        "2": 0.38110223412513733,
        "3": 0.3745433986186981,
        "4": 0.37260517477989197,
        "5": 0.365527480840683,
        "6": 0.36496418714523315,
        "7": 0.36089879274368286,
        "8": 0.35962727665901184,
        "9": 0.3493456542491913
    },
    "192": {
        "0": 0.3824062645435333,
        "1": 0.3814872205257416,
        "2": 0.37755540013313293,
        "3": 0.36917629837989807,
        "4": 0.3644862473011017,
        "5": 0.3641262948513031,
        "6": 0.3605633080005646,
        "7": 0.3551560342311859,
        "8": 0.35450252890586853,
        "9": 0.34533658623695374
    },
    "208": {
        "0": 0.3944815397262573,
        "1": 0.3911663591861725,
        "2": 0.3873615860939026,
        "3": 0.3801156282424927,
        "4": 0.37776753306388855,
        "5": 0.3682134449481964,
        "6": 0.36672502756118774,
        "7": 0.3652035593986511,
        "8": 0.36428555846214294,
        "9": 0.35413214564323425
    },
    "224": {
        "0": 0.38944804668426514,
        "1": 0.38801541924476624,
        "2": 0.3843159079551697,
        "3": 0.37710803747177124,
        "4": 0.37357935309410095,
        "5": 0.3685038983821869,
        "6": 0.3666282296180725,
        "7": 0.361930787563324,
        "8": 0.36172375082969666,
        "9": 0.35050123929977417
    },
    "240": {
        "0": 0.3898533284664154,
        "1": 0.3894924819469452,
        "2": 0.3856547474861145,
        "3": 0.3781130909919739,
        "4": 0.3752906024456024,
        "5": 0.3728422224521637,
        "6": 0.3699251413345337,
        "7": 0.3638640344142914,
        "8": 0.3630361557006836,
        "9": 0.354165643453598
    },
    "256": {
        "0": 0.3904467821121216,
        "1": 0.3896245062351227,
        "2": 0.3852347433567047,
        "3": 0.3768826723098755,
        "4": 0.3754587769508362,
        "5": 0.3710363805294037,
        "6": 0.36675742268562317,
        "7": 0.3636714518070221,
        "8": 0.3625297546386719,
        "9": 0.3530445694923401
    },
    "272": {
        "0": 0.3890954256057739,
        "1": 0.38497963547706604,
        "2": 0.38086169958114624,
        "3": 0.37322211265563965,
        "4": 0.3690045475959778,
        "5": 0.3678242266178131,
        "6": 0.36327406764030457,
        "7": 0.357697069644928,
        "8": 0.35607361793518066,
        "9": 0.3484562635421753
    },
    "288": {
        "0": 0.38839977979660034,
        "1": 0.3852669894695282,
        "2": 0.38259369134902954,
        "3": 0.37456509470939636,
        "4": 0.3704869747161865,
        "5": 0.3683147430419922,
        "6": 0.3676500916481018,
        "7": 0.36109453439712524,
        "8": 0.36001279950141907,
        "9": 0.3504691421985626
    },
    "304": {
        "0": 0.3877699375152588,
        "1": 0.3838537335395813,
        "2": 0.38194334506988525,
        "3": 0.3723894953727722,
        "4": 0.3680107891559601,
        "5": 0.36709198355674744,
        "6": 0.3631293773651123,
        "7": 0.3607345223426819,
        "8": 0.3582428991794586,
        "9": 0.3478531837463379
    },
    "320": {
        "0": 0.38488447666168213,
        "1": 0.38087204098701477,
        "2": 0.37767285108566284,
        "3": 0.36897334456443787,
        "4": 0.36597487330436707,
        "5": 0.3641906976699829,
        "6": 0.36137911677360535,
        "7": 0.35541942715644836,
        "8": 0.35408005118370056,
        "9": 0.34845009446144104
    },
    "336": {
        "0": 0.39268970489501953,
        "1": 0.3903310298919678,
        "2": 0.38621264696121216,
        "3": 0.3776366412639618,
        "4": 0.37658366560935974,
        "5": 0.3699623942375183,
        "6": 0.36790937185287476,
        "7": 0.3630037009716034,
        "8": 0.36192116141319275,
        "9": 0.35417383909225464
    },
    "352": {
        "0": 0.4012107849121094,
        "1": 0.3927077054977417,
        "2": 0.3891283869743347,
        "3": 0.38313156366348267,
        "4": 0.38299164175987244,
        "5": 0.38186556100845337,