{
    "0": {
        "0": 0.38058364391326904,
        "1": 0.3656631112098694,
        "2": 0.36314883828163147,
        "3": 0.35836318135261536,
        "4": 0.3490404784679413,
        "5": 0.34824398159980774,
        "6": 0.345711886882782,
        "7": 0.34362977743148804,
        "8": 0.34120598435401917,
        "9": 0.3395844101905823
    },
    "16": {
        "0": 0.38022381067276,
        "1": 0.3648136258125305,
        "2": 0.3593379259109497,
        "3": 0.35811692476272583,
        "4": 0.3453061580657959,
        "5": 0.34380602836608887,
        "6": 0.3419747054576874,
        "7": 0.3419446051120758,
        "8": 0.3384445607662201,
        "9": 0.3382227122783661
    },
    "32": {
        "0": 0.38123035430908203,
        "1": 0.3705241084098816,
        "2": 0.364553838968277,
        "3": 0.3547106981277466,
        "4": 0.3518105447292328,
        "5": 0.3456198275089264,
        "6": 0.34232598543167114,
        "7": 0.3373258709907532,
        "8": 0.3360637426376343,
        "9": 0.3356174826622009
    },
    "48": {
        "0": 0.3848458230495453,
        "1": 0.3700277805328369,
        "2": 0.36451026797294617,
        "3": 0.35935068130493164,
        "4": 0.3579249382019043,
        "5": 0.3571740388870239,
        "6": 0.35455822944641113,
        "7": 0.3454023599624634,
        "8": 0.3430628478527069,
        "9": 0.3429736793041229
    },
    "64": {
        "0": 0.3917677104473114,
        "1": 0.3821275532245636,
        "2": 0.3808552026748657,
        "3": 0.38065409660339355,
        "4": 0.37275639176368713,
        "5": 0.37233224511146545,
        "6": 0.3714058995246887,
        "7": 0.3706555664539337,
        "8": 0.3701978921890259,
        "9": 0.3678758442401886
    },
    "80": {
        "0": 0.40385493636131287,
        "1": 0.39105576276779175,
        "2": 0.3887179493904114,
        "3": 0.3883703351020813,
        "4": 0.38542261719703674,
        "5": 0.38498055934906006,
        "6": 0.3832238018512726,
        "7": 0.3818972706794739,
        "8": 0.38122743368148804,
        "9": 0.38091811537742615
    },
    "96": {
        "0": 0.3824429214000702,
        "1": 0.375488817691803,
        "2": 0.36800166964530945,
        "3": 0.36178359389305115,
        "4": 0.3598707914352417,
        "5": 0.35866308212280273,
        "6": 0.35690006613731384,
        "7": 0.3540693521499634,
        "8": 0.35387080907821655,
        "9": 0.3532951772212982
    },
    "112": {
        "0": 0.39069226384162903,
        "1": 0.37479403614997864,
        "2": 0.36957231163978577,
        "3": 0.3640170097351074,
        "4": 0.36276817321777344,
        "5": 0.3621816039085388,
        "6": 0.3607996106147766,
        "7": 0.35977497696876526,
        "8": 0.3561420738697052,
        "9": 0.3541998863220215
    },
    "128": {
        "0": 0.3865226209163666,
        "1": 0.37199336290359497,
        "2": 0.36152002215385437,
        "3": 0.3591034412384033,
        "4": 0.35585978627204895,
        "5": 0.34852173924446106,
        "6": 0.3479476869106293,
        "7": 0.3472447097301483,
        "8": 0.3464195430278778,
        "9": 0.3451058864593506
    },
    "144": {
        "0": 0.38020169734954834,
        "1": 0.35926541686058044,
        "2": 0.35895881056785583,
        "3": 0.3569771349430084,
        "4": 0.35308197140693665,
        "5": 0.352011501789093,
        "6": 0.349424809217453,
        "7": 0.34381332993507385,
        "8": 0.3427135646343231,
        "9": 0.34133782982826233
    },
    "160": {
        "0": 0.40340423583984375,
        "1": 0.38353797793388367,
        "2": 0.37802016735076904,
        "3": 0.3719719350337982,
        "4": 0.3679097294807434,
        "5": 0.3646868169307709,
        "6": 0.36194872856140137,
        "7": 0.3582036793231964,
        "8": 0.3573925197124481,
        "9": 0.3559578061103821
    },
    "176": {
        "0": 0.39891764521598816,
        "1": 0.38058173656463623,
        "2": 0.37358924746513367,
        "3": 0.3684362769126892,
        "4": 0.3637998700141907,
        "5": 0.3633135259151459,
        "6": 0.3615926504135132,
        "7": 0.3563530445098877,
        "8": 0.3558923602104187,
        "9": 0.3557242751121521
    },
    "192": {
        "0": 0.39406752586364746,
        "1": 0.37905776500701904,
        "2": 0.3770217001438141,
        "3": 0.3687172532081604,
        "4": 0.3664093017578125,
        "5": 0.36375609040260315,
        "6": 0.3634718954563141,
        "7": 0.36270126700401306,
        "8": 0.3565208315849304,
        "9": 0.3558257520198822
    },
    "208": {
        "0": 0.41131919622421265,
        "1": 0.38949137926101685,
        "2": 0.38718029856681824,
        "3": 0.3755100667476654,
        "4": 0.37403103709220886,
        "5": 0.3725922405719757,
        "6": 0.3723992109298706,
        "7": 0.3703790009021759,
        "8": 0.37023505568504333,
        "9": 0.3698700964450836
    },
    "224": {
        "0": 0.40912869572639465,
        "1": 0.391822874546051,
        "2": 0.38274672627449036,
        "3": 0.37396687269210815,
        "4": 0.3731614053249359,
        "5": 0.37189704179763794,
        "6": 0.3710802495479584,
        "7": 0.3686234652996063,
        "8": 0.36196020245552063,
        "9": 0.36117666959762573
    },
    "240": {
        "0": 0.39005112648010254,
        "1": 0.35706883668899536,
        "2": 0.35004135966300964,
        "3": 0.3498113453388214,
        "4": 0.34604930877685547,
        "5": 0.3443792760372162,
        "6": 0.344151109457016,
        "7": 0.3394618630409241,
        "8": 0.33492210507392883,
        "9": 0.3344424366950989
    },
    "256": {
        "0": 0.39593908190727234,
        "1": 0.38268595933914185,
        "2": 0.3677729368209839,
        "3": 0.3578517436981201,
        "4": 0.3570166528224945,
        "5": 0.35346564650535583,
        "6": 0.3502679467201233,
        "7": 0.3500995337963104,
        "8": 0.34576037526130676,
        "9": 0.3446466028690338
    },
    "272": {
        "0": 0.37976783514022827,
        "1": 0.3479171395301819,
        "2": 0.34087851643562317,
        "3": 0.3353329002857208,
        "4": 0.3311716318130493,
        "5": 0.3309811055660248,
        "6": 0.3295396566390991,
        "7": 0.32940423488616943,
        "8": 0.32527440786361694,
        "9": 0.3247603178024292
    },
    "288": {
        "0": 0.39313822984695435,
        "1": 0.38170576095581055,
        "2": 0.3815149664878845,
        "3": 0.38044583797454834,
        "4": 0.3728172779083252,
        "5": 0.3690350651741028,
        "6": 0.36856013536453247,
        "7": 0.3684387505054474,
        "8": 0.36744749546051025,
        "9": 0.366631418466568
    },
    "304": {
        "0": 0.37782061100006104,
        "1": 0.35867345333099365,
        "2": 0.3571913540363312,
        "3": 0.3547951281070709,
        "4": 0.3524664640426636,
        "5": 0.35015711188316345,
        "6": 0.34621092677116394,
        "7": 0.3459249436855316,
        "8": 0.3443051278591156,
        "9": 0.344264417886734
    },
    "320": {
        "0": 0.39275580644607544,
        "1": 0.3741317391395569,
        "2": 0.3683245778083801,
        "3": 0.36319586634635925,
        "4": 0.3614726662635803,
        "5": 0.36028507351875305,
        "6": 0.35900938510894775,
        "7": 0.35732701420783997,
        "8": 0.35503140091896057,
        "9": 0.35416409373283386
    },
    "336": {
        "0": 0.38881489634513855,
        "1": 0.36657270789146423,
        "2": 0.366079717874527,
        "3": 0.36561399698257446,
        "4": 0.3638029098510742,
        "5": 0.353342205286026,
        "6": 0.35261911153793335,
        "7": 0.35106462240219116,
        "8": 0.35068365931510925,
        "9": 0.3506680130958557
    },
    "352": {
        "0": 0.4104486107826233,
        "1": 0.4061731994152069,
        "2": 0.39379793405532837,
        "3": 0.3936682641506195,
        "4": 0.39313995838165283,
        "5": 0.38948893547058105,