{
    "0": {
        "0": 0.2237822413444519,
        "1": 0.2161639928817749,
        "2": 0.19845160841941833,
        "3": 0.19363795220851898,
        "4": -3.4028234663852886e+38,
        "5": -3.4028234663852886e+38,
        "6": -3.4028234663852886e+38,
        "7": -3.4028234663852886e+38,
        "8": -3.4028234663852886e+38,
        "9": -3.4028234663852886e+38
    },
    "16": {
        "0": 0.2237822413444519,
        "1": 0.2161639928817749,
        "2": 0.19845160841941833,
        "3": 0.19363795220851898,
        "4": -3.4028234663852886e+38,
        "5": -3.4028234663852886e+38,
        "6": -3.4028234663852886e+38,
        "7": -3.4028234663852886e+38,
        "8": -3.4028234663852886e+38,
        "9": -3.4028234663852886e+38
    },
    "32": {
        "0": 0.2237822413444519,
        "1": 0.2161639928817749,
        "2": 0.19845160841941833,
        "3": 0.19363795220851898,
        "4": -3.4028234663852886e+38,
        "5": -3.4028234663852886e+38,
        "6": -3.4028234663852886e+38,
        "7": -3.4028234663852886e+38,
        "8": -3.4028234663852886e+38,
        "9": -3.4028234663852886e+38
    },
    "48": {
        "0": 0.2237822413444519,
        "1": 0.2161639928817749,
        "2": 0.19845160841941833,
        "3": 0.19363795220851898,
        "4": -3.4028234663852886e+38,
        "5": -3.4028234663852886e+38,
        "6": -3.4028234663852886e+38,
        "7": -3.4028234663852886e+38,
        "8": -3.4028234663852886e+38,
        "9": -3.4028234663852886e+38
    },
    "64": {
        "0": 0.2237822413444519,
        "1": 0.2161639928817749,
        "2": 0.19845160841941833,
        "3": 0.19363795220851898,
        "4": -3.4028234663852886e+38,
        "5": -3.4028234663852886e+38,
        "6": -3.4028234663852886e+38,
        "7": -3.4028234663852886e+38,
        "8": -3.4028234663852886e+38,
        "9": -3.4028234663852886e+38
    },
    "80": {
        "0": 0.2237822413444519,
        "1": 0.2161639928817749,
        "2": 0.19845160841941833,
        "3": 0.19363795220851898,
        "4": -3.4028234663852886e+38,
        "5": -3.4028234663852886e+38,
        "6": -3.4028234663852886e+38,
        "7": -3.4028234663852886e+38,
        "8": -3.4028234663852886e+38,
        "9": -3.4028234663852886e+38
    }
}