{
    "0": {
        "0": 0.3721160888671875,
        "1": 0.36722996830940247,
        "2": 0.3662228584289551,
        "3": 0.36470887064933777,
        "4": 0.36272791028022766,
        "5": 0.3613571524620056,
        "6": 0.3613492548465729,
        "7": 0.36077287793159485,
        "8": 0.35874879360198975,
        "9": 0.357435017824173
    },
    "16": {
        "0": 0.35686588287353516,
        "1": 0.3525656461715698,
        "2": 0.34805747866630554,
        "3": 0.34580299258232117,
        "4": 0.34506702423095703,
        "5": 0.34400856494903564,
        "6": 0.34357950091362,
        "7": 0.3420467972755432,
        "8": 0.34201037883758545,
        "9": 0.34193524718284607
    },
    "32": {
        "0": 0.36216479539871216,
        "1": 0.3536885380744934,
        "2": 0.3525988757610321,
        "3": 0.35109373927116394,
        "4": 0.3505067229270935,
        "5": 0.34945493936538696,
        "6": 0.34713539481163025,
        "7": 0.3469594419002533,
        "8": 0.3439294695854187,
        "9": 0.3435992896556854
    },
    "48": {
        "0": 0.372426837682724,
        "1": 0.37087681889533997,
        "2": 0.36995643377304077,
        "3": 0.36681288480758667,
        "4": 0.3638412654399872,
        "5": 0.36289456486701965,
        "6": 0.3616039454936981,
        "7": 0.36058181524276733,
        "8": 0.35963010787963867,
        "9": 0.35835909843444824
    },
    "64": {
        "0": 0.3711445927619934,
        "1": 0.3695249855518341,
        "2": 0.36590316891670227,
        "3": 0.36447983980178833,
        "4": 0.36126071214675903,
        "5": 0.36081618070602417,
        "6": 0.3600890040397644,
        "7": 0.35776445269584656,
        "8": 0.3568509817123413,
        "9": 0.35635390877723694
    },
    "80": {
        "0": 0.3555064797401428,
        "1": 0.3540090024471283,
        "2": 0.35392680764198303,
        "3": 0.3526241183280945,
        "4": 0.3516739308834076,
        "5": 0.35116490721702576,
        "6": 0.34738078713417053,
        "7": 0.3467731773853302,
        "8": 0.3460325598716736,
        "9": 0.3446824252605438
    },
    "96": {
        "0": 0.37911173701286316,
        "1": 0.37506747245788574,
        "2": 0.3749653398990631,
        "3": 0.3737620711326599,
        "4": 0.37156885862350464,
        "5": 0.3709354102611542,
        "6": 0.36866581439971924,
        "7": 0.36834239959716797,
        "8": 0.3648888170719147,
        "9": 0.3638104200363159
    },
    "112": {
        "0": 0.3728378415107727,
        "1": 0.3709341585636139,
        "2": 0.3700377941131592,
        "3": 0.36835160851478577,
        "4": 0.36829352378845215,
        "5": 0.3678818345069885,
        "6": 0.36685609817504883,
        "7": 0.36641576886177063,
        "8": 0.360443651676178,
        "9": 0.35903000831604004
    },
    "128": {
        "0": 0.3680061995983124,
        "1": 0.365858793258667,
        "2": 0.3602098524570465,
        "3": 0.3600354790687561,
        "4": 0.3568715453147888,
        "5": 0.3561893403530121,
        "6": 0.3560843765735626,
        "7": 0.3553966283798218,
        "8": 0.3545905351638794,
        "9": 0.3540610373020172
    },
    "144": {
        "0": 0.37737607955932617,
        "1": 0.3717200458049774,
        "2": 0.36267346143722534,
        "3": 0.3604836165904999,
        "4": 0.35967954993247986,
        "5": 0.358303964138031,
        "6": 0.3575361967086792,
        "7": 0.3570546507835388,
        "8": 0.35698482394218445,
        "9": 0.3550965487957001
    },
    "160": {
        "0": 0.3560691773891449,
        "1": 0.35527661442756653,
        "2": 0.34978196024894714,
        "3": 0.3490598797798157,
        "4": 0.3489774167537689,
        "5": 0.3455789387226105,
        "6": 0.3419820964336395,
        "7": 0.3407624363899231,
        "8": 0.33951041102409363,
        "9": 0.33904245495796204
    },
    "176": {
        "0": 0.37769851088523865,
        "1": 0.3641182780265808,
        "2": 0.36180171370506287,
        "3": 0.3615122437477112,
        "4": 0.3608880341053009,
        "5": 0.3607463240623474,
        "6": 0.36020034551620483,
        "7": 0.35688865184783936,
        "8": 0.35212939977645874,
        "9": 0.34797370433807373
    },
    "192": {
        "0": 0.3536164164543152,
        "1": 0.3521707057952881,
        "2": 0.34759166836738586,
        "3": 0.3469013273715973,
        "4": 0.3465248942375183,
        "5": 0.34232985973358154,
        "6": 0.34171226620674133,
        "7": 0.3417041301727295,
        "8": 0.3409520983695984,
        "9": 0.3401847779750824
    },
    "208": {
        "0": 0.36545825004577637,
        "1": 0.36507681012153625,
        "2": 0.364197701215744,
        "3": 0.362638920545578,
        "4": 0.3617730140686035,
        "5": 0.36110720038414,
        "6": 0.3570493161678314,
        "7": 0.35674282908439636,
        "8": 0.35437774658203125,
        "9": 0.35277843475341797
    },
    "224": {
        "0": 0.35703468322753906,
        "1": 0.3551008403301239,
        "2": 0.3522028923034668,
        "3": 0.35189518332481384,
        "4": 0.350294828414917,
        "5": 0.3499439060688019,
        "6": 0.3480929136276245,
        "7": 0.34679895639419556,
        "8": 0.3467322587966919,
        "9": 0.345775306224823
    },
    "240": {
        "0": 0.36622610688209534,
        "1": 0.3650638163089752,
        "2": 0.3634082078933716,
        "3": 0.36309847235679626,
        "4": 0.3605402410030365,
        "5": 0.3585810363292694,
        "6": 0.35515302419662476,
        "7": 0.3551067113876343,
        "8": 0.35504454374313354,
        "9": 0.35491853952407837
    },
    "256": {
        "0": 0.35565832257270813,
        "1": 0.351825475692749,
        "2": 0.35127559304237366,
        "3": 0.3496907949447632,
        "4": 0.34769150614738464,
        "5": 0.3472714424133301,
        "6": 0.3451452851295471,
        "7": 0.344199001789093,
        "8": 0.3431386947631836,
        "9": 0.34306007623672485
    },
    "272": {
        "0": 0.3596973419189453,
        "1": 0.35808271169662476,
        "2": 0.3580620288848877,
        "3": 0.35723876953125,
        "4": 0.35632210969924927,
        "5": 0.35583561658859253,
        "6": 0.3510042726993561,
        "7": 0.3502066433429718,
        "8": 0.34896838665008545,
        "9": 0.34789228439331055
    },
    "288": {
        "0": 0.383729487657547,
        "1": 0.3775028884410858,
        "2": 0.3742733895778656,
        "3": 0.3699793219566345,
        "4": 0.3694942891597748,
        "5": 0.3694702684879303,
        "6": 0.365770161151886,
        "7": 0.3650370240211487,
        "8": 0.36340606212615967,
        "9": 0.36260661482810974
    },
    "304": {
        "0": 0.36655667424201965,
        "1": 0.36359935998916626,
        "2": 0.36347833275794983,
        "3": 0.3592405915260315,
        "4": 0.35648974776268005,
        "5": 0.35385239124298096,
        "6": 0.3506420850753784,
        "7": 0.3481028378009796,
        "8": 0.347879022359848,
        "9": 0.34696435928344727
    },
    "320": {
        "0": 0.3839702010154724,
        "1": 0.37345439195632935,
        "2": 0.3704517185688019,
        "3": 0.37019217014312744,
        "4": 0.36894384026527405,
        "5": 0.36783498525619507,
        "6": 0.36739885807037354,
        "7": 0.3666193187236786,
        "8": 0.3658391833305359,
        "9": 0.36473530530929565
    },
    "336": {
        "0": 0.35735973715782166,
        "1": 0.3500826358795166,
        "2": 0.34276944398880005,
        "3": 0.34050148725509644,
        "4": 0.3401014804840088,
        "5": 0.33402132987976074,
        "6": 0.3304714262485504,
        "7": 0.32999882102012634,
        "8": 0.32878798246383667,
        "9": 0.32744041085243225
    },
    "352": {
        "0": 0.36551633477211,
        "1": 0.358946830034256,
        "2": 0.3576064109802246,
        "3": 0.34881478548049927,
        "4": 0.3463243544101715,
        "5": 0.34458041191101074,
        "6": 0.34101980924606323,