{
    "0": {
        "0": 0.41298815608024597,
        "1": 0.40284183621406555,
        "2": 0.3950296938419342,
        "3": 0.3863059878349304,
        "4": 0.3829764425754547,
        "5": 0.38209110498428345,
        "6": 0.37683820724487305,
        "7": 0.37357211112976074,
        "8": 0.367770791053772,
        "9": 0.352925181388855
    },
    "16": {
        "0": 0.41616082191467285,
        "1": 0.4034460186958313,
        "2": 0.39986228942871094,
        "3": 0.3869330883026123,
        "4": 0.38219571113586426,
        "5": 0.38036268949508667,
        "6": 0.37940365076065063,
        "7": 0.37379157543182373,
        "8": 0.3653459846973419,
        "9": 0.3562183678150177
    },
    "32": {
        "0": 0.3959248960018158,
        "1": 0.3898576498031616,
        "2": 0.38556554913520813,
        "3": 0.3685794770717621,
        "4": 0.36352232098579407,
        "5": 0.36285722255706787,
        "6": 0.3601958453655243,
        "7": 0.35724058747291565,
        "8": 0.3433150351047516,
        "9": 0.3429993987083435
    },
    "48": {
        "0": 0.40011104941368103,
        "1": 0.3950932025909424,
        "2": 0.3871760666370392,
        "3": 0.3722805380821228,
        "4": 0.36815935373306274,
        "5": 0.3672071695327759,
        "6": 0.3635285198688507,
        "7": 0.35809752345085144,
        "8": 0.35328158736228943,
        "9": 0.3453085422515869
    },
    "64": {
        "0": 0.3668748736381531,
        "1": 0.36651185154914856,
        "2": 0.36154705286026,
        "3": 0.345392107963562,
        "4": 0.34263643622398376,
        "5": 0.3388318121433258,
        "6": 0.33442991971969604,
        "7": 0.33207184076309204,
        "8": 0.3161678612232208,
        "9": 0.31570178270339966
    },
    "80": {
        "0": 0.4120514988899231,
        "1": 0.3962274193763733,
        "2": 0.3955453932285309,
        "3": 0.391666054725647,
        "4": 0.37850916385650635,
        "5": 0.37813103199005127,
        "6": 0.3775709271430969,
        "7": 0.374289870262146,
        "8": 0.352222204208374,
        "9": 0.33427736163139343
    },
    "96": {
        "0": 0.4208748936653137,
        "1": 0.4038429856300354,
        "2": 0.40173935890197754,
        "3": 0.4013873338699341,
        "4": 0.3949977159500122,
        "5": 0.3949624001979828,
        "6": 0.39442023634910583,
        "7": 0.38576510548591614,
        "8": 0.37526363134384155,
        "9": 0.3546554744243622
    },
    "112": {
        "0": 0.4203312397003174,
        "1": 0.3959163725376129,
        "2": 0.39377909898757935,
        "3": 0.39351633191108704,
        "4": 0.39096799492836,
        "5": 0.3904912769794464,
        "6": 0.3871691823005676,
        "7": 0.3768919110298157,
        "8": 0.3700569272041321,
        "9": 0.3539808690547943
    },
    "128": {
        "0": 0.29769274592399597,
        "1": 0.2886483669281006,
        "2": 0.28096911311149597,
        "3": 0.2766491770744324,
        "4": 0.2734481394290924,
        "5": 0.2728446125984192,
        "6": 0.2686137557029724,
        "7": 0.2663794159889221,
        "8": 0.26494136452674866,
        "9": 0.26411882042884827
    },
    "144": {
        "0": 0.3193158507347107,
        "1": 0.3181917667388916,
        "2": 0.3121313452720642,
        "3": 0.29063940048217773,
        "4": 0.2821156084537506,
        "5": 0.2776494324207306,
        "6": 0.2645660936832428,
        "7": 0.2406630963087082,
        "8": 0.22349758446216583,
        "9": 0.21436668932437897
    },
    "160": {
        "0": 0.3320675492286682,
        "1": 0.3207131624221802,
        "2": 0.31708693504333496,
        "3": 0.2934383749961853,
        "4": 0.2888284921646118,
        "5": 0.2864874005317688,
        "6": 0.2862815856933594,
        "7": 0.24262627959251404,
        "8": 0.22974081337451935,
        "9": 0.22183047235012054
    },
    "176": {
        "0": 0.37223511934280396,
        "1": 0.365698903799057,
        "2": 0.3592444062232971,
        "3": 0.3514047861099243,
        "4": 0.343414306640625,
        "5": 0.34321358799934387,
        "6": 0.34118425846099854,
        "7": 0.3109167814254761,
        "8": 0.2964644432067871,
        "9": 0.29140210151672363
    },
    "192": {
        "0": 0.39043909311294556,
        "1": 0.34494802355766296,
        "2": 0.31852057576179504,
        "3": 0.31307452917099,
        "4": 0.3126172721385956,
        "5": 0.30562740564346313,
        "6": 0.2937015891075134,
        "7": 0.2756158709526062,
        "8": 0.27182865142822266,
        "9": 0.2565253674983978
    },
    "208": {
        "0": 0.3965550661087036,
        "1": 0.35940539836883545,
        "2": 0.33644190430641174,
        "3": 0.33250144124031067,
        "4": 0.3247999846935272,
        "5": 0.3173595070838928,
        "6": 0.3105185627937317,
        "7": 0.29189297556877136,
        "8": 0.2819973826408386,
        "9": 0.27602219581604004
    },
    "224": {
        "0": 0.4408266544342041,
        "1": 0.41383451223373413,
        "2": 0.3767468333244324,
        "3": 0.3753041625022888,
        "4": 0.36802053451538086,
        "5": 0.3611762225627899,
        "6": 0.3598012924194336,
        "7": 0.2976827025413513,
        "8": 0.29421451687812805,
        "9": 0.2856985926628113
    },
    "240": {
        "0": 0.3677651584148407,
        "1": 0.3639065623283386,
        "2": 0.3570702075958252,
        "3": 0.34110939502716064,
        "4": 0.3407963216304779,
        "5": 0.33702704310417175,
        "6": 0.3353555500507355,
        "7": 0.33059558272361755,
        "8": 0.3238258361816406,
        "9": 0.32196149230003357
    },
    "256": {
        "0": 0.4273671805858612,
        "1": 0.4117918014526367,
        "2": 0.39839035272598267,
        "3": 0.39367833733558655,
        "4": 0.3713044822216034,
        "5": 0.3560609817504883,
        "6": 0.32859352231025696,
        "7": 0.3224319517612457,
        "8": 0.30083367228507996,
        "9": 0.2991684079170227
    },
    "272": {
        "0": 0.41342297196388245,
        "1": 0.3912990391254425,
        "2": 0.3735312521457672,
        "3": 0.3717186748981476,
        "4": 0.35263147950172424,
        "5": 0.33314910531044006,
        "6": 0.3159624934196472,
        "7": 0.30107781291007996,
        "8": 0.29441049695014954,
        "9": 0.28928741812705994
    },
    "288": {
        "0": 0.43071216344833374,
        "1": 0.41212794184684753,
        "2": 0.3880361318588257,
        "3": 0.387893944978714,
        "4": 0.38334858417510986,
        "5": 0.3796554207801819,
        "6": 0.37572354078292847,
        "7": 0.3317674398422241,
        "8": 0.330715149641037,
        "9": 0.3168313503265381
    },
    "304": {
        "0": 0.42244866490364075,
        "1": 0.4042971134185791,
        "2": 0.381108820438385,
        "3": 0.3792082667350769,
        "4": 0.3777199983596802,
        "5": 0.37384551763534546,
        "6": 0.36615243554115295,
        "7": 0.32635051012039185,
        "8": 0.3174479305744171,
        "9": 0.30785468220710754
    },
    "320": {
        "0": 0.35642772912979126,
        "1": 0.35283181071281433,
        "2": 0.3387811481952667,
        "3": 0.33428698778152466,
        "4": 0.33354485034942627,
        "5": 0.33015507459640503,
        "6": 0.3289341926574707,
        "7": 0.3273897171020508,
        "8": 0.3214739263057709,
        "9": 0.3207781910896301
    },
    "336": {
        "0": 0.3453176021575928,
        "1": 0.3377656042575836,
        "2": 0.33722546696662903,
        "3": 0.32897791266441345,
        "4": 0.3237402141094208,
        "5": 0.32007554173469543,
        "6": 0.319165974855423,
        "7": 0.31656184792518616,
        "8": 0.31576159596443176,
        "9": 0.3107656240463257
    },
    "352": {
        "0": 0.37845879793167114,
        "1": 0.3716415464878082,
        "2": 0.3662694990634918,
        "3": 0.3659360408782959,
        "4": 0.36440208554267883,
        "5": 0.3626179099082947,
        "6": 0.35720306634902954,