{
    "0": {
        "0": 0.39500823616981506,
        "1": 0.3907661437988281,
        "2": 0.3881424069404602,
        "3": 0.3846052587032318,
        "4": 0.3838144540786743,
        "5": 0.38324326276779175,
        "6": 0.3829279839992523,
        "7": 0.3816381096839905,
        "8": 0.3808209002017975,
        "9": 0.37877896428108215
    },
    "16": {
        "0": 0.41388654708862305,
        "1": 0.399872750043869,
        "2": 0.3988313376903534,
        "3": 0.39873385429382324,
        "4": 0.39228856563568115,
        "5": 0.3917942941188812,
        "6": 0.3897636830806732,
        "7": 0.3879657983779907,
        "8": 0.38721075654029846,
        "9": 0.38532471656799316
    },
    "32": {
        "0": 0.3869243860244751,
        "1": 0.38227489590644836,
        "2": 0.3804938495159149,
        "3": 0.3803393542766571,
        "4": 0.37770605087280273,
        "5": 0.3774911165237427,
        "6": 0.3770766854286194,
        "7": 0.37508425116539,
        "8": 0.37059155106544495,
        "9": 0.3698197603225708
    },
    "48": {
        "0": 0.4150037169456482,
        "1": 0.411728173494339,
        "2": 0.4103471040725708,
        "3": 0.40812355279922485,
        "4": 0.4075556993484497,
        "5": 0.40751999616622925,
        "6": 0.40512752532958984,
        "7": 0.4044073224067688,
        "8": 0.40197789669036865,
        "9": 0.4019007086753845
    },
    "64": {
        "0": 0.3971017599105835,
        "1": 0.3959026336669922,
        "2": 0.39387616515159607,
        "3": 0.39280444383621216,
        "4": 0.3913869559764862,
        "5": 0.3887999653816223,
        "6": 0.3874077796936035,
        "7": 0.3871192932128906,
        "8": 0.3840658366680145,
        "9": 0.38376685976982117
    },
    "80": {
        "0": 0.4015806019306183,
        "1": 0.3979848027229309,
        "2": 0.39707812666893005,
        "3": 0.39496755599975586,
        "4": 0.39494603872299194,
        "5": 0.3934692442417145,
        "6": 0.39098989963531494,
        "7": 0.390267014503479,
        "8": 0.3896653652191162,
        "9": 0.38950711488723755
    },
    "96": {
        "0": 0.41714105010032654,
        "1": 0.4133867025375366,
        "2": 0.41216644644737244,
        "3": 0.4112309217453003,
        "4": 0.410758912563324,
        "5": 0.40913915634155273,
        "6": 0.40905898809432983,
        "7": 0.40891867876052856,
        "8": 0.4087413251399994,
        "9": 0.4069696068763733
    },
    "112": {
        "0": 0.40678471326828003,
        "1": 0.4063207805156708,
        "2": 0.40593335032463074,
        "3": 0.405599445104599,
        "4": 0.40544113516807556,
        "5": 0.40149515867233276,
        "6": 0.3985345959663391,
        "7": 0.3981996178627014,
        "8": 0.39784663915634155,
        "9": 0.39613327383995056
    },
    "128": {
        "0": 0.3993687629699707,
        "1": 0.39652806520462036,
        "2": 0.3929571509361267,
        "3": 0.39156997203826904,
        "4": 0.3894460201263428,
        "5": 0.3881010115146637,
        "6": 0.3875584304332733,
        "7": 0.3858395218849182,
        "8": 0.3836717903614044,
        "9": 0.38205891847610474
    },
    "144": {
        "0": 0.3925595283508301,
        "1": 0.38881272077560425,
        "2": 0.38798433542251587,
        "3": 0.3831695318222046,
        "4": 0.3827446699142456,
        "5": 0.38232851028442383,
        "6": 0.37922313809394836,
        "7": 0.37860357761383057,
        "8": 0.37854430079460144,
        "9": 0.37820833921432495
    },
    "160": {
        "0": 0.3875080347061157,
        "1": 0.3841535747051239,
        "2": 0.3826052248477936,
        "3": 0.37957465648651123,
        "4": 0.3795085549354553,
        "5": 0.37947726249694824,
        "6": 0.3782682716846466,
        "7": 0.37172824144363403,
        "8": 0.36684221029281616,
        "9": 0.36639589071273804
    },
    "176": {
        "0": 0.42061901092529297,
        "1": 0.41767632961273193,
        "2": 0.41680052876472473,
        "3": 0.4123668372631073,
        "4": 0.41217440366744995,
        "5": 0.4103180766105652,
        "6": 0.4075121581554413,
        "7": 0.4074411392211914,
        "8": 0.40600699186325073,
        "9": 0.40582066774368286
    },
    "192": {
        "0": 0.4104117751121521,
        "1": 0.40902990102767944,
        "2": 0.40692928433418274,
        "3": 0.406718373298645,
        "4": 0.4004206955432892,
        "5": 0.39961230754852295,
        "6": 0.39856627583503723,
        "7": 0.3984507918357849,
        "8": 0.3979381322860718,
        "9": 0.3942468762397766
    },
    "208": {
        "0": 0.42491140961647034,
        "1": 0.42066511511802673,
        "2": 0.41955238580703735,
        "3": 0.4186428487300873,
        "4": 0.41746339201927185,
        "5": 0.4167868196964264,
        "6": 0.41667431592941284,
        "7": 0.41592979431152344,
        "8": 0.41509580612182617,
        "9": 0.4107954800128937
    },
    "224": {
        "0": 0.4349053204059601,
        "1": 0.43226614594459534,
        "2": 0.432054340839386,
        "3": 0.43163222074508667,
        "4": 0.42611876130104065,
        "5": 0.42459836602211,
        "6": 0.4238445460796356,
        "7": 0.4233626127243042,
        "8": 0.4219520688056946,
        "9": 0.42077553272247314
    },
    "240": {
        "0": 0.421673446893692,
        "1": 0.41367191076278687,
        "2": 0.4135100841522217,
        "3": 0.4130994975566864,
        "4": 0.41280674934387207,
        "5": 0.41119012236595154,
        "6": 0.4083316922187805,
        "7": 0.4081480801105499,
        "8": 0.407245934009552,
        "9": 0.40586423873901367
    },
    "256": {
        "0": 0.4544956684112549,
        "1": 0.4537285566329956,
        "2": 0.44287365674972534,
        "3": 0.44009724259376526,
        "4": 0.43034425377845764,
        "5": 0.43000859022140503,
        "6": 0.4299072325229645,
        "7": 0.42912888526916504,
        "8": 0.42850226163864136,
        "9": 0.42659372091293335
    },
    "272": {
        "0": 0.4324294328689575,
        "1": 0.43045297265052795,
        "2": 0.4258674383163452,
        "3": 0.42384833097457886,
        "4": 0.4229781925678253,
        "5": 0.42204034328460693,
        "6": 0.4217182397842407,
        "7": 0.42095160484313965,
        "8": 0.4208980202674866,
        "9": 0.42075493931770325
    },
    "288": {
        "0": 0.41380685567855835,
        "1": 0.40962105989456177,
        "2": 0.4094967544078827,
        "3": 0.40870845317840576,
        "4": 0.4073360562324524,
        "5": 0.40544670820236206,
        "6": 0.4002698063850403,
        "7": 0.39620259404182434,
        "8": 0.39538857340812683,
        "9": 0.3945658206939697
    },
    "304": {
        "0": 0.4051286280155182,
        "1": 0.4034096896648407,
        "2": 0.3991924226284027,
        "3": 0.39538222551345825,
        "4": 0.3938979506492615,
        "5": 0.39199990034103394,
        "6": 0.3919290006160736,
        "7": 0.390311062335968,
        "8": 0.38979294896125793,
        "9": 0.3896845281124115
    },
    "320": {
        "0": 0.43254831433296204,
        "1": 0.4322758615016937,
        "2": 0.4298824071884155,
        "3": 0.42644375562667847,
        "4": 0.42512407898902893,
        "5": 0.42326876521110535,
        "6": 0.42189323902130127,
        "7": 0.41913938522338867,
        "8": 0.4144839644432068,
        "9": 0.41423678398132324
    },
    "336": {
        "0": 0.42256462574005127,
        "1": 0.4224722385406494,
        "2": 0.42083287239074707,
        "3": 0.41914230585098267,
        "4": 0.4155116081237793,
        "5": 0.41512805223464966,
        "6": 0.41306427121162415,
        "7": 0.41253527998924255,
        "8": 0.41123420000076294,
        "9": 0.4090162515640259
    },
    "352": {
        "0": 0.4539526402950287,
        "1": 0.4518652558326721,
        "2": 0.44678860902786255,
        "3": 0.44482457637786865,
        "4": 0.44341808557510376,
        "5": 0.44232529401779175,