{
    "0": {
        "0": 0.4511531591415405,
        "1": 0.4348899722099304,
        "2": 0.36730802059173584,
        "3": 0.3672824203968048,
        "4": 0.3622736930847168,
        "5": 0.3244517147541046,
        "6": 0.32305973768234253,
        "7": 0.3222886621952057,
        "8": 0.32131850719451904,
        "9": 0.31844621896743774
    },
    "16": {
        "0": 0.4559016227722168,
        "1": 0.4395236372947693,
        "2": 0.370747447013855,
        "3": 0.36915114521980286,
        "4": 0.3637627959251404,
        "5": 0.3262691795825958,
        "6": 0.32466110587120056,
        "7": 0.32322973012924194,
        "8": 0.321572482585907,
        "9": 0.31945765018463135
    },
    "32": {
        "0": 0.4549652338027954,
        "1": 0.439880907535553,
        "2": 0.36886149644851685,
        "3": 0.36804819107055664,
        "4": 0.3626345694065094,
        "5": 0.3241020143032074,
        "6": 0.3225012421607971,
        "7": 0.32149600982666016,
        "8": 0.3197532892227173,
        "9": 0.31683194637298584
    },
    "48": {
        "0": 0.4535658657550812,
        "1": 0.43958580493927,
        "2": 0.36940479278564453,
        "3": 0.367714524269104,
        "4": 0.36158886551856995,
        "5": 0.32660049200057983,
        "6": 0.32527804374694824,
        "7": 0.32269641757011414,
        "8": 0.32168033719062805,
        "9": 0.3194059729576111
    },
    "64": {
        "0": 0.45885416865348816,
        "1": 0.44402191042900085,
        "2": 0.3721807301044464,
        "3": 0.37203532457351685,
        "4": 0.36583733558654785,
        "5": 0.3271384537220001,
        "6": 0.32529217004776,
        "7": 0.3231349587440491,
        "8": 0.32192811369895935,
        "9": 0.3203083872795105
    },
    "80": {
        "0": 0.46465134620666504,
        "1": 0.44906654953956604,
        "2": 0.37624913454055786,
        "3": 0.3740968108177185,
        "4": 0.3696649670600891,
        "5": 0.3298037350177765,
        "6": 0.32838618755340576,
        "7": 0.3258891999721527,
        "8": 0.32465440034866333,
        "9": 0.3227255046367645
    },
    "96": {
        "0": 0.4701574444770813,
        "1": 0.45640116930007935,
        "2": 0.37914103269577026,
        "3": 0.3785433769226074,
        "4": 0.3749045133590698,
        "5": 0.33111247420310974,
        "6": 0.3304702937602997,
        "7": 0.32931825518608093,
        "8": 0.32625696063041687,
        "9": 0.32374119758605957
    },
    "112": {
        "0": 0.47421303391456604,
        "1": 0.460286021232605,
        "2": 0.39068806171417236,
        "3": 0.38672080636024475,
        "4": 0.3849455714225769,
        "5": 0.34023723006248474,
        "6": 0.33853650093078613,
        "7": 0.33817631006240845,
        "8": 0.33515864610671997,
        "9": 0.3323350250720978
    },
    "128": {
        "0": 0.4858335554599762,
        "1": 0.4720192849636078,
        "2": 0.3865297734737396,
        "3": 0.38583672046661377,
        "4": 0.3856079876422882,
        "5": 0.33192339539527893,
        "6": 0.33174949884414673,
        "7": 0.33068200945854187,
        "8": 0.32662779092788696,
        "9": 0.32373082637786865
    },
    "144": {
        "0": 0.4841647148132324,
        "1": 0.46945980191230774,
        "2": 0.3879733085632324,
        "3": 0.3868982493877411,
        "4": 0.3851950764656067,
        "5": 0.33825844526290894,
        "6": 0.3372857868671417,
        "7": 0.33539268374443054,
        "8": 0.33286502957344055,
        "9": 0.3296273648738861
    },
    "160": {
        "0": 0.45367634296417236,
        "1": 0.4448640048503876,
        "2": 0.3774687647819519,
        "3": 0.3764624297618866,
        "4": 0.37370291352272034,
        "5": 0.3270833492279053,
        "6": 0.3254925310611725,
        "7": 0.32296115159988403,
        "8": 0.32020795345306396,
        "9": 0.31824392080307007
    },
    "176": {
        "0": 0.4404221475124359,
        "1": 0.4351617097854614,
        "2": 0.407838374376297,
        "3": 0.40313786268234253,
        "4": 0.40204504132270813,
        "5": 0.3599376082420349,
        "6": 0.3584817051887512,
        "7": 0.3572455942630768,
        "8": 0.3561701476573944,
        "9": 0.3554299473762512
    },
    "192": {
        "0": 0.42882129549980164,
        "1": 0.4258280098438263,
        "2": 0.3974308669567108,
        "3": 0.3953969180583954,
        "4": 0.39368224143981934,
        "5": 0.3510679006576538,
        "6": 0.35022932291030884,
        "7": 0.3493611216545105,
        "8": 0.34883913397789,
        "9": 0.3474893867969513
    },
    "208": {
        "0": 0.43239158391952515,
        "1": 0.41956979036331177,
        "2": 0.39520126581192017,
        "3": 0.38864046335220337,
        "4": 0.3870220184326172,
        "5": 0.3440340459346771,
        "6": 0.3433923125267029,
        "7": 0.3420482575893402,
        "8": 0.34112808108329773,
        "9": 0.3399336040019989
    },
    "224": {
        "0": 0.41416826844215393,
        "1": 0.3972651958465576,
        "2": 0.39634865522384644,
        "3": 0.3898588716983795,
        "4": 0.38956063985824585,
        "5": 0.38660043478012085,
        "6": 0.3792061507701874,
        "7": 0.3752095103263855,
        "8": 0.37187156081199646,
        "9": 0.3677594065666199
    },
    "240": {
        "0": 0.407509446144104,
        "1": 0.39546167850494385,
        "2": 0.3890538811683655,
        "3": 0.38199383020401,
        "4": 0.3816709816455841,
        "5": 0.3785654902458191,
        "6": 0.3694891333580017,
        "7": 0.36891287565231323,
        "8": 0.3664473295211792,
        "9": 0.36303216218948364
    },
    "256": {
        "0": 0.3994520306587219,
        "1": 0.39573705196380615,
        "2": 0.39458054304122925,
        "3": 0.38851380348205566,
        "4": 0.3861181139945984,
        "5": 0.37518125772476196,
        "6": 0.3749943673610687,
        "7": 0.3728998899459839,
        "8": 0.3716147243976593,
        "9": 0.3702561557292938
    },
    "272": {
        "0": 0.4053552448749542,
        "1": 0.39502424001693726,
        "2": 0.3924444317817688,
        "3": 0.3873821794986725,
        "4": 0.3854326009750366,
        "5": 0.37771064043045044,
        "6": 0.3757847845554352,
        "7": 0.37484171986579895,
        "8": 0.37049567699432373,
        "9": 0.36895275115966797
    },
    "288": {
        "0": 0.37621650099754333,
        "1": 0.37110280990600586,
        "2": 0.36449944972991943,
        "3": 0.35926389694213867,
        "4": 0.3591270446777344,
        "5": 0.35217776894569397,
        "6": 0.35201358795166016,
        "7": 0.3508914113044739,
        "8": 0.3452325761318207,
        "9": 0.34147506952285767
    },
    "304": {
        "0": 0.37950554490089417,
        "1": 0.3749169111251831,
        "2": 0.37384647130966187,
        "3": 0.3658285439014435,
        "4": 0.3639806807041168,
        "5": 0.3603535294532776,
        "6": 0.3593824803829193,
        "7": 0.3542976677417755,
        "8": 0.35063156485557556,
        "9": 0.34929633140563965
    },
    "320": {
        "0": 0.3851773142814636,
        "1": 0.3780279755592346,
        "2": 0.3697511553764343,
        "3": 0.36545422673225403,
        "4": 0.3627130389213562,
        "5": 0.35858583450317383,
        "6": 0.3582271635532379,
        "7": 0.35685062408447266,
        "8": 0.35240310430526733,
        "9": 0.3505023717880249
    },
    "336": {
        "0": 0.39931514859199524,
        "1": 0.38786137104034424,
        "2": 0.38637667894363403,
        "3": 0.3827664256095886,
        "4": 0.3797564208507538,
        "5": 0.3698568642139435,
        "6": 0.36975669860839844,
        "7": 0.36920422315597534,
        "8": 0.36669883131980896,
        "9": 0.3620207905769348
    },
    "352": {
        "0": 0.42747431993484497,
        "1": 0.4120044410228729,
        "2": 0.40867939591407776,
        "3": 0.4066029191017151,
        "4": 0.4064869284629822,
        "5": 0.40011414885520935,