{
    "0": {
        "0": 0.3283381760120392,
        "1": 0.31637105345726013,
        "2": 0.3134590685367584,
        "3": 0.3130120038986206,
        "4": 0.311417818069458,
        "5": 0.3071683645248413,
        "6": 0.3070581257343292,
        "7": 0.30590829253196716,
        "8": 0.302426278591156,
        "9": 0.2937330901622772
    },
    "16": {
        "0": 0.3273751139640808,
        "1": 0.31457871198654175,
        "2": 0.3127879202365875,
        "3": 0.3114873766899109,
        "4": 0.3098222017288208,
        "5": 0.3052718937397003,
        "6": 0.3051449656486511,
        "7": 0.3042706251144409,
        "8": 0.3008110523223877,
        "9": 0.29357150197029114
    },
    "32": {
        "0": 0.329314649105072,
        "1": 0.31535664200782776,
        "2": 0.31531625986099243,
        "3": 0.3139062523841858,
        "4": 0.31138622760772705,
        "5": 0.30584222078323364,
        "6": 0.30552688241004944,
        "7": 0.30468282103538513,
        "8": 0.3024123013019562,
        "9": 0.29583337903022766
    },
    "48": {
        "0": 0.33231544494628906,
        "1": 0.32282012701034546,
        "2": 0.3197157382965088,
        "3": 0.31923550367355347,
        "4": 0.3149033784866333,
        "5": 0.31094062328338623,
        "6": 0.30967944860458374,
        "7": 0.308907687664032,
        "8": 0.30711129307746887,
        "9": 0.29992619156837463
    },
    "64": {
        "0": 0.3542625308036804,
        "1": 0.34692099690437317,
        "2": 0.34459182620048523,
        "3": 0.34386202692985535,
        "4": 0.3437143862247467,
        "5": 0.3427464962005615,
        "6": 0.34196868538856506,
        "7": 0.3398665487766266,
        "8": 0.33549216389656067,
        "9": 0.3333670496940613
    },
    "80": {
        "0": 0.3651306927204132,
        "1": 0.36361733078956604,
        "2": 0.3595285415649414,
        "3": 0.3585187792778015,
        "4": 0.35785800218582153,
        "5": 0.3524151146411896,
        "6": 0.34842678904533386,
        "7": 0.3464674949645996,
        "8": 0.3455196022987366,
        "9": 0.34519287943840027
    },
    "96": {
        "0": 0.37433549761772156,
        "1": 0.37299808859825134,
        "2": 0.36886435747146606,
        "3": 0.3677295744419098,
        "4": 0.3666718900203705,
        "5": 0.3659520149230957,
        "6": 0.36332350969314575,
        "7": 0.36135411262512207,
        "8": 0.3570164740085602,
        "9": 0.3569130003452301
    },
    "112": {
        "0": 0.3520500659942627,
        "1": 0.35146862268447876,
        "2": 0.35130247473716736,
        "3": 0.34739428758621216,
        "4": 0.3462825417518616,
        "5": 0.3449884057044983,
        "6": 0.3439501225948334,
        "7": 0.34185361862182617,
        "8": 0.3407445251941681,
        "9": 0.3387875258922577
    },
    "128": {
        "0": 0.3657546937465668,
        "1": 0.3650502860546112,
        "2": 0.36304622888565063,
        "3": 0.3589758276939392,
        "4": 0.35801762342453003,
        "5": 0.3574240207672119,
        "6": 0.3555613160133362,
        "7": 0.3533095419406891,
        "8": 0.3521619737148285,
        "9": 0.35112714767456055
    },
    "144": {
        "0": 0.3669160008430481,
        "1": 0.36079445481300354,
        "2": 0.3601427972316742,
        "3": 0.3601002097129822,
        "4": 0.3591919243335724,
        "5": 0.35864296555519104,
        "6": 0.35801830887794495,
        "7": 0.3537004292011261,
        "8": 0.3518950343132019,
        "9": 0.3497105538845062
    },
    "160": {
        "0": 0.3555973768234253,
        "1": 0.3551868796348572,
        "2": 0.3543858826160431,
        "3": 0.3535648286342621,
        "4": 0.3489920496940613,
        "5": 0.3487688899040222,
        "6": 0.3447165787220001,
        "7": 0.3423687219619751,
        "8": 0.34159567952156067,
        "9": 0.3390371799468994
    },
    "176": {
        "0": 0.34908509254455566,
        "1": 0.34893113374710083,
        "2": 0.3488832414150238,
        "3": 0.34539321064949036,
        "4": 0.34186965227127075,
        "5": 0.34148693084716797,
        "6": 0.3414759933948517,
        "7": 0.34056371450424194,
        "8": 0.34030792117118835,
        "9": 0.3348054587841034
    },
    "192": {
        "0": 0.3480507731437683,
        "1": 0.3455050587654114,
        "2": 0.34547847509384155,
        "3": 0.3418692946434021,
        "4": 0.34096309542655945,
        "5": 0.3393135666847229,
        "6": 0.3370833694934845,
        "7": 0.3362880349159241,
        "8": 0.33372536301612854,
        "9": 0.3334015905857086
    },
    "208": {
        "0": 0.3452404737472534,
        "1": 0.34514743089675903,
        "2": 0.34132784605026245,
        "3": 0.3411732316017151,
        "4": 0.3383817970752716,
        "5": 0.336386114358902,
        "6": 0.3359435498714447,
        "7": 0.3343943953514099,
        "8": 0.3341154158115387,
        "9": 0.3320819139480591
    },
    "224": {
        "0": 0.34887778759002686,
        "1": 0.3469191789627075,
        "2": 0.34456148743629456,
        "3": 0.34382164478302,
        "4": 0.34165966510772705,
        "5": 0.34138989448547363,
        "6": 0.3389976918697357,
        "7": 0.3370577394962311,
        "8": 0.3348114490509033,
        "9": 0.33428433537483215
    },
    "240": {
        "0": 0.3471773862838745,
        "1": 0.3436928689479828,
        "2": 0.34323614835739136,
        "3": 0.342254638671875,
        "4": 0.3385469615459442,
        "5": 0.33697792887687683,
        "6": 0.33646291494369507,
        "7": 0.33515700697898865,
        "8": 0.3343141973018646,
        "9": 0.3325180113315582
    },
    "256": {
        "0": 0.35070762038230896,
        "1": 0.3496885895729065,
        "2": 0.3479897677898407,
        "3": 0.34673893451690674,
        "4": 0.34358856081962585,
        "5": 0.34154012799263,
        "6": 0.340492308139801,
        "7": 0.33894550800323486,
        "8": 0.3382255434989929,
        "9": 0.33459460735321045
    },
    "272": {
        "0": 0.3534858524799347,
        "1": 0.3516208231449127,
        "2": 0.35133230686187744,
        "3": 0.3462064266204834,
        "4": 0.34498903155326843,
        "5": 0.34388619661331177,
        "6": 0.34386610984802246,
        "7": 0.3431724011898041,
        "8": 0.3414667844772339,
        "9": 0.3389472961425781
    },
    "288": {
        "0": 0.3446713387966156,
        "1": 0.338802307844162,
        "2": 0.33843567967414856,
        "3": 0.3383886218070984,
        "4": 0.33647841215133667,
        "5": 0.3359336256980896,
        "6": 0.3334120213985443,
        "7": 0.33233702182769775,
        "8": 0.3303305506706238,
        "9": 0.3262389600276947
    },
    "304": {
        "0": 0.36726802587509155,
        "1": 0.3635542690753937,
        "2": 0.3596510887145996,
        "3": 0.35799160599708557,
        "4": 0.3549458682537079,
        "5": 0.3546746075153351,
        "6": 0.3546660244464874,
        "7": 0.3396906852722168,
        "8": 0.339651882648468,
        "9": 0.33707427978515625
    },
    "320": {
        "0": 0.36672717332839966,
        "1": 0.36316564679145813,
        "2": 0.3626372218132019,
        "3": 0.362493097782135,
        "4": 0.3601255416870117,
        "5": 0.3552170693874359,
        "6": 0.3498373031616211,
        "7": 0.3486495018005371,
        "8": 0.34652966260910034,
        "9": 0.34375110268592834
    },
    "336": {
        "0": 0.37499240040779114,
        "1": 0.3741951584815979,
        "2": 0.3689950406551361,
        "3": 0.3668614625930786,
        "4": 0.3668610155582428,
        "5": 0.36584746837615967,
        "6": 0.3563416302204132,
        "7": 0.35582178831100464,
        "8": 0.34977322816848755,
        "9": 0.3484863042831421
    },
    "352": {
        "0": 0.38812193274497986,
        "1": 0.38467562198638916,
        "2": 0.37827980518341064,
        "3": 0.3780348300933838,
        "4": 0.3764753043651581,
        "5": 0.37566664814949036,
        "6": 0.36497798562049866,