{
    "0": {
        "0": 0.4212374687194824,
        "1": 0.40235209465026855,
        "2": 0.4021662771701813,
        "3": 0.4011734127998352,
        "4": 0.39921045303344727,
        "5": 0.39669740200042725,
        "6": 0.396541565656662,
        "7": 0.3965069055557251,
        "8": 0.3961089253425598,
        "9": 0.39541494846343994
    },
    "16": {
        "0": 0.4124671220779419,
        "1": 0.40435242652893066,
        "2": 0.4040520489215851,
        "3": 0.40361958742141724,
        "4": 0.4032057523727417,
        "5": 0.4018203616142273,
        "6": 0.40134474635124207,
        "7": 0.3983881175518036,
        "8": 0.3983488082885742,
        "9": 0.39755770564079285
    },
    "32": {
        "0": 0.41016075015068054,
        "1": 0.39963477849960327,
        "2": 0.397246390581131,
        "3": 0.39602047204971313,
        "4": 0.3951885998249054,
        "5": 0.3921942710876465,
        "6": 0.3919668197631836,
        "7": 0.39075011014938354,
        "8": 0.39050111174583435,
        "9": 0.3881627321243286
    },
    "48": {
        "0": 0.4185819625854492,
        "1": 0.39961791038513184,
        "2": 0.3975900411605835,
        "3": 0.39594101905822754,
        "4": 0.39420285820961,
        "5": 0.3938404619693756,
        "6": 0.39338237047195435,
        "7": 0.39316055178642273,
        "8": 0.39184144139289856,
        "9": 0.39025789499282837
    },
    "64": {
        "0": 0.40766119956970215,
        "1": 0.39470216631889343,
        "2": 0.38894161581993103,
        "3": 0.3884456753730774,
        "4": 0.38832253217697144,
        "5": 0.38793542981147766,
        "6": 0.3872087001800537,
        "7": 0.3869292438030243,
        "8": 0.3857990503311157,
        "9": 0.38572871685028076
    },
    "80": {
        "0": 0.429794579744339,
        "1": 0.41221722960472107,
        "2": 0.4052220582962036,
        "3": 0.40494006872177124,
        "4": 0.40492749214172363,
        "5": 0.4039483070373535,
        "6": 0.40392932295799255,
        "7": 0.4026722311973572,
        "8": 0.4018305242061615,
        "9": 0.40062764286994934
    },
    "96": {
        "0": 0.42192450165748596,
        "1": 0.4060859978199005,
        "2": 0.40608033537864685,
        "3": 0.40539300441741943,
        "4": 0.403166264295578,
        "5": 0.40298861265182495,
        "6": 0.4010283052921295,
        "7": 0.4007818400859833,
        "8": 0.40002238750457764,
        "9": 0.3993467092514038
    },
    "112": {
        "0": 0.4210088849067688,
        "1": 0.4060693085193634,
        "2": 0.40168124437332153,
        "3": 0.401528537273407,
        "4": 0.4004165530204773,
        "5": 0.399495929479599,
        "6": 0.39916571974754333,
        "7": 0.3987206816673279,
        "8": 0.39753687381744385,
        "9": 0.3969707787036896
    },
    "128": {
        "0": 0.4226089417934418,
        "1": 0.4025696814060211,
        "2": 0.4024713933467865,
        "3": 0.40112370252609253,
        "4": 0.3996507525444031,
        "5": 0.3995843827724457,
        "6": 0.39942193031311035,
        "7": 0.3994113802909851,
        "8": 0.39927586913108826,
        "9": 0.3980259299278259
    },
    "144": {
        "0": 0.4000508785247803,
        "1": 0.38987770676612854,
        "2": 0.3883746564388275,
        "3": 0.3873763382434845,
        "4": 0.38606834411621094,
        "5": 0.3844258785247803,
        "6": 0.3795124292373657,
        "7": 0.3784145712852478,
        "8": 0.3783639371395111,
        "9": 0.3777505159378052
    },
    "160": {
        "0": 0.4086134433746338,
        "1": 0.40851476788520813,
        "2": 0.40385687351226807,
        "3": 0.40051203966140747,
        "4": 0.39744001626968384,
        "5": 0.39105305075645447,
        "6": 0.3893938660621643,
        "7": 0.3798295557498932,
        "8": 0.37790384888648987,
        "9": 0.3775167167186737
    },
    "176": {
        "0": 0.42480331659317017,
        "1": 0.4176086485385895,
        "2": 0.41299712657928467,
        "3": 0.41013067960739136,
        "4": 0.408945232629776,
        "5": 0.4054378569126129,
        "6": 0.4048742949962616,
        "7": 0.39242660999298096,
        "8": 0.39174360036849976,
        "9": 0.3905000686645508
    },
    "192": {
        "0": 0.4091995358467102,
        "1": 0.403248131275177,
        "2": 0.40084412693977356,
        "3": 0.39894044399261475,
        "4": 0.3968544602394104,
        "5": 0.39626359939575195,
        "6": 0.38966014981269836,
        "7": 0.38502877950668335,
        "8": 0.3828340172767639,
        "9": 0.381624311208725
    },
    "208": {
        "0": 0.41149187088012695,
        "1": 0.39977335929870605,
        "2": 0.39762312173843384,
        "3": 0.3974021077156067,
        "4": 0.39459189772605896,
        "5": 0.39400172233581543,
        "6": 0.38691312074661255,
        "7": 0.3858252167701721,
        "8": 0.38484740257263184,
        "9": 0.384400337934494
    },
    "224": {
        "0": 0.4017251133918762,
        "1": 0.3993209898471832,
        "2": 0.39851680397987366,
        "3": 0.396892249584198,
        "4": 0.3968772888183594,
        "5": 0.39116448163986206,
        "6": 0.3894052803516388,
        "7": 0.37109583616256714,
        "8": 0.36998796463012695,
        "9": 0.36987465620040894
    },
    "240": {
        "0": 0.39139947295188904,
        "1": 0.3911772072315216,
        "2": 0.39108991622924805,
        "3": 0.3858416676521301,
        "4": 0.3849124312400818,
        "5": 0.3819063603878021,
        "6": 0.3756312131881714,
        "7": 0.3577728569507599,
        "8": 0.3562636971473694,
        "9": 0.35513952374458313
    },
    "256": {
        "0": 0.39951273798942566,
        "1": 0.3952455520629883,
        "2": 0.38887545466423035,
        "3": 0.3882046639919281,
        "4": 0.3866117596626282,
        "5": 0.3831210136413574,
        "6": 0.37616851925849915,
        "7": 0.36721891164779663,
        "8": 0.3654041290283203,
        "9": 0.3629223704338074
    },
    "272": {
        "0": 0.3898294270038605,
        "1": 0.3870430886745453,
        "2": 0.3863433003425598,
        "3": 0.38381844758987427,
        "4": 0.380923867225647,
        "5": 0.377468466758728,
        "6": 0.3717639744281769,
        "7": 0.358753502368927,
        "8": 0.35740751028060913,
        "9": 0.3552486002445221
    },
    "288": {
        "0": 0.3901939392089844,
        "1": 0.3873489201068878,
        "2": 0.3873295485973358,
        "3": 0.38259825110435486,
        "4": 0.3802516758441925,
        "5": 0.37338870763778687,
        "6": 0.3722020983695984,
        "7": 0.3604680895805359,
        "8": 0.35752856731414795,
        "9": 0.3572184443473816
    },
    "304": {
        "0": 0.3792291283607483,
        "1": 0.37273693084716797,
        "2": 0.3692200779914856,
        "3": 0.3668080270290375,
        "4": 0.36521798372268677,
        "5": 0.36321091651916504,
        "6": 0.35894283652305603,
        "7": 0.32704758644104004,
        "8": 0.32208991050720215,
        "9": 0.3200008273124695
    },
    "320": {
        "0": 0.3878040313720703,
        "1": 0.379835307598114,
        "2": 0.3790794610977173,
        "3": 0.3750864267349243,
        "4": 0.37346699833869934,
        "5": 0.373394250869751,
        "6": 0.35807564854621887,
        "7": 0.3504122793674469,
        "8": 0.34900426864624023,
        "9": 0.34863990545272827
    },
    "336": {
        "0": 0.3964647948741913,
        "1": 0.3944363594055176,
        "2": 0.3929443359375,
        "3": 0.39155125617980957,
        "4": 0.3908241391181946,
        "5": 0.38349446654319763,
        "6": 0.38293254375457764,
        "7": 0.3427589535713196,
        "8": 0.3414229452610016,
        "9": 0.3400357961654663
    },
    "352": {
        "0": 0.4033404588699341,
        "1": 0.3969513177871704,
        "2": 0.39486271142959595,
        "3": 0.39427968859672546,
        "4": 0.389607310295105,
        "5": 0.38904324173927307,
        "6": 0.3708373010158539,