{
    "0": {
        "0": 0.4200599789619446,
        "1": 0.3991518020629883,
        "2": 0.397346168756485,
        "3": 0.3958790600299835,
        "4": 0.39388132095336914,
        "5": 0.3933323323726654,
        "6": 0.39127710461616516,
        "7": 0.38754546642303467,
        "8": 0.38702768087387085,
        "9": 0.3862467408180237
    },
    "16": {
        "0": 0.4092036783695221,
        "1": 0.39071428775787354,
        "2": 0.388686865568161,
        "3": 0.3874918818473816,
        "4": 0.3874474763870239,
        "5": 0.3870379328727722,
        "6": 0.3819500505924225,
        "7": 0.3813214600086212,
        "8": 0.3791298568248749,
        "9": 0.37809401750564575
    },
    "32": {
        "0": 0.40677163004875183,
        "1": 0.4007178843021393,
        "2": 0.3972918689250946,
        "3": 0.3877623677253723,
        "4": 0.3855277895927429,
        "5": 0.38369297981262207,
        "6": 0.38125383853912354,
        "7": 0.37802138924598694,
        "8": 0.375569611787796,
        "9": 0.37493589520454407
    },
    "48": {
        "0": 0.41176822781562805,
        "1": 0.4048028290271759,
        "2": 0.3983463644981384,
        "3": 0.38995498418807983,
        "4": 0.3886272609233856,
        "5": 0.3863513767719269,
        "6": 0.38075047731399536,
        "7": 0.38074633479118347,
        "8": 0.37856245040893555,
        "9": 0.3755193054676056
    },
    "64": {
        "0": 0.41393834352493286,
        "1": 0.39548227190971375,
        "2": 0.3952329456806183,
        "3": 0.39408257603645325,
        "4": 0.39296722412109375,
        "5": 0.38815850019454956,
        "6": 0.38560906052589417,
        "7": 0.3840167224407196,
        "8": 0.3834189772605896,
        "9": 0.37834781408309937
    },
    "80": {
        "0": 0.40866386890411377,
        "1": 0.40009281039237976,
        "2": 0.39130479097366333,
        "3": 0.38906848430633545,
        "4": 0.38808339834213257,
        "5": 0.3875892162322998,
        "6": 0.38490059971809387,
        "7": 0.38056719303131104,
        "8": 0.38006794452667236,
        "9": 0.37643715739250183
    },
    "96": {
        "0": 0.4114132821559906,
        "1": 0.3893677592277527,
        "2": 0.38858145475387573,
        "3": 0.38577958941459656,
        "4": 0.3824128806591034,
        "5": 0.38120636343955994,
        "6": 0.37939026951789856,
        "7": 0.3762350082397461,
        "8": 0.37592658400535583,
        "9": 0.3683529198169708
    },
    "112": {
        "0": 0.4229496121406555,
        "1": 0.40305426716804504,
        "2": 0.40209200978279114,
        "3": 0.40030765533447266,
        "4": 0.3955194652080536,
        "5": 0.3919103145599365,
        "6": 0.3902145028114319,
        "7": 0.3898565471172333,
        "8": 0.38732147216796875,
        "9": 0.3863758146762848
    },
    "128": {
        "0": 0.41016849875450134,
        "1": 0.38615041971206665,
        "2": 0.3844800293445587,
        "3": 0.38435086607933044,
        "4": 0.38377219438552856,
        "5": 0.3794872760772705,
        "6": 0.37568601965904236,
        "7": 0.3750312030315399,
        "8": 0.37494924664497375,
        "9": 0.3716717064380646
    },
    "144": {
        "0": 0.4000438451766968,
        "1": 0.3991929292678833,
        "2": 0.3914758265018463,
        "3": 0.3759371340274811,
        "4": 0.3743322789669037,
        "5": 0.36700233817100525,
        "6": 0.3633463382720947,
        "7": 0.3612334430217743,
        "8": 0.35967713594436646,
        "9": 0.3573566675186157
    },
    "160": {
        "0": 0.4026903808116913,
        "1": 0.3956507444381714,
        "2": 0.3937635123729706,
        "3": 0.3803875148296356,
        "4": 0.37922418117523193,
        "5": 0.3754631280899048,
        "6": 0.37490785121917725,
        "7": 0.370390921831131,
        "8": 0.36495617032051086,
        "9": 0.36460161209106445
    },
    "176": {
        "0": 0.3875083923339844,
        "1": 0.38395458459854126,
        "2": 0.3830299377441406,
        "3": 0.35773441195487976,
        "4": 0.35703107714653015,
        "5": 0.35678377747535706,
        "6": 0.35164111852645874,
        "7": 0.3511664867401123,
        "8": 0.3484560251235962,
        "9": 0.3470930755138397
    },
    "192": {
        "0": 0.40565747022628784,
        "1": 0.3912162780761719,
        "2": 0.3894716799259186,
        "3": 0.3811476230621338,
        "4": 0.37937718629837036,
        "5": 0.3732492923736572,
        "6": 0.36835360527038574,
        "7": 0.3647949695587158,
        "8": 0.36189568042755127,
        "9": 0.3610120415687561
    },
    "208": {
        "0": 0.41336506605148315,
        "1": 0.39521360397338867,
        "2": 0.3946741819381714,
        "3": 0.3933476209640503,
        "4": 0.3928300738334656,
        "5": 0.3852957487106323,
        "6": 0.37768906354904175,
        "7": 0.3747832775115967,
        "8": 0.3743402063846588,
        "9": 0.37316200137138367
    },
    "224": {
        "0": 0.4073423147201538,
        "1": 0.4047923982143402,
        "2": 0.3992958664894104,
        "3": 0.3858376443386078,
        "4": 0.38233521580696106,
        "5": 0.38217368721961975,
        "6": 0.3773406445980072,
        "7": 0.37345269322395325,
        "8": 0.3733150064945221,
        "9": 0.3692590594291687
    },
    "240": {
        "0": 0.4200080931186676,
        "1": 0.40503808856010437,
        "2": 0.4022807776927948,
        "3": 0.3994852900505066,
        "4": 0.3956368863582611,
        "5": 0.39191022515296936,
        "6": 0.39149221777915955,
        "7": 0.3868670165538788,
        "8": 0.3842698335647583,
        "9": 0.38220369815826416
    },
    "256": {
        "0": 0.4225887358188629,
        "1": 0.4172448515892029,
        "2": 0.40445882081985474,
        "3": 0.4022672176361084,
        "4": 0.3990284204483032,
        "5": 0.3970780372619629,
        "6": 0.39536795020103455,
        "7": 0.39055925607681274,
        "8": 0.3889797031879425,
        "9": 0.386655330657959
    },
    "272": {
        "0": 0.4278971254825592,
        "1": 0.4142698049545288,
        "2": 0.41246291995048523,
        "3": 0.4093760550022125,
        "4": 0.40791675448417664,
        "5": 0.4018844962120056,
        "6": 0.4010336101055145,
        "7": 0.40058737993240356,
        "8": 0.40037840604782104,
        "9": 0.39940589666366577
    },
    "288": {
        "0": 0.42049989104270935,
        "1": 0.40289148688316345,
        "2": 0.39803972840309143,
        "3": 0.3974849581718445,
        "4": 0.39737048745155334,
        "5": 0.39701950550079346,
        "6": 0.39427074790000916,
        "7": 0.39207562804222107,
        "8": 0.38999903202056885,
        "9": 0.38475197553634644
    },
    "304": {
        "0": 0.4358530342578888,
        "1": 0.4163482189178467,
        "2": 0.41021987795829773,
        "3": 0.4074886739253998,
        "4": 0.4072234034538269,
        "5": 0.40566980838775635,
        "6": 0.40450724959373474,
        "7": 0.40437477827072144,
        "8": 0.40267449617385864,
        "9": 0.3999871015548706
    },
    "320": {
        "0": 0.4240741729736328,
        "1": 0.40502026677131653,
        "2": 0.4030827581882477,
        "3": 0.3988763093948364,
        "4": 0.39820441603660583,
        "5": 0.39735519886016846,
        "6": 0.3965544104576111,
        "7": 0.3960917592048645,
        "8": 0.3956696391105652,
        "9": 0.39180707931518555
    },
    "336": {
        "0": 0.4349752366542816,
        "1": 0.4114209711551666,
        "2": 0.40989580750465393,
        "3": 0.40983179211616516,
        "4": 0.40762200951576233,
        "5": 0.4073968231678009,
        "6": 0.40732046961784363,
        "7": 0.40705054998397827,
        "8": 0.400680273771286,
        "9": 0.39933186769485474
    },
    "352": {
        "0": 0.42388197779655457,
        "1": 0.3997546434402466,
        "2": 0.39665156602859497,
        "3": 0.39581555128097534,
        "4": 0.39483872056007385,
        "5": 0.3924448788166046,