{
    "0": {
        "0": 0.30259838700294495,
        "1": 0.2923247218132019,
        "2": 0.29211124777793884,
        "3": 0.27949967980384827,
        "4": 0.2716206908226013,
        "5": 0.2704278230667114,
        "6": 0.265192449092865,
        "7": 0.26353713870048523,
        "8": 0.2628112733364105,
        "9": 0.26275834441185
    },
    "16": {
        "0": 0.3050861358642578,
        "1": 0.29518428444862366,
        "2": 0.29456689953804016,
        "3": 0.28276586532592773,
        "4": 0.2732144594192505,
        "5": 0.27258560061454773,
        "6": 0.2669230103492737,
        "7": 0.26518359780311584,
        "8": 0.26474225521087646,
        "9": 0.2636513113975525
    },
    "32": {
        "0": 0.3106405735015869,
        "1": 0.29711905121803284,
        "2": 0.2965642511844635,
        "3": 0.2834818959236145,
        "4": 0.27778860926628113,
        "5": 0.2758447229862213,
        "6": 0.2721661329269409,
        "7": 0.2677881419658661,
        "8": 0.26776793599128723,
        "9": 0.26692450046539307
    },
    "48": {
        "0": 0.3093905448913574,
        "1": 0.29969266057014465,
        "2": 0.29608994722366333,
        "3": 0.2828107476234436,
        "4": 0.27583977580070496,
        "5": 0.27159178256988525,
        "6": 0.26982808113098145,
        "7": 0.26173222064971924,
        "8": 0.2614014148712158,
        "9": 0.260593056678772
    },
    "64": {
        "0": 0.3028925657272339,
        "1": 0.29283249378204346,
        "2": 0.2919805943965912,
        "3": 0.2782183587551117,
        "4": 0.27256470918655396,
        "5": 0.26597002148628235,
        "6": 0.25648733973503113,
        "7": 0.2496699094772339,
        "8": 0.2488979548215866,
        "9": 0.248631089925766
    },
    "80": {
        "0": 0.30927038192749023,
        "1": 0.3006875216960907,
        "2": 0.2923599183559418,
        "3": 0.27949461340904236,
        "4": 0.27384069561958313,
        "5": 0.26896047592163086,
        "6": 0.2618590295314789,
        "7": 0.2559739947319031,
        "8": 0.25579360127449036,
        "9": 0.25272616744041443
    },
    "96": {
        "0": 0.3080061972141266,
        "1": 0.30152493715286255,
        "2": 0.2920065224170685,
        "3": 0.28018003702163696,
        "4": 0.27352163195610046,
        "5": 0.27181121706962585,
        "6": 0.2680472731590271,
        "7": 0.26413074135780334,
        "8": 0.26359033584594727,
        "9": 0.2625786066055298
    },
    "112": {
        "0": 0.3077770173549652,
        "1": 0.2989051043987274,
        "2": 0.2914079427719116,
        "3": 0.27921706438064575,
        "4": 0.27323654294013977,
        "5": 0.2688109576702118,
        "6": 0.26821574568748474,
        "7": 0.2617407739162445,
        "8": 0.2613634169101715,
        "9": 0.26055967807769775
    },
    "128": {
        "0": 0.32445505261421204,
        "1": 0.32048308849334717,
        "2": 0.30153995752334595,
        "3": 0.29859232902526855,
        "4": 0.2922000586986542,
        "5": 0.2915636897087097,
        "6": 0.29020971059799194,
        "7": 0.2893770933151245,
        "8": 0.28586551547050476,
        "9": 0.28206056356430054
    },
    "144": {
        "0": 0.3292383849620819,
        "1": 0.322513610124588,
        "2": 0.30338889360427856,
        "3": 0.298389732837677,
        "4": 0.293442040681839,
        "5": 0.29270273447036743,
        "6": 0.2919456362724304,
        "7": 0.2901901602745056,
        "8": 0.28784796595573425,
        "9": 0.28394460678100586
    },
    "160": {
        "0": 0.3344819247722626,
        "1": 0.3316586911678314,
        "2": 0.31088823080062866,
        "3": 0.30156219005584717,
        "4": 0.30108964443206787,
        "5": 0.29643234610557556,
        "6": 0.29483434557914734,
        "7": 0.2930923104286194,
        "8": 0.2900586426258087,
        "9": 0.28988081216812134
    },
    "176": {
        "0": 0.34173160791397095,
        "1": 0.3325692117214203,
        "2": 0.3286631107330322,
        "3": 0.32233890891075134,
        "4": 0.3180665671825409,
        "5": 0.31700655817985535,
        "6": 0.3159082233905792,
        "7": 0.31448739767074585,
        "8": 0.3133346140384674,
        "9": 0.30899590253829956
    },
    "192": {
        "0": 0.31343501806259155,
        "1": 0.31060630083084106,
        "2": 0.30220723152160645,
        "3": 0.29390808939933777,
        "4": 0.28099313378334045,
        "5": 0.280650794506073,
        "6": 0.27573004364967346,
        "7": 0.2731996476650238,
        "8": 0.27153119444847107,
        "9": 0.2710229158401489
    },
    "208": {
        "0": 0.3315311074256897,
        "1": 0.3239266872406006,
        "2": 0.3208422362804413,
        "3": 0.31164467334747314,
        "4": 0.30917128920555115,
        "5": 0.30886340141296387,
        "6": 0.3073691725730896,
        "7": 0.3045492470264435,
        "8": 0.3043910264968872,
        "9": 0.29936322569847107
    },
    "224": {
        "0": 0.3292941451072693,
        "1": 0.32665619254112244,
        "2": 0.31996530294418335,
        "3": 0.31150487065315247,
        "4": 0.30850350856781006,
        "5": 0.3075656294822693,
        "6": 0.3055463433265686,
        "7": 0.304631769657135,
        "8": 0.30317211151123047,
        "9": 0.2980217933654785
    },
    "240": {
        "0": 0.32031112909317017,
        "1": 0.3191473186016083,
        "2": 0.3045715093612671,
        "3": 0.2962195873260498,
        "4": 0.29446884989738464,
        "5": 0.289048969745636,
        "6": 0.2886697053909302,
        "7": 0.2882462739944458,
        "8": 0.2865423560142517,
        "9": 0.28462839126586914
    },
    "256": {
        "0": 0.33873918652534485,
        "1": 0.33764755725860596,
        "2": 0.325751930475235,
        "3": 0.3166995942592621,
        "4": 0.31465640664100647,
        "5": 0.3145195245742798,
        "6": 0.3140091001987457,
        "7": 0.31073233485221863,
        "8": 0.30791884660720825,
        "9": 0.3042609691619873
    },
    "272": {
        "0": 0.33323371410369873,
        "1": 0.3296680748462677,
        "2": 0.3198912441730499,
        "3": 0.3140660524368286,
        "4": 0.31007617712020874,
        "5": 0.30841609835624695,
        "6": 0.3074706792831421,
        "7": 0.30738991498947144,
        "8": 0.3045843541622162,
        "9": 0.3011978268623352
    },
    "288": {
        "0": 0.31111857295036316,
        "1": 0.30955103039741516,
        "2": 0.29149580001831055,
        "3": 0.2881377041339874,
        "4": 0.27590224146842957,
        "5": 0.2722157835960388,
        "6": 0.26595190167427063,
        "7": 0.26389390230178833,
        "8": 0.2631765902042389,
        "9": 0.26214084029197693
    },
    "304": {
        "0": 0.33451035618782043,
        "1": 0.33215850591659546,
        "2": 0.3099673390388489,
        "3": 0.3046070635318756,
        "4": 0.30407458543777466,
        "5": 0.29609647393226624,
        "6": 0.2951097786426544,
        "7": 0.2941775619983673,
        "8": 0.2941393256187439,
        "9": 0.2930452823638916
    },
    "320": {
        "0": 0.3234189450740814,
        "1": 0.3204745650291443,
        "2": 0.3007330894470215,
        "3": 0.29483693838119507,
        "4": 0.2883785665035248,
        "5": 0.28658947348594666,
        "6": 0.28212231397628784,
        "7": 0.27978983521461487,
        "8": 0.2781743109226227,
        "9": 0.2781243622303009
    },
    "336": {
        "0": 0.31095677614212036,
        "1": 0.30312150716781616,
        "2": 0.28905636072158813,
        "3": 0.2844139635562897,
        "4": 0.2767489552497864,
        "5": 0.27492555975914,
        "6": 0.2692925035953522,
        "7": 0.26763901114463806,
        "8": 0.26674988865852356,
        "9": 0.2641651928424835
    },
    "352": {
        "0": 0.325071781873703,
        "1": 0.3176735043525696,
        "2": 0.29802051186561584,
        "3": 0.2975010871887207,
        "4": 0.2938712537288666,
        "5": 0.2907499670982361,