{
    "0": {
        "0": 0.386033833026886,
        "1": 0.3773898482322693,
        "2": 0.37123730778694153,
        "3": 0.36973950266838074,
        "4": 0.36025702953338623,
        "5": 0.34727951884269714,
        "6": 0.34648585319519043,
        "7": 0.3437560796737671,
        "8": 0.34123143553733826,
        "9": 0.3408557176589966
    },
    "16": {
        "0": 0.3880269229412079,
        "1": 0.3758847713470459,
        "2": 0.37216243147850037,
        "3": 0.3697171211242676,
        "4": 0.3585100769996643,
        "5": 0.3459694981575012,
        "6": 0.34406521916389465,
        "7": 0.34285902976989746,
        "8": 0.34235191345214844,
        "9": 0.34233996272087097
    },
    "32": {
        "0": 0.386863648891449,
        "1": 0.3785299062728882,
        "2": 0.3723445236682892,
        "3": 0.36685672402381897,
        "4": 0.3608092665672302,
        "5": 0.34898585081100464,
        "6": 0.34560444951057434,
        "7": 0.343585729598999,
        "8": 0.3420233726501465,
        "9": 0.34084832668304443
    },
    "48": {
        "0": 0.38993680477142334,
        "1": 0.3803630471229553,
        "2": 0.37456923723220825,
        "3": 0.3714357316493988,
        "4": 0.36151692271232605,
        "5": 0.352169930934906,
        "6": 0.346190869808197,
        "7": 0.3461441993713379,
        "8": 0.3450852930545807,
        "9": 0.34285643696784973
    },
    "64": {
        "0": 0.39282625913619995,
        "1": 0.3911914825439453,
        "2": 0.3845228850841522,
        "3": 0.3819369673728943,
        "4": 0.3749212324619293,
        "5": 0.37171515822410583,
        "6": 0.36561429500579834,
        "7": 0.36504074931144714,
        "8": 0.36083123087882996,
        "9": 0.3571511209011078
    },
    "80": {
        "0": 0.3994743824005127,
        "1": 0.3973466157913208,
        "2": 0.3884698450565338,
        "3": 0.38645175099372864,
        "4": 0.3790087401866913,
        "5": 0.3747948408126831,
        "6": 0.3694854974746704,
        "7": 0.36633023619651794,
        "8": 0.3641723692417145,
        "9": 0.3619968891143799
    },
    "96": {
        "0": 0.39228004217147827,
        "1": 0.3891769051551819,
        "2": 0.38070622086524963,
        "3": 0.37661176919937134,
        "4": 0.3763781487941742,
        "5": 0.3757995665073395,
        "6": 0.36633265018463135,
        "7": 0.36398860812187195,
        "8": 0.3638923466205597,
        "9": 0.35614386200904846
    },
    "112": {
        "0": 0.3852670192718506,
        "1": 0.38022923469543457,
        "2": 0.3733862638473511,
        "3": 0.37011197209358215,
        "4": 0.36854788661003113,
        "5": 0.36732035875320435,
        "6": 0.36293187737464905,
        "7": 0.3613407015800476,
        "8": 0.35637569427490234,
        "9": 0.35288798809051514
    },
    "128": {
        "0": 0.3846665024757385,
        "1": 0.38390836119651794,
        "2": 0.3770913779735565,
        "3": 0.3697972893714905,
        "4": 0.3656516671180725,
        "5": 0.3583396375179291,
        "6": 0.3540861904621124,
        "7": 0.3522570729255676,
        "8": 0.35210850834846497,
        "9": 0.3494402766227722
    },
    "144": {
        "0": 0.393649697303772,
        "1": 0.39068567752838135,
        "2": 0.3821120858192444,
        "3": 0.37775129079818726,
        "4": 0.3708420395851135,
        "5": 0.36668112874031067,
        "6": 0.3594178259372711,
        "7": 0.3581145107746124,
        "8": 0.35655033588409424,
        "9": 0.3559592664241791
    },
    "160": {
        "0": 0.39257675409317017,
        "1": 0.38815486431121826,
        "2": 0.382474422454834,
        "3": 0.3804655969142914,
        "4": 0.37120792269706726,
        "5": 0.366477370262146,
        "6": 0.3625686466693878,
        "7": 0.3596319556236267,
        "8": 0.3576396703720093,
        "9": 0.35563239455223083
    },
    "176": {
        "0": 0.3872808516025543,
        "1": 0.38554608821868896,
        "2": 0.3777713179588318,
        "3": 0.37515726685523987,
        "4": 0.36934545636177063,
        "5": 0.3682933747768402,
        "6": 0.36363211274147034,
        "7": 0.360910028219223,
        "8": 0.35682955384254456,
        "9": 0.35168740153312683
    },
    "192": {
        "0": 0.38347336649894714,
        "1": 0.38193127512931824,
        "2": 0.3722480833530426,
        "3": 0.37082549929618835,
        "4": 0.370341420173645,
        "5": 0.36581042408943176,
        "6": 0.36313921213150024,
        "7": 0.3616696000099182,
        "8": 0.35972222685813904,
        "9": 0.3518161475658417
    },
    "208": {
        "0": 0.38510873913764954,
        "1": 0.3819204866886139,
        "2": 0.37380895018577576,
        "3": 0.37295788526535034,
        "4": 0.36760401725769043,
        "5": 0.36422374844551086,
        "6": 0.36419087648391724,
        "7": 0.36045193672180176,
        "8": 0.35799917578697205,
        "9": 0.35036253929138184
    },
    "224": {
        "0": 0.38522428274154663,
        "1": 0.3802615702152252,
        "2": 0.37410300970077515,
        "3": 0.3735344409942627,
        "4": 0.3665515184402466,
        "5": 0.3636304438114166,
        "6": 0.3627340793609619,
        "7": 0.3581318259239197,
        "8": 0.35737448930740356,
        "9": 0.34892308712005615
    },
    "240": {
        "0": 0.4072863459587097,
        "1": 0.3970978260040283,
        "2": 0.3942173719406128,
        "3": 0.39282891154289246,
        "4": 0.37888145446777344,
        "5": 0.37475505471229553,
        "6": 0.3737260699272156,
        "7": 0.36784079670906067,
        "8": 0.36733973026275635,
        "9": 0.3663346469402313
    },
    "256": {
        "0": 0.3891791105270386,
        "1": 0.38228049874305725,
        "2": 0.3774835169315338,
        "3": 0.3759002089500427,
        "4": 0.36408987641334534,
        "5": 0.3606940507888794,
        "6": 0.3543447256088257,
        "7": 0.35343536734580994,
        "8": 0.3508318066596985,
        "9": 0.3506242334842682
    },
    "272": {
        "0": 0.39895427227020264,
        "1": 0.3900662362575531,
        "2": 0.3867383897304535,
        "3": 0.3836747705936432,
        "4": 0.3733282685279846,
        "5": 0.36726880073547363,
        "6": 0.3662744164466858,
        "7": 0.36105549335479736,
        "8": 0.3606118857860565,
        "9": 0.359931081533432
    },
    "288": {
        "0": 0.4027545750141144,
        "1": 0.3933406174182892,
        "2": 0.39042431116104126,
        "3": 0.38987043499946594,
        "4": 0.3751992881298065,
        "5": 0.3702865540981293,
        "6": 0.36430904269218445,
        "7": 0.36408841609954834,
        "8": 0.3610455095767975,
        "9": 0.36102747917175293
    },
    "304": {
        "0": 0.3826732039451599,
        "1": 0.3820677399635315,
        "2": 0.38187262415885925,
        "3": 0.381682813167572,
        "4": 0.37475335597991943,
        "5": 0.3723491132259369,
        "6": 0.3717084228992462,
        "7": 0.3677329421043396,
        "8": 0.36711838841438293,
        "9": 0.36439287662506104
    },
    "320": {
        "0": 0.38500088453292847,
        "1": 0.3844410181045532,
        "2": 0.3832775950431824,
        "3": 0.3785722255706787,
        "4": 0.3764823079109192,
        "5": 0.3708565831184387,
        "6": 0.366046279668808,
        "7": 0.365892618894577,
        "8": 0.3648076355457306,
        "9": 0.3595983684062958
    },
    "336": {
        "0": 0.3828555643558502,
        "1": 0.38023436069488525,
        "2": 0.3792453110218048,
        "3": 0.3749673664569855,
        "4": 0.3724181354045868,
        "5": 0.3678317368030548,
        "6": 0.3656190037727356,
        "7": 0.3620810806751251,
        "8": 0.3616575002670288,
        "9": 0.3605990409851074
    },
    "352": {
        "0": 0.3943234086036682,
        "1": 0.3924330472946167,
        "2": 0.38930195569992065,
        "3": 0.3868201673030853,
        "4": 0.3790299892425537,
        "5": 0.3784949779510498,
        "6": 0.37744641304016113,