{
    "0": {
        "0": 0.3737550973892212,
        "1": 0.36893951892852783,
        "2": 0.3641762137413025,
        "3": 0.36238908767700195,
        "4": 0.3592033386230469,
        "5": 0.35905733704566956,
        "6": 0.35752207040786743,
        "7": 0.3572903573513031,
        "8": 0.3569238483905792,
        "9": 0.3446075916290283
    },
    "16": {
        "0": 0.37248656153678894,
        "1": 0.36767515540122986,
        "2": 0.36185577511787415,
        "3": 0.35553693771362305,
        "4": 0.35463201999664307,
        "5": 0.3538746237754822,
        "6": 0.35182228684425354,
        "7": 0.35052621364593506,
        "8": 0.3496112823486328,
        "9": 0.33382344245910645
    },
    "32": {
        "0": 0.3621317744255066,
        "1": 0.36039817333221436,
        "2": 0.3582574725151062,
        "3": 0.35393714904785156,
        "4": 0.35113072395324707,
        "5": 0.34847843647003174,
        "6": 0.3465244472026825,
        "7": 0.34501558542251587,
        "8": 0.34431037306785583,
        "9": 0.3364241123199463
    },
    "48": {
        "0": 0.3619306981563568,
        "1": 0.36072421073913574,
        "2": 0.3591079115867615,
        "3": 0.35173875093460083,
        "4": 0.3505992293357849,
        "5": 0.34679874777793884,
        "6": 0.34347009658813477,
        "7": 0.34140604734420776,
        "8": 0.34104257822036743,
        "9": 0.33964693546295166
    },
    "64": {
        "0": 0.3619306981563568,
        "1": 0.36072421073913574,
        "2": 0.3591079115867615,
        "3": 0.35173875093460083,
        "4": 0.3505992293357849,
        "5": 0.34679874777793884,
        "6": 0.34347009658813477,
        "7": 0.34140604734420776,
        "8": 0.34104257822036743,
        "9": 0.33964693546295166
    },
    "80": {
        "0": 0.3619306981563568,
        "1": 0.36072421073913574,
        "2": 0.3591079115867615,
        "3": 0.35173875093460083,
        "4": 0.3505992293357849,
        "5": 0.34679874777793884,
        "6": 0.34347009658813477,
        "7": 0.34140604734420776,
        "8": 0.34104257822036743,
        "9": 0.33964693546295166
    },
    "96": {
        "0": 0.3619306981563568,
        "1": 0.36072421073913574,
        "2": 0.3591079115867615,
        "3": 0.35173875093460083,
        "4": 0.3505992293357849,
        "5": 0.34679874777793884,
        "6": 0.34347009658813477,
        "7": 0.34140604734420776,
        "8": 0.34104257822036743,
        "9": 0.33964693546295166
    },
    "112": {
        "0": 0.3619306981563568,
        "1": 0.36072421073913574,
        "2": 0.3591079115867615,
        "3": 0.35173875093460083,
        "4": 0.3505992293357849,
        "5": 0.34679874777793884,
        "6": 0.34347009658813477,
        "7": 0.34140604734420776,
        "8": 0.34104257822036743,
        "9": 0.33964693546295166
    },
    "128": {
        "0": 0.35098329186439514,
        "1": 0.3495337963104248,
        "2": 0.34784936904907227,
        "3": 0.3402579426765442,
        "4": 0.3369606137275696,
        "5": 0.33622777462005615,
        "6": 0.33280134201049805,
        "7": 0.3317590653896332,
        "8": 0.33173319697380066,
        "9": 0.3310432434082031
    },
    "144": {
        "0": 0.35229092836380005,
        "1": 0.3462168574333191,
        "2": 0.34327462315559387,
        "3": 0.33257126808166504,
        "4": 0.33044183254241943,
        "5": 0.32855117321014404,
        "6": 0.32845795154571533,
        "7": 0.32837390899658203,
        "8": 0.3259165287017822,
        "9": 0.3184552490711212
    }
}