{
    "0": {
        "0": 0.4131903350353241,
        "1": 0.4073220193386078,
        "2": 0.3877766728401184,
        "3": 0.3784562945365906,
        "4": 0.37336260080337524,
        "5": 0.3642389178276062,
        "6": 0.3608287274837494,
        "7": 0.35988807678222656,
        "8": 0.3478507697582245,
        "9": 0.3371732234954834
    },
    "16": {
        "0": 0.3996768295764923,
        "1": 0.39120596647262573,
        "2": 0.3725973963737488,
        "3": 0.3616389334201813,
        "4": 0.3611903190612793,
        "5": 0.3488427400588989,
        "6": 0.3484743535518646,
        "7": 0.34695008397102356,
        "8": 0.3390040397644043,
        "9": 0.3313923180103302
    },
    "32": {
        "0": 0.4154599606990814,
        "1": 0.40845829248428345,
        "2": 0.37781304121017456,
        "3": 0.3674316704273224,
        "4": 0.3665814995765686,
        "5": 0.3531382083892822,
        "6": 0.35197606682777405,
        "7": 0.35041919350624084,
        "8": 0.3444848954677582,
        "9": 0.3332390785217285
    },
    "48": {
        "0": 0.3918657600879669,
        "1": 0.3822949230670929,
        "2": 0.3707617223262787,
        "3": 0.36254584789276123,
        "4": 0.3597537577152252,
        "5": 0.34636229276657104,
        "6": 0.3429805338382721,
        "7": 0.3418358862400055,
        "8": 0.33954355120658875,
        "9": 0.3320769667625427
    },
    "64": {
        "0": 0.3831070065498352,
        "1": 0.37369224429130554,
        "2": 0.36059314012527466,
        "3": 0.3568909466266632,
        "4": 0.35172921419143677,
        "5": 0.3407161235809326,
        "6": 0.33703264594078064,
        "7": 0.33378028869628906,
        "8": 0.33284831047058105,
        "9": 0.3307328522205353
    },
    "80": {
        "0": 0.36620032787323,
        "1": 0.3570941388607025,
        "2": 0.35199207067489624,
        "3": 0.3501625657081604,
        "4": 0.3392333984375,
        "5": 0.3326137661933899,
        "6": 0.32918769121170044,
        "7": 0.32857826352119446,
        "8": 0.3230086863040924,
        "9": 0.3209353983402252
    },
    "96": {
        "0": 0.37680482864379883,
        "1": 0.3707607090473175,
        "2": 0.3685263395309448,
        "3": 0.36697784066200256,
        "4": 0.35857897996902466,
        "5": 0.3506050407886505,
        "6": 0.3486515283584595,
        "7": 0.34537211060523987,
        "8": 0.3343721330165863,
        "9": 0.33229947090148926
    },
    "112": {
        "0": 0.3900373578071594,
        "1": 0.38112571835517883,
        "2": 0.37159401178359985,
        "3": 0.3640761077404022,
        "4": 0.35524511337280273,
        "5": 0.34998130798339844,
        "6": 0.34779852628707886,
        "7": 0.3436979651451111,
        "8": 0.33962786197662354,
        "9": 0.3257957994937897
    },
    "128": {
        "0": 0.27931520342826843,
        "1": 0.2642097771167755,
        "2": 0.26022428274154663,
        "3": 0.25089889764785767,
        "4": 0.24892866611480713,
        "5": 0.24355480074882507,
        "6": 0.24165992438793182,
        "7": 0.23386673629283905,
        "8": 0.23291033506393433,
        "9": 0.23016203939914703
    },
    "144": {
        "0": 0.3008445203304291,
        "1": 0.29166504740715027,
        "2": 0.28812819719314575,
        "3": 0.2839580178260803,
        "4": 0.2833695113658905,
        "5": 0.2734077572822571,
        "6": 0.2724565863609314,
        "7": 0.2702893316745758,
        "8": 0.26540541648864746,
        "9": 0.2639087438583374
    },
    "160": {
        "0": 0.3059917688369751,
        "1": 0.2992357015609741,
        "2": 0.2936936616897583,
        "3": 0.29103291034698486,
        "4": 0.28576916456222534,
        "5": 0.2817859649658203,
        "6": 0.2781015932559967,
        "7": 0.27529972791671753,
        "8": 0.2735392451286316,
        "9": 0.26558610796928406
    },
    "176": {
        "0": 0.41643887758255005,
        "1": 0.4101262092590332,
        "2": 0.3876005709171295,
        "3": 0.3858056366443634,
        "4": 0.38051971793174744,
        "5": 0.3802313208580017,
        "6": 0.371620237827301,
        "7": 0.35901403427124023,
        "8": 0.3501545786857605,
        "9": 0.3343196511268616
    },
    "192": {
        "0": 0.3909274935722351,
        "1": 0.3869238793849945,
        "2": 0.3845021426677704,
        "3": 0.3699692487716675,
        "4": 0.36991995573043823,
        "5": 0.36694952845573425,
        "6": 0.36004114151000977,
        "7": 0.35373982787132263,
        "8": 0.3461476266384125,
        "9": 0.3359995186328888
    },
    "208": {
        "0": 0.3819783329963684,
        "1": 0.3774023950099945,
        "2": 0.3748460114002228,
        "3": 0.360649049282074,
        "4": 0.3581405282020569,
        "5": 0.3564872741699219,
        "6": 0.3520580232143402,
        "7": 0.3415355086326599,
        "8": 0.3392780125141144,
        "9": 0.32719412446022034
    },
    "224": {
        "0": 0.3756307065486908,
        "1": 0.37047865986824036,
        "2": 0.36758700013160706,
        "3": 0.3529176712036133,
        "4": 0.35093528032302856,
        "5": 0.3464512526988983,
        "6": 0.34504035115242004,
        "7": 0.3352777361869812,
        "8": 0.3341314196586609,
        "9": 0.32116568088531494
    },
    "240": {
        "0": 0.3757009506225586,
        "1": 0.3704257011413574,
        "2": 0.36847609281539917,
        "3": 0.3576366901397705,
        "4": 0.35736191272735596,
        "5": 0.35327374935150146,
        "6": 0.34953752160072327,
        "7": 0.33961158990859985,
        "8": 0.3385597765445709,
        "9": 0.3260771930217743
    },
    "256": {
        "0": 0.388935387134552,
        "1": 0.3830096423625946,
        "2": 0.378042608499527,
        "3": 0.36516836285591125,
        "4": 0.36050230264663696,
        "5": 0.35760578513145447,
        "6": 0.35478171706199646,
        "7": 0.3464380204677582,
        "8": 0.3351689577102661,
        "9": 0.33360835909843445
    },
    "272": {
        "0": 0.3897262513637543,
        "1": 0.38088518381118774,
        "2": 0.3661920428276062,
        "3": 0.355278342962265,
        "4": 0.3542616069316864,
        "5": 0.3499651551246643,
        "6": 0.3445771634578705,
        "7": 0.33887848258018494,
        "8": 0.3327348828315735,
        "9": 0.32714879512786865
    },
    "288": {
        "0": 0.3712407350540161,
        "1": 0.3596854507923126,
        "2": 0.35946741700172424,
        "3": 0.3478749990463257,
        "4": 0.3463485836982727,
        "5": 0.34247681498527527,
        "6": 0.33913952112197876,
        "7": 0.3340032994747162,
        "8": 0.3280111849308014,
        "9": 0.31790438294410706
    },
    "304": {
        "0": 0.3625887334346771,
        "1": 0.3543083071708679,
        "2": 0.35412538051605225,
        "3": 0.3485259711742401,
        "4": 0.34283027052879333,
        "5": 0.3375937342643738,
        "6": 0.3332688808441162,
        "7": 0.33256882429122925,
        "8": 0.32432860136032104,
        "9": 0.3173845410346985
    },
    "320": {
        "0": 0.35172712802886963,
        "1": 0.3443671762943268,
        "2": 0.3431813716888428,
        "3": 0.3392510712146759,
        "4": 0.33017203211784363,
        "5": 0.32700130343437195,
        "6": 0.324431449174881,
        "7": 0.3219407796859741,
        "8": 0.31709203124046326,
        "9": 0.31083810329437256
    },
    "336": {
        "0": 0.3379247784614563,
        "1": 0.33653250336647034,
        "2": 0.33347851037979126,
        "3": 0.32777634263038635,
        "4": 0.3270650804042816,
        "5": 0.3250127136707306,
        "6": 0.31748464703559875,
        "7": 0.3170631229877472,
        "8": 0.3164222240447998,
        "9": 0.30953171849250793
    },
    "352": {
        "0": 0.3539566993713379,
        "1": 0.3468613624572754,
        "2": 0.3460805118083954,
        "3": 0.3453705906867981,
        "4": 0.3395807147026062,
        "5": 0.33609193563461304,
        "6": 0.32718318700790405,