{
    "0": {
        "0": 0.29223474860191345,
        "1": 0.2895379364490509,
        "2": 0.28759056329727173,
        "3": 0.2832152545452118,
        "4": 0.2685718238353729,
        "5": 0.26662924885749817,
        "6": 0.2636527717113495,
        "7": 0.26304271817207336,
        "8": 0.25813037157058716,
        "9": 0.25801005959510803
    },
    "16": {
        "0": 0.29901278018951416,
        "1": 0.2913327217102051,
        "2": 0.29082027077674866,
        "3": 0.2849474251270294,
        "4": 0.2724352180957794,
        "5": 0.2653026282787323,
        "6": 0.2645967900753021,
        "7": 0.2610730826854706,
        "8": 0.2608368992805481,
        "9": 0.2605924606323242
    },
    "32": {
        "0": 0.32862207293510437,
        "1": 0.32805177569389343,
        "2": 0.32243892550468445,
        "3": 0.32038015127182007,
        "4": 0.3097022771835327,
        "5": 0.30151498317718506,
        "6": 0.29881206154823303,
        "7": 0.2974550724029541,
        "8": 0.29499518871307373,
        "9": 0.29400432109832764
    },
    "48": {
        "0": 0.3419029712677002,
        "1": 0.34122756123542786,
        "2": 0.3351041376590729,
        "3": 0.32775670289993286,
        "4": 0.3251003623008728,
        "5": 0.3164427578449249,
        "6": 0.3076888620853424,
        "7": 0.3074409067630768,
        "8": 0.3061498999595642,
        "9": 0.3022864758968353
    },
    "64": {
        "0": 0.2925501763820648,
        "1": 0.2769719958305359,
        "2": 0.2767433822154999,
        "3": 0.27534356713294983,
        "4": 0.27442771196365356,
        "5": 0.27134713530540466,
        "6": 0.26539742946624756,
        "7": 0.26427826285362244,
        "8": 0.26400473713874817,
        "9": 0.2637138068675995
    },
    "80": {
        "0": 0.29480212926864624,
        "1": 0.2800758481025696,
        "2": 0.2786553204059601,
        "3": 0.2774956524372101,
        "4": 0.2746635973453522,
        "5": 0.27188077569007874,
        "6": 0.27020737528800964,
        "7": 0.26669496297836304,
        "8": 0.2654656171798706,
        "9": 0.2600818872451782
    },
    "96": {
        "0": 0.2955460250377655,
        "1": 0.2931957542896271,
        "2": 0.2904612421989441,
        "3": 0.2857472002506256,
        "4": 0.2762536108493805,
        "5": 0.2757052481174469,
        "6": 0.27013877034187317,
        "7": 0.26438793540000916,
        "8": 0.2636239230632782,
        "9": 0.262787401676178
    },
    "112": {
        "0": 0.3372350335121155,
        "1": 0.3351860046386719,
        "2": 0.3349241614341736,
        "3": 0.33190885186195374,
        "4": 0.3250170052051544,
        "5": 0.313129186630249,
        "6": 0.31084492802619934,
        "7": 0.3063424229621887,
        "8": 0.3057054579257965,
        "9": 0.30250346660614014
    },
    "128": {
        "0": 0.33119797706604004,
        "1": 0.32876572012901306,
        "2": 0.32587730884552,
        "3": 0.321300745010376,
        "4": 0.31448453664779663,
        "5": 0.3035621643066406,
        "6": 0.3016126751899719,
        "7": 0.29919958114624023,
        "8": 0.2985359728336334,
        "9": 0.2978539764881134
    },
    "144": {
        "0": 0.38445398211479187,
        "1": 0.3720529079437256,
        "2": 0.3662269711494446,
        "3": 0.3652383089065552,
        "4": 0.36399587988853455,
        "5": 0.36030927300453186,
        "6": 0.3530147671699524,
        "7": 0.3465385437011719,
        "8": 0.34585607051849365,
        "9": 0.3441011607646942
    },
    "160": {
        "0": 0.3640557527542114,
        "1": 0.34495773911476135,
        "2": 0.3411584794521332,
        "3": 0.34078100323677063,
        "4": 0.33601680397987366,
        "5": 0.3352591097354889,
        "6": 0.3325284719467163,
        "7": 0.32499927282333374,
        "8": 0.3207912743091583,
        "9": 0.3198484778404236
    },
    "176": {
        "0": 0.3707880675792694,
        "1": 0.36397576332092285,
        "2": 0.3575719892978668,
        "3": 0.3565552830696106,
        "4": 0.35596686601638794,
        "5": 0.3496640920639038,
        "6": 0.3394071161746979,
        "7": 0.33907899260520935,
        "8": 0.33830708265304565,
        "9": 0.3382495641708374
    },
    "192": {
        "0": 0.33716070652008057,
        "1": 0.33255401253700256,
        "2": 0.32712626457214355,
        "3": 0.31717821955680847,
        "4": 0.3163679838180542,
        "5": 0.31485432386398315,
        "6": 0.3113894462585449,
        "7": 0.3080332279205322,
        "8": 0.3043108284473419,
        "9": 0.30282607674598694
    },
    "208": {
        "0": 0.3905133605003357,
        "1": 0.37575918436050415,
        "2": 0.3725486397743225,
        "3": 0.3703397214412689,
        "4": 0.36650100350379944,
        "5": 0.363826721906662,
        "6": 0.36225539445877075,
        "7": 0.3572130501270294,
        "8": 0.3565322756767273,
        "9": 0.3557053208351135
    },
    "224": {
        "0": 0.3713134527206421,
        "1": 0.36574822664260864,
        "2": 0.36477798223495483,
        "3": 0.36116695404052734,
        "4": 0.3573492765426636,
        "5": 0.3506678342819214,
        "6": 0.3467918336391449,
        "7": 0.3461252450942993,
        "8": 0.34590479731559753,
        "9": 0.3408660590648651
    },
    "240": {
        "0": 0.3755668103694916,
        "1": 0.37492063641548157,
        "2": 0.3734302520751953,
        "3": 0.3715936541557312,
        "4": 0.37094351649284363,
        "5": 0.36564889550209045,
        "6": 0.3507648706436157,
        "7": 0.3498058319091797,
        "8": 0.347903311252594,
        "9": 0.3470979928970337
    },
    "256": {
        "0": 0.39226481318473816,
        "1": 0.39121633768081665,
        "2": 0.39091742038726807,
        "3": 0.3894793689250946,
        "4": 0.38282310962677,
        "5": 0.3764413893222809,
        "6": 0.37378638982772827,
        "7": 0.3691464066505432,
        "8": 0.3653316795825958,
        "9": 0.36194920539855957
    },
    "272": {
        "0": 0.40110740065574646,
        "1": 0.39445504546165466,
        "2": 0.3928014636039734,
        "3": 0.3892347514629364,
        "4": 0.3858506679534912,
        "5": 0.3763893246650696,
        "6": 0.37062564492225647,
        "7": 0.3691534399986267,
        "8": 0.36824825406074524,
        "9": 0.3670945465564728
    },
    "288": {
        "0": 0.3888908922672272,
        "1": 0.382550448179245,
        "2": 0.38169237971305847,
        "3": 0.3794751763343811,
        "4": 0.3705959916114807,
        "5": 0.36621537804603577,
        "6": 0.3641854524612427,
        "7": 0.3621458411216736,
        "8": 0.35957375168800354,
        "9": 0.35819900035858154
    },
    "304": {
        "0": 0.3284943997859955,
        "1": 0.32185590267181396,
        "2": 0.31375008821487427,
        "3": 0.3077344298362732,
        "4": 0.30412325263023376,
        "5": 0.3033066987991333,
        "6": 0.30166685581207275,
        "7": 0.30094587802886963,
        "8": 0.2968815267086029,
        "9": 0.29637664556503296
    },
    "320": {
        "0": 0.329873651266098,
        "1": 0.31241679191589355,
        "2": 0.31122446060180664,
        "3": 0.309594988822937,
        "4": 0.3047176003456116,
        "5": 0.30053985118865967,
        "6": 0.299164742231369,
        "7": 0.29908135533332825,
        "8": 0.2984376847743988,
        "9": 0.2983911335468292
    },
    "336": {
        "0": 0.3828675448894501,
        "1": 0.3670720160007477,
        "2": 0.36306479573249817,
        "3": 0.36289024353027344,
        "4": 0.36234256625175476,
        "5": 0.3614298701286316,
        "6": 0.359490305185318,
        "7": 0.3594851493835449,
        "8": 0.35534223914146423,
        "9": 0.3499409854412079
    },
    "352": {
        "0": 0.3903619647026062,
        "1": 0.37569740414619446,
        "2": 0.36742186546325684,
        "3": 0.3668961524963379,
        "4": 0.3647741675376892,
        "5": 0.36273348331451416,
        "6": 0.36174264550209045,