{
    "0": {
        "0": 0.4389188587665558,
        "1": 0.4341285526752472,
        "2": 0.42997100949287415,
        "3": 0.42937034368515015,
        "4": 0.4249325394630432,
        "5": 0.41784122586250305,
        "6": 0.41750943660736084,
        "7": 0.41495978832244873,
        "8": 0.41163933277130127,
        "9": 0.41013821959495544
    },
    "16": {
        "0": 0.4443745017051697,
        "1": 0.4410010576248169,
        "2": 0.4379773437976837,
        "3": 0.43677711486816406,
        "4": 0.4359484314918518,
        "5": 0.42750275135040283,
        "6": 0.4261099100112915,
        "7": 0.4256298840045929,
        "8": 0.42301955819129944,
        "9": 0.4208022952079773
    },
    "32": {
        "0": 0.43441468477249146,
        "1": 0.43067970871925354,
        "2": 0.42863917350769043,
        "3": 0.42691636085510254,
        "4": 0.42666181921958923,
        "5": 0.4233089089393616,
        "6": 0.41990137100219727,
        "7": 0.41613948345184326,
        "8": 0.41360658407211304,
        "9": 0.41350090503692627
    },
    "48": {
        "0": 0.42683207988739014,
        "1": 0.4243716299533844,
        "2": 0.4215014576911926,
        "3": 0.4196154475212097,
        "4": 0.41960829496383667,
        "5": 0.4124477505683899,
        "6": 0.41125717759132385,
        "7": 0.4093223810195923,
        "8": 0.40846216678619385,
        "9": 0.40549540519714355
    },
    "64": {
        "0": 0.429573655128479,
        "1": 0.4275662302970886,
        "2": 0.42419546842575073,
        "3": 0.4241182208061218,
        "4": 0.42401421070098877,
        "5": 0.41846969723701477,
        "6": 0.41602104902267456,
        "7": 0.4157743453979492,
        "8": 0.4090021848678589,
        "9": 0.40546759963035583
    },
    "80": {
        "0": 0.4291921854019165,
        "1": 0.4270497262477875,
        "2": 0.4228876531124115,
        "3": 0.42262494564056396,
        "4": 0.42192986607551575,
        "5": 0.41455531120300293,
        "6": 0.4122866094112396,
        "7": 0.4116772413253784,
        "8": 0.40891432762145996,
        "9": 0.4072364866733551
    },
    "96": {
        "0": 0.43088778853416443,
        "1": 0.4291006326675415,
        "2": 0.4252321124076843,
        "3": 0.4233604669570923,
        "4": 0.42241084575653076,
        "5": 0.41767582297325134,
        "6": 0.4143890142440796,
        "7": 0.4105634093284607,
        "8": 0.4079623222351074,
        "9": 0.40641218423843384
    },
    "112": {
        "0": 0.42847567796707153,
        "1": 0.4263506233692169,
        "2": 0.42376816272735596,
        "3": 0.421434223651886,
        "4": 0.4174526035785675,
        "5": 0.41140586137771606,
        "6": 0.40800929069519043,
        "7": 0.4076229929924011,
        "8": 0.4049720764160156,
        "9": 0.4048195481300354
    },
    "128": {
        "0": 0.42329251766204834,
        "1": 0.42031359672546387,
        "2": 0.41765227913856506,
        "3": 0.41418421268463135,
        "4": 0.41106313467025757,
        "5": 0.4050775170326233,
        "6": 0.4037046432495117,
        "7": 0.40279102325439453,
        "8": 0.3982755243778229,
        "9": 0.39761921763420105
    },
    "144": {
        "0": 0.42555364966392517,
        "1": 0.423531711101532,
        "2": 0.4223378896713257,
        "3": 0.4188968539237976,
        "4": 0.41730961203575134,
        "5": 0.41359013319015503,
        "6": 0.4124404489994049,
        "7": 0.41156402230262756,
        "8": 0.4022999405860901,
        "9": 0.40086060762405396
    },
    "160": {
        "0": 0.42389488220214844,
        "1": 0.42169189453125,
        "2": 0.41877758502960205,
        "3": 0.4177933931350708,
        "4": 0.4175751507282257,
        "5": 0.41285064816474915,
        "6": 0.41087353229522705,
        "7": 0.4107305407524109,
        "8": 0.4047740399837494,
        "9": 0.4026816189289093
    },
    "176": {
        "0": 0.4303349554538727,
        "1": 0.42948126792907715,
        "2": 0.42072367668151855,
        "3": 0.4156695604324341,
        "4": 0.4145207405090332,
        "5": 0.41418230533599854,
        "6": 0.41330987215042114,
        "7": 0.40889009833335876,
        "8": 0.40557363629341125,
        "9": 0.4052034318447113
    },
    "192": {
        "0": 0.40390005707740784,
        "1": 0.4005839228630066,
        "2": 0.3995382487773895,
        "3": 0.3978484570980072,
        "4": 0.3956036865711212,
        "5": 0.39507025480270386,
        "6": 0.39480701088905334,
        "7": 0.3933623135089874,
        "8": 0.3911875784397125,
        "9": 0.3894621431827545
    },
    "208": {
        "0": 0.3928585946559906,
        "1": 0.3897882401943207,
        "2": 0.38786518573760986,
        "3": 0.38707393407821655,
        "4": 0.3825141191482544,
        "5": 0.38200801610946655,
        "6": 0.38088810443878174,
        "7": 0.38069823384284973,
        "8": 0.38037264347076416,
        "9": 0.38009732961654663
    },
    "224": {
        "0": 0.38160988688468933,
        "1": 0.37829655408859253,
        "2": 0.3779810070991516,
        "3": 0.3772212266921997,
        "4": 0.3765581250190735,
        "5": 0.3748593330383301,
        "6": 0.374406099319458,
        "7": 0.37398284673690796,
        "8": 0.3738771378993988,
        "9": 0.37190428376197815
    },
    "240": {
        "0": 0.38672465085983276,
        "1": 0.3832957148551941,
        "2": 0.3804786205291748,
        "3": 0.3803250789642334,
        "4": 0.37893205881118774,
        "5": 0.378266841173172,
        "6": 0.3774157762527466,
        "7": 0.3743825852870941,
        "8": 0.3738507330417633,
        "9": 0.37115758657455444
    },
    "256": {
        "0": 0.43912211060523987,
        "1": 0.43491485714912415,
        "2": 0.43424496054649353,
        "3": 0.43201807141304016,
        "4": 0.43163442611694336,
        "5": 0.42845115065574646,
        "6": 0.4280596673488617,
        "7": 0.417440265417099,
        "8": 0.4174107313156128,
        "9": 0.4172978699207306
    },
    "272": {
        "0": 0.43503475189208984,
        "1": 0.4297102093696594,
        "2": 0.4293191432952881,
        "3": 0.4228745698928833,
        "4": 0.42008519172668457,
        "5": 0.41833165287971497,
        "6": 0.41800248622894287,
        "7": 0.4135599732398987,
        "8": 0.4099527597427368,
        "9": 0.40532785654067993
    },
    "288": {
        "0": 0.4350070357322693,
        "1": 0.4318631589412689,
        "2": 0.43021056056022644,
        "3": 0.42863744497299194,
        "4": 0.4282098114490509,
        "5": 0.42593052983283997,
        "6": 0.424672931432724,
        "7": 0.41509535908699036,
        "8": 0.41349872946739197,
        "9": 0.41332346200942993
    },
    "304": {
        "0": 0.4394291043281555,
        "1": 0.4370277225971222,
        "2": 0.4356120228767395,
        "3": 0.43388617038726807,
        "4": 0.4322018623352051,
        "5": 0.4313945770263672,
        "6": 0.4270187318325043,
        "7": 0.4207688271999359,
        "8": 0.41880977153778076,
        "9": 0.41837751865386963
    },
    "320": {
        "0": 0.43489086627960205,
        "1": 0.42935192584991455,
        "2": 0.4269309639930725,
        "3": 0.42303964495658875,
        "4": 0.4219774901866913,
        "5": 0.4201778471469879,
        "6": 0.4182283878326416,
        "7": 0.4126764237880707,
        "8": 0.40754055976867676,
        "9": 0.4072108864784241
    },
    "336": {
        "0": 0.4340355694293976,
        "1": 0.42892739176750183,
        "2": 0.42678001523017883,
        "3": 0.42474761605262756,
        "4": 0.42404884099960327,
        "5": 0.4233962595462799,
        "6": 0.4200439751148224,
        "7": 0.4120638072490692,
        "8": 0.40907618403434753,
        "9": 0.4088430404663086
    },
    "352": {
        "0": 0.4384019672870636,
        "1": 0.43375134468078613,
        "2": 0.43311363458633423,
        "3": 0.43142420053482056,
        "4": 0.4288959503173828,
        "5": 0.42785587906837463,