{
    "0": {
        "0": 0.3701213002204895,
        "1": 0.3647442162036896,
        "2": 0.35792186856269836,
        "3": 0.35365530848503113,
        "4": 0.352180540561676,
        "5": 0.349709153175354,
        "6": 0.34383901953697205,
        "7": 0.34357625246047974,
        "8": 0.3399607241153717,
        "9": 0.33986327052116394
    },
    "16": {
        "0": 0.3821440637111664,
        "1": 0.36569944024086,
        "2": 0.3621475398540497,
        "3": 0.3583391308784485,
        "4": 0.3577924966812134,
        "5": 0.35344505310058594,
        "6": 0.3506348729133606,
        "7": 0.34810519218444824,
        "8": 0.3479800522327423,
        "9": 0.3472200036048889
    },
    "32": {
        "0": 0.3783738911151886,
        "1": 0.36931803822517395,
        "2": 0.36520957946777344,
        "3": 0.36122921109199524,
        "4": 0.3577585220336914,
        "5": 0.3551410734653473,
        "6": 0.34794649481773376,
        "7": 0.3471432626247406,
        "8": 0.34659260511398315,
        "9": 0.3460945785045624
    },
    "48": {
        "0": 0.37796899676322937,
        "1": 0.37078529596328735,
        "2": 0.3654344975948334,
        "3": 0.36192068457603455,
        "4": 0.3587089776992798,
        "5": 0.35502633452415466,
        "6": 0.34982264041900635,
        "7": 0.34911397099494934,
        "8": 0.348842978477478,
        "9": 0.34763485193252563
    },
    "64": {
        "0": 0.374824583530426,
        "1": 0.3648586869239807,
        "2": 0.3588334023952484,
        "3": 0.3587440252304077,
        "4": 0.35239824652671814,
        "5": 0.35074371099472046,
        "6": 0.34531569480895996,
        "7": 0.3439028263092041,
        "8": 0.34364035725593567,
        "9": 0.34237074851989746
    },
    "80": {
        "0": 0.3758440613746643,
        "1": 0.370935320854187,
        "2": 0.3637876808643341,
        "3": 0.36196964979171753,
        "4": 0.3560098707675934,
        "5": 0.3546258807182312,
        "6": 0.3474366366863251,
        "7": 0.34639444947242737,
        "8": 0.34629225730895996,
        "9": 0.34574759006500244
    },
    "96": {
        "0": 0.3814829885959625,
        "1": 0.3753768801689148,
        "2": 0.3706493079662323,
        "3": 0.36743658781051636,
        "4": 0.362295538187027,
        "5": 0.36114558577537537,
        "6": 0.35612308979034424,
        "7": 0.3523043394088745,
        "8": 0.3519582152366638,
        "9": 0.351701021194458
    },
    "112": {
        "0": 0.402163565158844,
        "1": 0.3957395851612091,
        "2": 0.3882702887058258,
        "3": 0.38086891174316406,
        "4": 0.37640833854675293,
        "5": 0.37498098611831665,
        "6": 0.37052658200263977,
        "7": 0.370319664478302,
        "8": 0.3702193796634674,
        "9": 0.37011513113975525
    },
    "128": {
        "0": 0.38967111706733704,
        "1": 0.3887258768081665,
        "2": 0.37975937128067017,
        "3": 0.3708963394165039,
        "4": 0.3655273914337158,
        "5": 0.36380842328071594,
        "6": 0.36366307735443115,
        "7": 0.36040985584259033,
        "8": 0.36022478342056274,
        "9": 0.3601279854774475
    },
    "144": {
        "0": 0.37501415610313416,
        "1": 0.37174737453460693,
        "2": 0.36794185638427734,
        "3": 0.36401045322418213,
        "4": 0.3620314598083496,
        "5": 0.35877108573913574,
        "6": 0.35596251487731934,
        "7": 0.35496801137924194,
        "8": 0.3508775532245636,
        "9": 0.3505699932575226
    },
    "160": {
        "0": 0.3890674412250519,
        "1": 0.38330769538879395,
        "2": 0.3780784606933594,
        "3": 0.3719209134578705,
        "4": 0.3662872314453125,
        "5": 0.36543792486190796,
        "6": 0.36424216628074646,
        "7": 0.36335089802742004,
        "8": 0.36191001534461975,
        "9": 0.36047980189323425
    },
    "176": {
        "0": 0.3849705159664154,
        "1": 0.38335686922073364,
        "2": 0.3768627643585205,
        "3": 0.3706476390361786,
        "4": 0.3693784475326538,
        "5": 0.36666059494018555,
        "6": 0.3664156198501587,
        "7": 0.36482173204421997,
        "8": 0.36171144247055054,
        "9": 0.36020538210868835
    },
    "192": {
        "0": 0.3761275112628937,
        "1": 0.369736909866333,
        "2": 0.3682878911495209,
        "3": 0.36799362301826477,
        "4": 0.363454669713974,
        "5": 0.3606303930282593,
        "6": 0.35835039615631104,
        "7": 0.35710471868515015,
        "8": 0.35489535331726074,
        "9": 0.3505799174308777
    },
    "208": {
        "0": 0.3707874119281769,
        "1": 0.3671051561832428,
        "2": 0.36551299691200256,
        "3": 0.3633866310119629,
        "4": 0.358258992433548,
        "5": 0.3581395745277405,
        "6": 0.35646575689315796,
        "7": 0.3556884229183197,
        "8": 0.3486461639404297,
        "9": 0.3463248014450073
    },
    "224": {
        "0": 0.3762114346027374,
        "1": 0.36878958344459534,
        "2": 0.36490577459335327,
        "3": 0.3643838167190552,
        "4": 0.3637447953224182,
        "5": 0.363618403673172,
        "6": 0.361785352230072,
        "7": 0.3594421148300171,
        "8": 0.3551380932331085,
        "9": 0.35193127393722534
    },
    "240": {
        "0": 0.3852916657924652,
        "1": 0.37739112973213196,
        "2": 0.3704512119293213,
        "3": 0.36992672085762024,
        "4": 0.36686137318611145,
        "5": 0.36622747778892517,
        "6": 0.36268290877342224,
        "7": 0.3617253601551056,
        "8": 0.36114203929901123,
        "9": 0.35884344577789307
    },
    "256": {
        "0": 0.39600998163223267,
        "1": 0.3939143419265747,
        "2": 0.38355499505996704,
        "3": 0.38210272789001465,
        "4": 0.3808092176914215,
        "5": 0.3777679204940796,
        "6": 0.3772003948688507,
        "7": 0.3765685260295868,
        "8": 0.37435126304626465,
        "9": 0.3704328238964081
    },
    "272": {
        "0": 0.3910429775714874,
        "1": 0.39019840955734253,
        "2": 0.3833625316619873,
        "3": 0.3814789950847626,
        "4": 0.3771700859069824,
        "5": 0.3761700987815857,
        "6": 0.37538111209869385,
        "7": 0.37328261137008667,
        "8": 0.3714476525783539,
        "9": 0.3669325113296509
    },
    "288": {
        "0": 0.3859741985797882,
        "1": 0.3812867999076843,
        "2": 0.37671959400177,
        "3": 0.3722805380821228,
        "4": 0.37130501866340637,
        "5": 0.36966943740844727,
        "6": 0.3679097294807434,
        "7": 0.36461764574050903,
        "8": 0.3643888235092163,
        "9": 0.36433351039886475
    },
    "304": {
        "0": 0.3808475434780121,
        "1": 0.37797608971595764,
        "2": 0.37740078568458557,
        "3": 0.36984264850616455,
        "4": 0.3650694787502289,
        "5": 0.36382177472114563,
        "6": 0.3632344603538513,
        "7": 0.3630589544773102,
        "8": 0.3576730489730835,
        "9": 0.356549471616745
    },
    "320": {
        "0": 0.37723663449287415,
        "1": 0.37635135650634766,
        "2": 0.3709874451160431,
        "3": 0.36509156227111816,
        "4": 0.3609215021133423,
        "5": 0.3608127236366272,
        "6": 0.3607860803604126,
        "7": 0.3555485010147095,
        "8": 0.35315024852752686,
        "9": 0.3530682623386383
    },
    "336": {
        "0": 0.3850165009498596,
        "1": 0.37715232372283936,
        "2": 0.372482568025589,
        "3": 0.37243467569351196,
        "4": 0.36571019887924194,
        "5": 0.36568140983581543,
        "6": 0.35942915081977844,
        "7": 0.3590903878211975,
        "8": 0.3586582541465759,
        "9": 0.358163446187973
    },
    "352": {
        "0": 0.37494131922721863,
        "1": 0.36940503120422363,
        "2": 0.3690205216407776,
        "3": 0.3670956492424011,
        "4": 0.3640899658203125,
        "5": 0.36107537150382996,
        "6": 0.35739368200302124,