{
    "0": {
        "0": 0.4081267714500427,
        "1": 0.3957768976688385,
        "2": 0.39255475997924805,
        "3": 0.3896944522857666,
        "4": 0.37512147426605225,
        "5": 0.3715563714504242,
        "6": 0.36833930015563965,
        "7": 0.36829885840415955,
        "8": 0.367928147315979,
        "9": 0.3674688935279846
    },
    "16": {
        "0": 0.41392460465431213,
        "1": 0.4021512269973755,
        "2": 0.39938992261886597,
        "3": 0.3955664038658142,
        "4": 0.37768101692199707,
        "5": 0.376361608505249,
        "6": 0.37230271100997925,
        "7": 0.3711140751838684,
        "8": 0.3702950179576874,
        "9": 0.369615763425827
    },
    "32": {
        "0": 0.4143102765083313,
        "1": 0.3999980390071869,
        "2": 0.3956790268421173,
        "3": 0.3954927623271942,
        "4": 0.3774033188819885,
        "5": 0.3733401298522949,
        "6": 0.3714519143104553,
        "7": 0.36708343029022217,
        "8": 0.36385872960090637,
        "9": 0.3638330399990082
    },
    "48": {
        "0": 0.4215717017650604,
        "1": 0.40973103046417236,
        "2": 0.40601688623428345,
        "3": 0.4028894305229187,
        "4": 0.3862267732620239,
        "5": 0.38171231746673584,
        "6": 0.3763344883918762,
        "7": 0.3757725656032562,
        "8": 0.3744215667247772,
        "9": 0.3725041151046753
    },
    "64": {
        "0": 0.42033517360687256,
        "1": 0.4099610149860382,
        "2": 0.4046582281589508,
        "3": 0.40344569087028503,
        "4": 0.3798927664756775,
        "5": 0.3774382770061493,
        "6": 0.37483885884284973,
        "7": 0.373821884393692,
        "8": 0.3696991205215454,
        "9": 0.36923402547836304
    },
    "80": {
        "0": 0.42847102880477905,
        "1": 0.4175759553909302,
        "2": 0.4151832163333893,
        "3": 0.4143834412097931,
        "4": 0.39743131399154663,
        "5": 0.39716818928718567,
        "6": 0.39388877153396606,
        "7": 0.39077723026275635,
        "8": 0.39064276218414307,
        "9": 0.3890827000141144
    },
    "96": {
        "0": 0.39914965629577637,
        "1": 0.39565417170524597,
        "2": 0.39265871047973633,
        "3": 0.3900681138038635,
        "4": 0.36982735991477966,
        "5": 0.3647885322570801,
        "6": 0.3626704812049866,
        "7": 0.3606882691383362,
        "8": 0.35634157061576843,
        "9": 0.3546069264411926
    },
    "112": {
        "0": 0.4265194237232208,
        "1": 0.424418568611145,
        "2": 0.41813215613365173,
        "3": 0.40909522771835327,
        "4": 0.39944988489151,
        "5": 0.3974916636943817,
        "6": 0.3968241810798645,
        "7": 0.39620286226272583,
        "8": 0.3952054977416992,
        "9": 0.39253348112106323
    },
    "128": {
        "0": 0.41453638672828674,
        "1": 0.40871259570121765,
        "2": 0.4014369547367096,
        "3": 0.3983822166919708,
        "4": 0.3816315233707428,
        "5": 0.3810731768608093,
        "6": 0.37695324420928955,
        "7": 0.37569335103034973,
        "8": 0.37511229515075684,
        "9": 0.37395408749580383
    },
    "144": {
        "0": 0.4158084988594055,
        "1": 0.41148027777671814,
        "2": 0.40682899951934814,
        "3": 0.4042111337184906,
        "4": 0.3890588879585266,
        "5": 0.38693752884864807,
        "6": 0.38444674015045166,
        "7": 0.38396498560905457,
        "8": 0.3829343616962433,
        "9": 0.378944456577301
    },
    "160": {
        "0": 0.41653111577033997,
        "1": 0.4139150381088257,
        "2": 0.4135605990886688,
        "3": 0.3959142863750458,
        "4": 0.3910956382751465,
        "5": 0.39003369212150574,
        "6": 0.38625866174697876,
        "7": 0.3767399191856384,
        "8": 0.3727426528930664,
        "9": 0.3723055422306061
    },
    "176": {
        "0": 0.42263078689575195,
        "1": 0.4193732440471649,
        "2": 0.41692912578582764,
        "3": 0.41485440731048584,
        "4": 0.3948431611061096,
        "5": 0.3945614695549011,
        "6": 0.3934962749481201,
        "7": 0.3925570845603943,
        "8": 0.390410840511322,
        "9": 0.3900669515132904
    },
    "192": {
        "0": 0.3942922055721283,
        "1": 0.3915380537509918,
        "2": 0.3836730718612671,
        "3": 0.3832874596118927,
        "4": 0.37923985719680786,
        "5": 0.37800532579421997,
        "6": 0.3727748990058899,
        "7": 0.3672756850719452,
        "8": 0.36349818110466003,
        "9": 0.36016371846199036
    },
    "208": {
        "0": 0.4291439950466156,
        "1": 0.42904505133628845,
        "2": 0.42746615409851074,
        "3": 0.4085467457771301,
        "4": 0.407304048538208,
        "5": 0.4062919318675995,
        "6": 0.40604516863822937,
        "7": 0.39574214816093445,
        "8": 0.3956717550754547,
        "9": 0.39200013875961304
    },
    "224": {
        "0": 0.4315354824066162,
        "1": 0.4302230775356293,
        "2": 0.4299202561378479,
        "3": 0.4278143346309662,
        "4": 0.4261414706707001,
        "5": 0.42526698112487793,
        "6": 0.42347607016563416,
        "7": 0.4229719638824463,
        "8": 0.4228706657886505,
        "9": 0.41766929626464844
    },
    "240": {
        "0": 0.43226510286331177,
        "1": 0.4285889267921448,
        "2": 0.4278608560562134,
        "3": 0.4196316599845886,
        "4": 0.4195559024810791,
        "5": 0.4191020131111145,
        "6": 0.4165666401386261,
        "7": 0.4165036678314209,
        "8": 0.4159548282623291,
        "9": 0.4157613217830658
    },
    "256": {
        "0": 0.4301532208919525,
        "1": 0.42053285241127014,
        "2": 0.4198154807090759,
        "3": 0.41811487078666687,
        "4": 0.41710758209228516,
        "5": 0.41663968563079834,
        "6": 0.4162125289440155,
        "7": 0.41530901193618774,
        "8": 0.4136601686477661,
        "9": 0.4113816022872925
    },
    "272": {
        "0": 0.4516993761062622,
        "1": 0.4417423605918884,
        "2": 0.4398355484008789,
        "3": 0.4393846094608307,
        "4": 0.43788060545921326,
        "5": 0.43638381361961365,
        "6": 0.4355386793613434,
        "7": 0.43443676829338074,
        "8": 0.42975914478302,
        "9": 0.42630037665367126
    },
    "288": {
        "0": 0.4502296447753906,
        "1": 0.4423505663871765,
        "2": 0.442330926656723,
        "3": 0.44177985191345215,
        "4": 0.4403921961784363,
        "5": 0.43816420435905457,
        "6": 0.43811333179473877,
        "7": 0.4363787770271301,
        "8": 0.4361035227775574,
        "9": 0.4349554479122162
    },
    "304": {
        "0": 0.4598303437232971,
        "1": 0.44993484020233154,
        "2": 0.4492945969104767,
        "3": 0.44927433133125305,
        "4": 0.44682252407073975,
        "5": 0.4425622522830963,
        "6": 0.4330552816390991,
        "7": 0.43117383122444153,
        "8": 0.4310283958911896,
        "9": 0.42548754811286926
    },
    "320": {
        "0": 0.4429342448711395,
        "1": 0.4354032278060913,
        "2": 0.435059517621994,
        "3": 0.4343715310096741,
        "4": 0.4328063428401947,
        "5": 0.4311843514442444,
        "6": 0.42268067598342896,
        "7": 0.4221177399158478,
        "8": 0.419053316116333,
        "9": 0.41720953583717346
    },
    "336": {
        "0": 0.4321436583995819,
        "1": 0.41627299785614014,
        "2": 0.4161613881587982,
        "3": 0.41406190395355225,
        "4": 0.41313910484313965,
        "5": 0.4075472950935364,
        "6": 0.4014069437980652,
        "7": 0.3998677432537079,
        "8": 0.3992984890937805,
        "9": 0.3982239067554474
    },
    "352": {
        "0": 0.44141238927841187,
        "1": 0.4351917505264282,
        "2": 0.43400558829307556,
        "3": 0.4335732161998749,
        "4": 0.42680078744888306,
        "5": 0.4192963242530823,
        "6": 0.4147951900959015,