{
    "0": {
        "0": 0.3573842942714691,
        "1": 0.3569059371948242,
        "2": 0.34947285056114197,
        "3": 0.34418749809265137,
        "4": 0.34158653020858765,
        "5": 0.3399813175201416,
        "6": 0.33325648307800293,
        "7": 0.33100393414497375,
        "8": 0.3305179476737976,
        "9": 0.3292250335216522
    },
    "16": {
        "0": 0.36544448137283325,
        "1": 0.35407596826553345,
        "2": 0.3498589098453522,
        "3": 0.3478221595287323,
        "4": 0.3426784574985504,
        "5": 0.3420169949531555,
        "6": 0.33102554082870483,
        "7": 0.3309531509876251,
        "8": 0.3306041359901428,
        "9": 0.32577937841415405
    },
    "32": {
        "0": 0.33939260244369507,
        "1": 0.33706435561180115,
        "2": 0.3352199196815491,
        "3": 0.32703062891960144,
        "4": 0.3236026465892792,
        "5": 0.32010921835899353,
        "6": 0.3178095519542694,
        "7": 0.3145707845687866,
        "8": 0.31165528297424316,
        "9": 0.31082478165626526
    },
    "48": {
        "0": 0.34062859416007996,
        "1": 0.3337312638759613,
        "2": 0.32647889852523804,
        "3": 0.3241414427757263,
        "4": 0.3207784593105316,
        "5": 0.31820380687713623,
        "6": 0.31717145442962646,
        "7": 0.30192244052886963,
        "8": 0.3013516366481781,
        "9": 0.2992531955242157
    },
    "64": {
        "0": 0.344482421875,
        "1": 0.3359817564487457,
        "2": 0.33264148235321045,
        "3": 0.3304596543312073,
        "4": 0.32941073179244995,
        "5": 0.3279191851615906,
        "6": 0.32331255078315735,
        "7": 0.3104093074798584,
        "8": 0.3092259466648102,
        "9": 0.3060438632965088
    },
    "80": {
        "0": 0.3456780016422272,
        "1": 0.34400269389152527,
        "2": 0.3371675908565521,
        "3": 0.3334888517856598,
        "4": 0.3266450762748718,
        "5": 0.32566919922828674,
        "6": 0.325590580701828,
        "7": 0.31585636734962463,
        "8": 0.3124203085899353,
        "9": 0.3074977397918701
    },
    "96": {
        "0": 0.3599417507648468,
        "1": 0.35674887895584106,
        "2": 0.3518320322036743,
        "3": 0.35100704431533813,
        "4": 0.3441177010536194,
        "5": 0.3410538136959076,
        "6": 0.3409355580806732,
        "7": 0.33325573801994324,
        "8": 0.324362188577652,
        "9": 0.3241399824619293
    },
    "112": {
        "0": 0.36190780997276306,
        "1": 0.36012256145477295,
        "2": 0.3573164939880371,
        "3": 0.3502955436706543,
        "4": 0.3493121266365051,
        "5": 0.3409929871559143,
        "6": 0.3391720950603485,
        "7": 0.33543261885643005,
        "8": 0.3348219096660614,
        "9": 0.33082637190818787
    },
    "128": {
        "0": 0.3328499495983124,
        "1": 0.3308156132698059,
        "2": 0.3262953460216522,
        "3": 0.31967321038246155,
        "4": 0.31682249903678894,
        "5": 0.31489789485931396,
        "6": 0.3132998049259186,
        "7": 0.31311142444610596,
        "8": 0.30879858136177063,
        "9": 0.3001522421836853
    },
    "144": {
        "0": 0.3117482364177704,
        "1": 0.30313003063201904,
        "2": 0.2895265221595764,
        "3": 0.2844999134540558,
        "4": 0.27818241715431213,
        "5": 0.27626651525497437,
        "6": 0.2738834321498871,
        "7": 0.2693749964237213,
        "8": 0.2678333818912506,
        "9": 0.266629159450531
    },
    "160": {
        "0": 0.33480432629585266,
        "1": 0.33000448346138,
        "2": 0.3197040855884552,
        "3": 0.3078630268573761,
        "4": 0.30645257234573364,
        "5": 0.29881787300109863,
        "6": 0.29857710003852844,
        "7": 0.29319554567337036,
        "8": 0.2895697057247162,
        "9": 0.2873562276363373
    },
    "176": {
        "0": 0.34386005997657776,
        "1": 0.3355858623981476,
        "2": 0.3276115953922272,
        "3": 0.32402944564819336,
        "4": 0.31972500681877136,
        "5": 0.3075610399246216,
        "6": 0.30647435784339905,
        "7": 0.304480642080307,
        "8": 0.30310726165771484,
        "9": 0.30256760120391846
    },
    "192": {
        "0": 0.3398340940475464,
        "1": 0.33191660046577454,
        "2": 0.3215752840042114,
        "3": 0.3179253041744232,
        "4": 0.3161318898200989,
        "5": 0.3052386939525604,
        "6": 0.3033026456832886,
        "7": 0.3030042052268982,
        "8": 0.3026691973209381,
        "9": 0.2993524968624115
    },
    "208": {
        "0": 0.3483302593231201,
        "1": 0.34239616990089417,
        "2": 0.32649877667427063,
        "3": 0.32534506916999817,
        "4": 0.32091712951660156,
        "5": 0.31940847635269165,
        "6": 0.3139113783836365,
        "7": 0.3061911165714264,
        "8": 0.3016677498817444,
        "9": 0.29704904556274414
    },
    "224": {
        "0": 0.35485562682151794,
        "1": 0.3508085310459137,
        "2": 0.3398559093475342,
        "3": 0.3343529999256134,
        "4": 0.3337138891220093,
        "5": 0.3297073245048523,
        "6": 0.3280491828918457,
        "7": 0.3197212219238281,
        "8": 0.31534719467163086,
        "9": 0.3151826858520508
    },
    "240": {
        "0": 0.34733572602272034,
        "1": 0.3412628769874573,
        "2": 0.32172900438308716,
        "3": 0.3140908181667328,
        "4": 0.3098123073577881,
        "5": 0.3085552155971527,
        "6": 0.3014066517353058,
        "7": 0.3001701831817627,
        "8": 0.2954319715499878,
        "9": 0.29465794563293457
    },
    "256": {
        "0": 0.36367490887641907,
        "1": 0.3609188497066498,
        "2": 0.34948915243148804,
        "3": 0.34405189752578735,
        "4": 0.3424772322177887,
        "5": 0.3347826302051544,
        "6": 0.33386772871017456,
        "7": 0.3299795687198639,
        "8": 0.3226795792579651,
        "9": 0.3225935399532318
    },
    "272": {
        "0": 0.37063801288604736,
        "1": 0.36561933159828186,
        "2": 0.36150744557380676,
        "3": 0.35706719756126404,
        "4": 0.3548409342765808,
        "5": 0.3477833867073059,
        "6": 0.345932275056839,
        "7": 0.34304100275039673,
        "8": 0.3405377268791199,
        "9": 0.3359862267971039
    },
    "288": {
        "0": 0.3521259129047394,
        "1": 0.3492605686187744,
        "2": 0.341666042804718,
        "3": 0.3251689374446869,
        "4": 0.32317787408828735,
        "5": 0.3223746418952942,
        "6": 0.3200661838054657,
        "7": 0.30687758326530457,
        "8": 0.3039532005786896,
        "9": 0.3022143244743347
    },
    "304": {
        "0": 0.35614728927612305,
        "1": 0.3501652479171753,
        "2": 0.3352111279964447,
        "3": 0.3340551257133484,
        "4": 0.33284759521484375,
        "5": 0.332509309053421,
        "6": 0.3268939256668091,
        "7": 0.31409767270088196,
        "8": 0.3098287284374237,
        "9": 0.3078773617744446
    },
    "320": {
        "0": 0.3635624349117279,
        "1": 0.36308786273002625,
        "2": 0.3600270450115204,
        "3": 0.3558754324913025,
        "4": 0.3471366763114929,
        "5": 0.34256017208099365,
        "6": 0.3410589396953583,
        "7": 0.3366832435131073,
        "8": 0.3366241753101349,
        "9": 0.3196992874145508
    },
    "336": {
        "0": 0.35741710662841797,
        "1": 0.35184767842292786,
        "2": 0.3473207354545593,
        "3": 0.34533873200416565,
        "4": 0.33756425976753235,
        "5": 0.32837146520614624,
        "6": 0.328108012676239,
        "7": 0.32805052399635315,
        "8": 0.3252982795238495,
        "9": 0.32287099957466125
    },
    "352": {
        "0": 0.34437230229377747,
        "1": 0.34160086512565613,
        "2": 0.34022191166877747,
        "3": 0.339555561542511,
        "4": 0.33670416474342346,
        "5": 0.3254517912864685,
        "6": 0.3199661374092102,