{
    "0": {
        "0": 0.33878374099731445,
        "1": 0.338117778301239,
        "2": 0.33065909147262573,
        "3": 0.3294469714164734,
        "4": 0.32928988337516785,
        "5": 0.32922399044036865,
        "6": 0.325467586517334,
        "7": 0.3244205713272095,
        "8": 0.32159656286239624,
        "9": 0.3103322684764862
    },
    "16": {
        "0": 0.36268705129623413,
        "1": 0.36167407035827637,
        "2": 0.35769766569137573,
        "3": 0.3483413755893707,
        "4": 0.3478396236896515,
        "5": 0.34770911931991577,
        "6": 0.3446458578109741,
        "7": 0.3400660455226898,
        "8": 0.3373650908470154,
        "9": 0.3219975233078003
    },
    "32": {
        "0": 0.32084375619888306,
        "1": 0.31956642866134644,
        "2": 0.3121736943721771,
        "3": 0.3109038472175598,
        "4": 0.3075108230113983,
        "5": 0.30717921257019043,
        "6": 0.3045808672904968,
        "7": 0.30407050251960754,
        "8": 0.30288630723953247,
        "9": 0.28911030292510986
    },
    "48": {
        "0": 0.34868934750556946,
        "1": 0.3461818993091583,
        "2": 0.3435671627521515,
        "3": 0.3408021926879883,
        "4": 0.34058165550231934,
        "5": 0.34024590253829956,
        "6": 0.34022119641304016,
        "7": 0.33597368001937866,
        "8": 0.3271695375442505,
        "9": 0.3164278268814087
    },
    "64": {
        "0": 0.3612440526485443,
        "1": 0.3595007061958313,
        "2": 0.35753825306892395,
        "3": 0.35528823733329773,
        "4": 0.3541019856929779,
        "5": 0.35368502140045166,
        "6": 0.3504335284233093,
        "7": 0.3494676351547241,
        "8": 0.3363381624221802,
        "9": 0.32718175649642944
    },
    "80": {
        "0": 0.3639298677444458,
        "1": 0.36071234941482544,
        "2": 0.36037391424179077,
        "3": 0.36024463176727295,
        "4": 0.35814493894577026,
        "5": 0.35696661472320557,
        "6": 0.3566223084926605,
        "7": 0.34884512424468994,
        "8": 0.33983373641967773,
        "9": 0.3323139548301697
    },
    "96": {
        "0": 0.371448278427124,
        "1": 0.36962926387786865,
        "2": 0.3685374855995178,
        "3": 0.3678966164588928,
        "4": 0.36709803342819214,
        "5": 0.3656221628189087,
        "6": 0.3642416000366211,
        "7": 0.3596090078353882,
        "8": 0.3461497724056244,
        "9": 0.3459435701370239
    },
    "112": {
        "0": 0.37946373224258423,
        "1": 0.36873918771743774,
        "2": 0.3679578900337219,
        "3": 0.3671111464500427,
        "4": 0.36680901050567627,
        "5": 0.3660562038421631,
        "6": 0.36548539996147156,
        "7": 0.35852348804473877,
        "8": 0.3452262878417969,
        "9": 0.3440954089164734
    },
    "128": {
        "0": 0.3235795497894287,
        "1": 0.3209517002105713,
        "2": 0.3208852708339691,
        "3": 0.3198462128639221,
        "4": 0.3193727731704712,
        "5": 0.31888121366500854,
        "6": 0.31811878085136414,
        "7": 0.314816951751709,
        "8": 0.31108319759368896,
        "9": 0.3085680603981018
    },
    "144": {
        "0": 0.3611251711845398,
        "1": 0.35890549421310425,
        "2": 0.35781314969062805,
        "3": 0.35665395855903625,
        "4": 0.3544270396232605,
        "5": 0.35066911578178406,
        "6": 0.34740036725997925,
        "7": 0.34651851654052734,
        "8": 0.3459799289703369,
        "9": 0.3414885997772217
    },
    "160": {
        "0": 0.3954419493675232,
        "1": 0.3931066691875458,
        "2": 0.39064860343933105,
        "3": 0.38826751708984375,
        "4": 0.3860728442668915,
        "5": 0.38394197821617126,
        "6": 0.38381731510162354,
        "7": 0.3813320994377136,
        "8": 0.38016968965530396,
        "9": 0.3789544701576233
    },
    "176": {
        "0": 0.38734138011932373,
        "1": 0.386272132396698,
        "2": 0.3827921748161316,
        "3": 0.38234972953796387,
        "4": 0.378094881772995,
        "5": 0.377774715423584,
        "6": 0.3770517110824585,
        "7": 0.37615516781806946,
        "8": 0.37562325596809387,
        "9": 0.369602769613266
    },
    "192": {
        "0": 0.4029923975467682,
        "1": 0.40249118208885193,
        "2": 0.3977982699871063,
        "3": 0.3954862356185913,
        "4": 0.39417338371276855,
        "5": 0.3924829363822937,
        "6": 0.3899998366832733,
        "7": 0.38796961307525635,
        "8": 0.3877579867839813,
        "9": 0.3876802325248718
    },
    "208": {
        "0": 0.381225049495697,
        "1": 0.380334734916687,
        "2": 0.3790346086025238,
        "3": 0.3766242265701294,
        "4": 0.3749471604824066,
        "5": 0.3743543326854706,
        "6": 0.3715420365333557,
        "7": 0.3709011375904083,
        "8": 0.3687921166419983,
        "9": 0.36760178208351135
    },
    "224": {
        "0": 0.3846660852432251,
        "1": 0.38216572999954224,
        "2": 0.38191869854927063,
        "3": 0.38089966773986816,
        "4": 0.3792029023170471,
        "5": 0.3753621280193329,
        "6": 0.3718319833278656,
        "7": 0.37165090441703796,
        "8": 0.3704143762588501,
        "9": 0.36897873878479004
    },
    "240": {
        "0": 0.36220455169677734,
        "1": 0.3621402978897095,
        "2": 0.36168187856674194,
        "3": 0.3609996736049652,
        "4": 0.3596407175064087,
        "5": 0.35867902636528015,
        "6": 0.35863539576530457,
        "7": 0.35531049966812134,
        "8": 0.35197314620018005,
        "9": 0.35114675760269165
    }
}