{
    "0": {
        "0": 0.3706735670566559,
        "1": 0.367856502532959,
        "2": 0.36048850417137146,
        "3": 0.3568117022514343,
        "4": 0.3534497022628784,
        "5": 0.3443600535392761,
        "6": 0.3295615315437317,
        "7": 0.31944024562835693,
        "8": 0.29028522968292236,
        "9": 0.27606093883514404
    },
    "16": {
        "0": 0.3747475743293762,
        "1": 0.3721904158592224,
        "2": 0.36504244804382324,
        "3": 0.3585966229438782,
        "4": 0.3550298511981964,
        "5": 0.34508028626441956,
        "6": 0.33065536618232727,
        "7": 0.322298526763916,
        "8": 0.28986719250679016,
        "9": 0.2789182960987091
    },
    "32": {
        "0": 0.3725280463695526,
        "1": 0.3706265687942505,
        "2": 0.3638850748538971,
        "3": 0.3602432608604431,
        "4": 0.3549235761165619,
        "5": 0.34551990032196045,
        "6": 0.33381909132003784,
        "7": 0.3267412483692169,
        "8": 0.29616931080818176,
        "9": 0.2829471528530121
    },
    "48": {
        "0": 0.3704407513141632,
        "1": 0.36802300810813904,
        "2": 0.3607272505760193,
        "3": 0.35935887694358826,
        "4": 0.3548658490180969,
        "5": 0.3458656668663025,
        "6": 0.33568274974823,
        "7": 0.3276364803314209,
        "8": 0.29702866077423096,
        "9": 0.2863049805164337
    },
    "64": {
        "0": 0.3787483274936676,
        "1": 0.3770197927951813,
        "2": 0.37244635820388794,
        "3": 0.36500322818756104,
        "4": 0.36093443632125854,
        "5": 0.35087156295776367,
        "6": 0.3470783531665802,
        "7": 0.3424498736858368,
        "8": 0.30426907539367676,
        "9": 0.30202046036720276
    },
    "80": {
        "0": 0.38160544633865356,
        "1": 0.37931904196739197,
        "2": 0.3704744577407837,
        "3": 0.3700006306171417,
        "4": 0.36678633093833923,
        "5": 0.356376975774765,
        "6": 0.3478162884712219,
        "7": 0.3384973406791687,
        "8": 0.3048017919063568,
        "9": 0.3046727180480957
    },
    "96": {
        "0": 0.37789785861968994,
        "1": 0.37607240676879883,
        "2": 0.3675418198108673,
        "3": 0.36397409439086914,
        "4": 0.36369335651397705,
        "5": 0.3545145094394684,
        "6": 0.3428964614868164,
        "7": 0.3351072072982788,
        "8": 0.3033343255519867,
        "9": 0.2969041168689728
    },
    "112": {
        "0": 0.37756338715553284,
        "1": 0.3752559423446655,
        "2": 0.3676130175590515,
        "3": 0.3654075860977173,
        "4": 0.3642785847187042,
        "5": 0.35608696937561035,
        "6": 0.34221482276916504,
        "7": 0.33349740505218506,
        "8": 0.3039466440677643,
        "9": 0.28954756259918213
    },
    "128": {
        "0": 0.3680083155632019,
        "1": 0.36531564593315125,
        "2": 0.36052802205085754,
        "3": 0.3602887690067291,
        "4": 0.35507768392562866,
        "5": 0.3454177677631378,
        "6": 0.33800017833709717,
        "7": 0.32374364137649536,
        "8": 0.3106895089149475,
        "9": 0.2849240303039551
    },
    "144": {
        "0": 0.36533671617507935,
        "1": 0.3623446822166443,
        "2": 0.3612501919269562,
        "3": 0.35473647713661194,
        "4": 0.3476599156856537,
        "5": 0.3449726104736328,
        "6": 0.3405112028121948,
        "7": 0.3247073292732239,
        "8": 0.31551066040992737,
        "9": 0.28380244970321655
    },
    "160": {
        "0": 0.3933268189430237,
        "1": 0.38960570096969604,
        "2": 0.3876316249370575,
        "3": 0.37943562865257263,
        "4": 0.37740692496299744,
        "5": 0.36667683720588684,
        "6": 0.363726943731308,
        "7": 0.3503772020339966,
        "8": 0.3338906168937683,
        "9": 0.3038061857223511
    },
    "176": {
        "0": 0.3997192680835724,
        "1": 0.3959409296512604,
        "2": 0.3894805610179901,
        "3": 0.38917627930641174,
        "4": 0.37807002663612366,
        "5": 0.3657691776752472,
        "6": 0.3632091283798218,
        "7": 0.3496025502681732,
        "8": 0.32258546352386475,
        "9": 0.2956855893135071
    },
    "192": {
        "0": 0.35872694849967957,
        "1": 0.3562799096107483,
        "2": 0.35351085662841797,
        "3": 0.3501501977443695,
        "4": 0.3442106246948242,
        "5": 0.3409367799758911,
        "6": 0.33577990531921387,
        "7": 0.329857736825943,
        "8": 0.3208957612514496,
        "9": 0.2872518002986908
    },
    "208": {
        "0": 0.3915977478027344,
        "1": 0.3838123381137848,
        "2": 0.37705934047698975,
        "3": 0.35553663969039917,
        "4": 0.34802716970443726,
        "5": 0.3474460244178772,
        "6": 0.3438156247138977,
        "7": 0.3378496468067169,
        "8": 0.33705031871795654,
        "9": 0.32879263162612915
    },
    "224": {
        "0": 0.3790094256401062,
        "1": 0.3770228922367096,
        "2": 0.37033921480178833,
        "3": 0.35302263498306274,
        "4": 0.34390029311180115,
        "5": 0.33937251567840576,
        "6": 0.33721429109573364,
        "7": 0.3365156948566437,
        "8": 0.33628833293914795,
        "9": 0.33551278710365295
    },
    "240": {
        "0": 0.37849557399749756,
        "1": 0.37495583295822144,
        "2": 0.36742451786994934,
        "3": 0.33922839164733887,
        "4": 0.33415502309799194,
        "5": 0.33290034532546997,
        "6": 0.332241415977478,
        "7": 0.3309458792209625,
        "8": 0.33068427443504333,
        "9": 0.3288370668888092
    },
    "256": {
        "0": 0.38591864705085754,
        "1": 0.37830406427383423,
        "2": 0.37793663144111633,
        "3": 0.3701101541519165,
        "4": 0.3666281998157501,
        "5": 0.3661639094352722,
        "6": 0.35980290174484253,
        "7": 0.3594633638858795,
        "8": 0.35579755902290344,
        "9": 0.3553110659122467
    },
    "272": {
        "0": 0.384678453207016,
        "1": 0.3787727952003479,
        "2": 0.3770293593406677,
        "3": 0.3726256787776947,
        "4": 0.3673282265663147,
        "5": 0.3666815161705017,
        "6": 0.36072859168052673,
        "7": 0.3570925295352936,
        "8": 0.3565099835395813,
        "9": 0.35585957765579224
    },
    "288": {
        "0": 0.3816174566745758,
        "1": 0.37716108560562134,
        "2": 0.3726651668548584,
        "3": 0.3658442497253418,
        "4": 0.36370226740837097,
        "5": 0.3629840910434723,
        "6": 0.35947519540786743,
        "7": 0.35659390687942505,
        "8": 0.35211461782455444,
        "9": 0.35135892033576965
    },
    "304": {
        "0": 0.3737572729587555,
        "1": 0.368709921836853,
        "2": 0.3662796914577484,
        "3": 0.3628045916557312,
        "4": 0.35999709367752075,
        "5": 0.35929447412490845,
        "6": 0.3527628183364868,
        "7": 0.3517094850540161,
        "8": 0.3474307060241699,
        "9": 0.34514501690864563
    },
    "320": {
        "0": 0.37661120295524597,
        "1": 0.35809165239334106,
        "2": 0.3554229736328125,
        "3": 0.35411426424980164,
        "4": 0.3537660837173462,
        "5": 0.35226327180862427,
        "6": 0.3482959568500519,
        "7": 0.3481021225452423,
        "8": 0.34383484721183777,
        "9": 0.3389894366264343
    },
    "336": {
        "0": 0.38686421513557434,
        "1": 0.36718910932540894,
        "2": 0.36156511306762695,
        "3": 0.35999441146850586,
        "4": 0.35725024342536926,
        "5": 0.35552701354026794,
        "6": 0.3537479341030121,
        "7": 0.3495205342769623,
        "8": 0.34931960701942444,
        "9": 0.3434172570705414
    },
    "352": {
        "0": 0.37180617451667786,
        "1": 0.37174734473228455,
        "2": 0.3663631081581116,
        "3": 0.35984721779823303,
        "4": 0.35506996512413025,
        "5": 0.352841317653656,