{
    "0": {
        "0": 0.3158440589904785,
        "1": 0.293185830116272,
        "2": 0.27184590697288513,
        "3": 0.2316429167985916,
        "4": 0.2306109368801117,
        "5": 0.2241125851869583,
        "6": 0.2200000286102295,
        "7": 0.21588872373104095,
        "8": 0.1988375186920166,
        "9": 0.197658970952034
    },
    "16": {
        "0": 0.3154331147670746,
        "1": 0.29275888204574585,
        "2": 0.26993152499198914,
        "3": 0.22906611859798431,
        "4": 0.22782231867313385,
        "5": 0.2204698622226715,
        "6": 0.21867576241493225,
        "7": 0.2129797786474228,
        "8": 0.19580557942390442,
        "9": 0.19346323609352112
    },
    "32": {
        "0": 0.32250913977622986,
        "1": 0.3007037043571472,
        "2": 0.2777877449989319,
        "3": 0.24713467061519623,
        "4": 0.2468813955783844,
        "5": 0.2402597963809967,
        "6": 0.23306503891944885,
        "7": 0.23155786097049713,
        "8": 0.2144422084093094,
        "9": 0.21224308013916016
    },
    "48": {
        "0": 0.32437798380851746,
        "1": 0.310831755399704,
        "2": 0.3028704524040222,
        "3": 0.2824748158454895,
        "4": 0.27771398425102234,
        "5": 0.27639040350914,
        "6": 0.2696850895881653,
        "7": 0.25678330659866333,
        "8": 0.2560080289840698,
        "9": 0.25150933861732483
    },
    "64": {
        "0": 0.35185056924819946,
        "1": 0.34597259759902954,
        "2": 0.3435772955417633,
        "3": 0.34254539012908936,
        "4": 0.34115543961524963,
        "5": 0.3404676616191864,
        "6": 0.3383792042732239,
        "7": 0.3369581699371338,
        "8": 0.32662683725357056,
        "9": 0.3227173984050751
    },
    "80": {
        "0": 0.36970749497413635,
        "1": 0.3688981831073761,
        "2": 0.36414411664009094,
        "3": 0.35587504506111145,
        "4": 0.3556094765663147,
        "5": 0.3536728024482727,
        "6": 0.35046765208244324,
        "7": 0.3461860120296478,
        "8": 0.34552139043807983,
        "9": 0.34408465027809143
    },
    "96": {
        "0": 0.37695521116256714,
        "1": 0.37513142824172974,
        "2": 0.371624231338501,
        "3": 0.36968398094177246,
        "4": 0.36751312017440796,
        "5": 0.36669597029685974,
        "6": 0.36315223574638367,
        "7": 0.35709306597709656,
        "8": 0.356168270111084,
        "9": 0.3551098704338074
    },
    "112": {
        "0": 0.38262155652046204,
        "1": 0.37938058376312256,
        "2": 0.37751510739326477,
        "3": 0.37531447410583496,
        "4": 0.3723054826259613,
        "5": 0.3712043762207031,
        "6": 0.3666447401046753,
        "7": 0.3664308488368988,
        "8": 0.36629748344421387,
        "9": 0.3609059154987335
    },
    "128": {
        "0": 0.34923285245895386,
        "1": 0.34330520033836365,
        "2": 0.33832988142967224,
        "3": 0.33768779039382935,
        "4": 0.33747121691703796,
        "5": 0.3347916901111603,
        "6": 0.3344690203666687,
        "7": 0.33243095874786377,
        "8": 0.33177298307418823,
        "9": 0.3316047191619873
    },
    "144": {
        "0": 0.398024320602417,
        "1": 0.38979780673980713,
        "2": 0.3886537253856659,
        "3": 0.38854697346687317,
        "4": 0.37627631425857544,
        "5": 0.3671007752418518,
        "6": 0.365444540977478,
        "7": 0.35941287875175476,
        "8": 0.3584619462490082,
        "9": 0.35211023688316345
    },
    "160": {
        "0": 0.39909806847572327,
        "1": 0.3923354744911194,
        "2": 0.3877749741077423,
        "3": 0.3758558928966522,
        "4": 0.35291945934295654,
        "5": 0.35120338201522827,
        "6": 0.350353866815567,
        "7": 0.3502722680568695,
        "8": 0.3472810685634613,
        "9": 0.3442622423171997
    },
    "176": {
        "0": 0.3869763910770416,
        "1": 0.3775345981121063,
        "2": 0.3748897314071655,
        "3": 0.36998048424720764,
        "4": 0.3652178645133972,
        "5": 0.36447054147720337,
        "6": 0.36397287249565125,
        "7": 0.35842400789260864,
        "8": 0.3571091294288635,
        "9": 0.3442677855491638
    },
    "192": {
        "0": 0.4102371633052826,
        "1": 0.39674845337867737,
        "2": 0.39346593618392944,
        "3": 0.38736921548843384,
        "4": 0.3744494915008545,
        "5": 0.36617982387542725,
        "6": 0.3605351746082306,
        "7": 0.3515939712524414,
        "8": 0.34523701667785645,
        "9": 0.33557066321372986
    },
    "208": {
        "0": 0.4349842667579651,
        "1": 0.4268423616886139,
        "2": 0.4184595048427582,
        "3": 0.3932354748249054,
        "4": 0.37944626808166504,
        "5": 0.37214887142181396,
        "6": 0.36042851209640503,
        "7": 0.35690242052078247,
        "8": 0.34945231676101685,
        "9": 0.34761449694633484
    },
    "224": {
        "0": 0.37140175700187683,
        "1": 0.3649706542491913,
        "2": 0.35616201162338257,
        "3": 0.33575546741485596,
        "4": 0.33417239785194397,
        "5": 0.32703694701194763,
        "6": 0.30992454290390015,
        "7": 0.29675641655921936,
        "8": 0.29213109612464905,
        "9": 0.28910985589027405
    },
    "240": {
        "0": 0.39261627197265625,
        "1": 0.38385388255119324,
        "2": 0.3787660300731659,
        "3": 0.3685791790485382,
        "4": 0.36638981103897095,
        "5": 0.3610190153121948,
        "6": 0.3405805230140686,
        "7": 0.3264315128326416,
        "8": 0.32428550720214844,
        "9": 0.31993016600608826
    },
    "256": {
        "0": 0.4222468435764313,
        "1": 0.41291266679763794,
        "2": 0.4040595591068268,
        "3": 0.38891366124153137,
        "4": 0.38807612657546997,
        "5": 0.38543108105659485,
        "6": 0.35775867104530334,
        "7": 0.35307058691978455,
        "8": 0.3493904173374176,
        "9": 0.3489431142807007
    },
    "272": {
        "0": 0.4132162630558014,
        "1": 0.40269479155540466,
        "2": 0.3944056034088135,
        "3": 0.38360774517059326,
        "4": 0.3812207281589508,
        "5": 0.37766969203948975,
        "6": 0.37000495195388794,
        "7": 0.3673325181007385,
        "8": 0.36546602845191956,
        "9": 0.35993507504463196
    },
    "288": {
        "0": 0.36736124753952026,
        "1": 0.3600059151649475,
        "2": 0.35728055238723755,
        "3": 0.338681697845459,
        "4": 0.3349241018295288,
        "5": 0.3336663246154785,
        "6": 0.3313181698322296,
        "7": 0.3299323618412018,
        "8": 0.329210489988327,
        "9": 0.32807475328445435
    },
    "304": {
        "0": 0.35268348455429077,
        "1": 0.34446942806243896,
        "2": 0.3419587016105652,
        "3": 0.33830058574676514,
        "4": 0.33796489238739014,
        "5": 0.3369811773300171,
        "6": 0.336437463760376,
        "7": 0.33394449949264526,
        "8": 0.32496780157089233,
        "9": 0.32362204790115356
    },
    "320": {
        "0": 0.31213662028312683,
        "1": 0.30624401569366455,
        "2": 0.3056390881538391,
        "3": 0.3048277199268341,
        "4": 0.30382853746414185,
        "5": 0.3025391101837158,
        "6": 0.30064699053764343,
        "7": 0.29901179671287537,
        "8": 0.29740914702415466,
        "9": 0.2945239245891571
    },
    "336": {
        "0": 0.3657643496990204,
        "1": 0.35915669798851013,
        "2": 0.35882511734962463,
        "3": 0.35165953636169434,
        "4": 0.349645733833313,
        "5": 0.34895360469818115,
        "6": 0.3413495421409607,
        "7": 0.33702021837234497,
        "8": 0.33643269538879395,
        "9": 0.3345482647418976
    },
    "352": {
        "0": 0.34323352575302124,
        "1": 0.3390297293663025,
        "2": 0.337124228477478,
        "3": 0.33555927872657776,
        "4": 0.332480251789093,
        "5": 0.3321518898010254,