{
    "0": {
        "0": 0.4081013798713684,
        "1": 0.4077771306037903,
        "2": 0.4048357605934143,
        "3": 0.3993907570838928,
        "4": 0.39829567074775696,
        "5": 0.3885296583175659,
        "6": 0.3864555060863495,
        "7": 0.38393324613571167,
        "8": 0.3838341534137726,
        "9": 0.38375067710876465
    },
    "16": {
        "0": 0.4042149484157562,
        "1": 0.39828822016716003,
        "2": 0.39776408672332764,
        "3": 0.39703652262687683,
        "4": 0.3934399485588074,
        "5": 0.39270836114883423,
        "6": 0.38881775736808777,
        "7": 0.3883623480796814,
        "8": 0.38771823048591614,
        "9": 0.37836259603500366
    },
    "32": {
        "0": 0.3928874731063843,
        "1": 0.392657071352005,
        "2": 0.38750097155570984,
        "3": 0.38548925518989563,
        "4": 0.38049373030662537,
        "5": 0.3770875334739685,
        "6": 0.37655261158943176,
        "7": 0.37344565987586975,
        "8": 0.3729010820388794,
        "9": 0.3602259159088135
    },
    "48": {
        "0": 0.39237284660339355,
        "1": 0.3916116952896118,
        "2": 0.3900098502635956,
        "3": 0.38780203461647034,
        "4": 0.3782643675804138,
        "5": 0.37769168615341187,
        "6": 0.37303370237350464,
        "7": 0.3728499412536621,
        "8": 0.37130969762802124,
        "9": 0.360278844833374
    },
    "64": {
        "0": 0.3788931369781494,
        "1": 0.3788634240627289,
        "2": 0.3773483633995056,
        "3": 0.372416615486145,
        "4": 0.3704499304294586,
        "5": 0.369573175907135,
        "6": 0.3678973913192749,
        "7": 0.3676804006099701,
        "8": 0.36594322323799133,
        "9": 0.3516715466976166
    },
    "80": {
        "0": 0.38729527592658997,
        "1": 0.38407066464424133,
        "2": 0.3806484043598175,
        "3": 0.37968114018440247,
        "4": 0.37372177839279175,
        "5": 0.3714830279350281,
        "6": 0.36958590149879456,
        "7": 0.3673161268234253,
        "8": 0.36672139167785645,
        "9": 0.35299986600875854
    },
    "96": {
        "0": 0.38473767042160034,
        "1": 0.38090312480926514,
        "2": 0.3743273615837097,
        "3": 0.37369176745414734,
        "4": 0.3725915253162384,
        "5": 0.3674178123474121,
        "6": 0.36459627747535706,
        "7": 0.36325111985206604,
        "8": 0.3617332875728607,
        "9": 0.3500816524028778
    },
    "112": {
        "0": 0.3698548674583435,
        "1": 0.3690517246723175,
        "2": 0.3682429790496826,
        "3": 0.36700698733329773,
        "4": 0.3665202260017395,
        "5": 0.36558401584625244,
        "6": 0.3626326322555542,
        "7": 0.3582470715045929,
        "8": 0.3481956124305725,
        "9": 0.3439832925796509
    },
    "128": {
        "0": 0.3449551463127136,
        "1": 0.3354427218437195,
        "2": 0.333333820104599,
        "3": 0.33207911252975464,
        "4": 0.3281063139438629,
        "5": 0.32393714785575867,
        "6": 0.3187454044818878,
        "7": 0.31789445877075195,
        "8": 0.3171631395816803,
        "9": 0.30605384707450867
    },
    "144": {
        "0": 0.36577820777893066,
        "1": 0.3597150444984436,
        "2": 0.3571661114692688,
        "3": 0.34439343214035034,
        "4": 0.34413743019104004,
        "5": 0.3416788578033447,
        "6": 0.3374841809272766,
        "7": 0.3333873152732849,
        "8": 0.33283087611198425,
        "9": 0.33056482672691345
    },
    "160": {
        "0": 0.3403002917766571,
        "1": 0.33938610553741455,
        "2": 0.3306102752685547,
        "3": 0.31417378783226013,
        "4": 0.3141614496707916,
        "5": 0.3139863908290863,
        "6": 0.3096376061439514,
        "7": 0.29860904812812805,
        "8": 0.29857710003852844,
        "9": 0.2952672243118286
    },
    "176": {
        "0": 0.3470689654350281,
        "1": 0.34104493260383606,
        "2": 0.33690598607063293,
        "3": 0.31590113043785095,
        "4": 0.31318002939224243,
        "5": 0.31182965636253357,
        "6": 0.31167563796043396,
        "7": 0.3069438636302948,
        "8": 0.30669069290161133,
        "9": 0.30150437355041504
    },
    "192": {
        "0": 0.3983403146266937,
        "1": 0.3964381814002991,
        "2": 0.3833586573600769,
        "3": 0.3702400326728821,
        "4": 0.3671713173389435,
        "5": 0.36445578932762146,
        "6": 0.3613458573818207,
        "7": 0.3598681390285492,
        "8": 0.35842007398605347,
        "9": 0.35400688648223877
    },
    "208": {
        "0": 0.385568767786026,
        "1": 0.38371992111206055,
        "2": 0.369758278131485,
        "3": 0.3554929196834564,
        "4": 0.35321176052093506,
        "5": 0.3520914912223816,
        "6": 0.35171395540237427,
        "7": 0.3465866446495056,
        "8": 0.346016526222229,
        "9": 0.34083905816078186
    },
    "224": {
        "0": 0.4062276780605316,
        "1": 0.4021098017692566,
        "2": 0.3916955292224884,
        "3": 0.39104172587394714,
        "4": 0.3899133503437042,
        "5": 0.3894284963607788,
        "6": 0.379962682723999,
        "7": 0.3772549033164978,
        "8": 0.3743939697742462,
        "9": 0.3738008141517639
    },
    "240": {
        "0": 0.4136376976966858,
        "1": 0.39971646666526794,
        "2": 0.3983191251754761,
        "3": 0.3968718647956848,
        "4": 0.39295434951782227,
        "5": 0.38536536693573,
        "6": 0.384162038564682,
        "7": 0.3807014226913452,
        "8": 0.3796655833721161,
        "9": 0.3788924813270569
    },
    "256": {
        "0": 0.3873363435268402,
        "1": 0.38513344526290894,
        "2": 0.3773663640022278,
        "3": 0.37394389510154724,
        "4": 0.37335020303726196,
        "5": 0.3720047175884247,
        "6": 0.3610570430755615,
        "7": 0.35804155468940735,
        "8": 0.3569226861000061,
        "9": 0.35560256242752075
    },
    "272": {
        "0": 0.4074573814868927,
        "1": 0.4022664725780487,
        "2": 0.39454782009124756,
        "3": 0.3910217583179474,
        "4": 0.39009687304496765,
        "5": 0.38993769884109497,
        "6": 0.38385793566703796,
        "7": 0.3821808397769928,
        "8": 0.37783870100975037,
        "9": 0.3771260678768158
    },
    "288": {
        "0": 0.4021225869655609,
        "1": 0.40200167894363403,
        "2": 0.3918948471546173,
        "3": 0.3903110921382904,
        "4": 0.3885018527507782,
        "5": 0.38707393407821655,
        "6": 0.3830408751964569,
        "7": 0.38154807686805725,
        "8": 0.37790536880493164,
        "9": 0.37161341309547424
    },
    "304": {
        "0": 0.403491735458374,
        "1": 0.39832425117492676,
        "2": 0.3924334645271301,
        "3": 0.3882782459259033,
        "4": 0.38810044527053833,
        "5": 0.3879697620868683,
        "6": 0.3839658796787262,
        "7": 0.38277459144592285,
        "8": 0.3769894242286682,
        "9": 0.3723510503768921
    },
    "320": {
        "0": 0.41592252254486084,
        "1": 0.4032946825027466,
        "2": 0.40049993991851807,
        "3": 0.3994208574295044,
        "4": 0.3988308310508728,
        "5": 0.38891851902008057,
        "6": 0.3860085606575012,
        "7": 0.3860081136226654,
        "8": 0.38343167304992676,
        "9": 0.3790489137172699
    },
    "336": {
        "0": 0.41119885444641113,
        "1": 0.394496351480484,
        "2": 0.3913935422897339,
        "3": 0.3893584907054901,
        "4": 0.38359522819519043,
        "5": 0.38022711873054504,
        "6": 0.380074679851532,
        "7": 0.3753298223018646,
        "8": 0.3752303719520569,
        "9": 0.3714488744735718
    },
    "352": {
        "0": 0.3920961022377014,
        "1": 0.39088958501815796,
        "2": 0.37121909856796265,
        "3": 0.3679443299770355,
        "4": 0.3624594509601593,
        "5": 0.35419994592666626,
        "6": 0.3502534031867981,