{
    "0": {
        "0": 0.3492858111858368,
        "1": 0.3469237685203552,
        "2": 0.34461912512779236,
        "3": 0.3438197076320648,
        "4": 0.34376344084739685,
        "5": 0.3431061804294586,
        "6": 0.34301191568374634,
        "7": 0.34085434675216675,
        "8": 0.34045273065567017,
        "9": 0.3393322229385376
    },
    "16": {
        "0": 0.3579767942428589,
        "1": 0.35579124093055725,
        "2": 0.35290586948394775,
        "3": 0.35253748297691345,
        "4": 0.3499303460121155,
        "5": 0.34912919998168945,
        "6": 0.348832368850708,
        "7": 0.347941517829895,
        "8": 0.34788063168525696,
        "9": 0.34723490476608276
    },
    "32": {
        "0": 0.36546212434768677,
        "1": 0.3617548942565918,
        "2": 0.3604723811149597,
        "3": 0.3574312627315521,
        "4": 0.3558546304702759,
        "5": 0.3544611930847168,
        "6": 0.3543161153793335,
        "7": 0.3540174961090088,
        "8": 0.35235923528671265,
        "9": 0.3522353172302246
    },
    "48": {
        "0": 0.36672908067703247,
        "1": 0.36163994669914246,
        "2": 0.3614961504936218,
        "3": 0.3595751225948334,
        "4": 0.35499855875968933,
        "5": 0.3545794188976288,
        "6": 0.3532448709011078,
        "7": 0.35310250520706177,
        "8": 0.3527781367301941,
        "9": 0.35249605774879456
    },
    "64": {
        "0": 0.3721569776535034,
        "1": 0.3679887354373932,
        "2": 0.36736369132995605,
        "3": 0.3663354218006134,
        "4": 0.36130717396736145,
        "5": 0.3612940311431885,
        "6": 0.3606320023536682,
        "7": 0.36030951142311096,
        "8": 0.3586250841617584,
        "9": 0.3578420877456665
    },
    "80": {
        "0": 0.3657000660896301,
        "1": 0.3618442416191101,
        "2": 0.3615196943283081,
        "3": 0.3598294258117676,
        "4": 0.3584977090358734,
        "5": 0.35772401094436646,
        "6": 0.3566914498806,
        "7": 0.35529857873916626,
        "8": 0.3552214801311493,
        "9": 0.35492807626724243
    },
    "96": {
        "0": 0.36275342106819153,
        "1": 0.3598768413066864,
        "2": 0.3590019643306732,
        "3": 0.35678258538246155,
        "4": 0.3563685715198517,
        "5": 0.35618793964385986,
        "6": 0.354120135307312,
        "7": 0.3527463972568512,
        "8": 0.35266271233558655,
        "9": 0.3519379198551178
    },
    "112": {
        "0": 0.3556956946849823,
        "1": 0.3528706729412079,
        "2": 0.3528577983379364,
        "3": 0.35119301080703735,
        "4": 0.35117608308792114,
        "5": 0.3501183092594147,
        "6": 0.3496082127094269,
        "7": 0.3479323983192444,
        "8": 0.3456704616546631,
        "9": 0.34433621168136597
    },
    "128": {
        "0": 0.3565043807029724,
        "1": 0.35531070828437805,
        "2": 0.3536717891693115,
        "3": 0.3524811565876007,
        "4": 0.35218778252601624,
        "5": 0.35165852308273315,
        "6": 0.3510591685771942,
        "7": 0.3493366539478302,
        "8": 0.3490724563598633,
        "9": 0.3441970646381378
    },
    "144": {
        "0": 0.3628614544868469,
        "1": 0.36051908135414124,
        "2": 0.3602483570575714,
        "3": 0.3596443831920624,
        "4": 0.3544771671295166,
        "5": 0.35214975476264954,
        "6": 0.35045528411865234,
        "7": 0.35024774074554443,
        "8": 0.3501669764518738,
        "9": 0.34989580512046814
    },
    "160": {
        "0": 0.3550455868244171,
        "1": 0.3534558415412903,
        "2": 0.353356271982193,
        "3": 0.3526706397533417,
        "4": 0.3481060564517975,
        "5": 0.3447119891643524,
        "6": 0.34429121017456055,
        "7": 0.34403425455093384,
        "8": 0.3428892195224762,
        "9": 0.34285449981689453
    },
    "176": {
        "0": 0.36764588952064514,
        "1": 0.36603930592536926,
        "2": 0.36449021100997925,
        "3": 0.3619663417339325,
        "4": 0.3579610586166382,
        "5": 0.3579564392566681,
        "6": 0.35778647661209106,
        "7": 0.35672950744628906,
        "8": 0.3566032946109772,
        "9": 0.35659199953079224
    },
    "192": {
        "0": 0.3559170961380005,
        "1": 0.3550846576690674,
        "2": 0.35318422317504883,
        "3": 0.35171249508857727,
        "4": 0.3515757918357849,
        "5": 0.35077011585235596,
        "6": 0.3487907350063324,
        "7": 0.3481596112251282,
        "8": 0.3463856875896454,
        "9": 0.3461386561393738
    },
    "208": {
        "0": 0.3635976314544678,
        "1": 0.3614579439163208,
        "2": 0.35991454124450684,
        "3": 0.3563452661037445,
        "4": 0.35523107647895813,
        "5": 0.3547958433628082,
        "6": 0.3538951277732849,
        "7": 0.35364341735839844,
        "8": 0.3527520000934601,
        "9": 0.3526794910430908
    },
    "224": {
        "0": 0.3654646575450897,
        "1": 0.3620487153530121,
        "2": 0.3618469834327698,
        "3": 0.35884177684783936,
        "4": 0.3577735126018524,
        "5": 0.35732150077819824,
        "6": 0.3563622534275055,
        "7": 0.3548188805580139,
        "8": 0.35478290915489197,
        "9": 0.35475531220436096
    },
    "240": {
        "0": 0.3620638847351074,
        "1": 0.3604589104652405,
        "2": 0.35822173953056335,
        "3": 0.3575783967971802,
        "4": 0.3536667227745056,
        "5": 0.3533559739589691,
        "6": 0.3531002998352051,
        "7": 0.3530275821685791,
        "8": 0.3526526689529419,
        "9": 0.3507069945335388
    },
    "256": {
        "0": 0.3639317452907562,
        "1": 0.36084407567977905,
        "2": 0.35833078622817993,
        "3": 0.3570188879966736,
        "4": 0.35605892539024353,
        "5": 0.35501766204833984,
        "6": 0.3548372685909271,
        "7": 0.3547256290912628,
        "8": 0.35293468832969666,
        "9": 0.3526335656642914
    },
    "272": {
        "0": 0.36804258823394775,
        "1": 0.36374861001968384,
        "2": 0.3620643615722656,
        "3": 0.3614484369754791,
        "4": 0.3608720600605011,
        "5": 0.360775887966156,
        "6": 0.36006948351860046,
        "7": 0.35993456840515137,
        "8": 0.3569326102733612,
        "9": 0.35587140917778015
    },
    "288": {
        "0": 0.36569714546203613,
        "1": 0.36414048075675964,
        "2": 0.3621595799922943,
        "3": 0.3614729046821594,
        "4": 0.3604978621006012,
        "5": 0.36039188504219055,
        "6": 0.359752893447876,
        "7": 0.35702043771743774,
        "8": 0.35617610812187195,
        "9": 0.3557676672935486
    },
    "304": {
        "0": 0.36851683259010315,
        "1": 0.3651313781738281,
        "2": 0.36300966143608093,
        "3": 0.3621583878993988,
        "4": 0.3621360659599304,
        "5": 0.3616779148578644,
        "6": 0.36080554127693176,
        "7": 0.3590987026691437,
        "8": 0.3564068078994751,
        "9": 0.3559820055961609
    },
    "320": {
        "0": 0.36984017491340637,
        "1": 0.36623772978782654,
        "2": 0.365050733089447,
        "3": 0.3646872043609619,
        "4": 0.3616692125797272,
        "5": 0.36164772510528564,
        "6": 0.3613840341567993,
        "7": 0.36038365960121155,
        "8": 0.35972994565963745,
        "9": 0.35963165760040283
    },
    "336": {
        "0": 0.3534965217113495,
        "1": 0.35140374302864075,
        "2": 0.34976258873939514,
        "3": 0.34919291734695435,
        "4": 0.34779149293899536,
        "5": 0.34740743041038513,
        "6": 0.34711015224456787,
        "7": 0.34704306721687317,
        "8": 0.34685951471328735,
        "9": 0.3463669717311859
    },
    "352": {
        "0": 0.3631437122821808,
        "1": 0.361690491437912,
        "2": 0.36067864298820496,
        "3": 0.36028531193733215,
        "4": 0.35612374544143677,
        "5": 0.3560299277305603,
        "6": 0.35536205768585205,