{
    "0": {
        "0": 0.35176461935043335,
        "1": 0.34985092282295227,
        "2": 0.34187188744544983,
        "3": 0.3397180736064911,
        "4": 0.337309330701828,
        "5": 0.3365524411201477,
        "6": 0.33481958508491516,
        "7": 0.3348061740398407,
        "8": 0.33317622542381287,
        "9": 0.33310753107070923
    },
    "16": {
        "0": 0.33066943287849426,
        "1": 0.3293551504611969,
        "2": 0.3288031220436096,
        "3": 0.32395026087760925,
        "4": 0.3208064138889313,
        "5": 0.3129536211490631,
        "6": 0.3124728798866272,
        "7": 0.3118731677532196,
        "8": 0.3108128011226654,
        "9": 0.3084767162799835
    },
    "32": {
        "0": 0.35586124658584595,
        "1": 0.35467052459716797,
        "2": 0.3458670377731323,
        "3": 0.34459343552589417,
        "4": 0.3412688970565796,
        "5": 0.34047502279281616,
        "6": 0.3394700586795807,
        "7": 0.337195485830307,
        "8": 0.3365015983581543,
        "9": 0.3358479142189026
    },
    "48": {
        "0": 0.34101051092147827,
        "1": 0.34046077728271484,
        "2": 0.33860912919044495,
        "3": 0.33783796429634094,
        "4": 0.33672815561294556,
        "5": 0.3362594544887543,
        "6": 0.33410266041755676,
        "7": 0.33256232738494873,
        "8": 0.3302498757839203,
        "9": 0.32976171374320984
    },
    "64": {
        "0": 0.34751373529434204,
        "1": 0.3420756459236145,
        "2": 0.3402292728424072,
        "3": 0.33913305401802063,
        "4": 0.3382142186164856,
        "5": 0.3378632366657257,
        "6": 0.33754998445510864,
        "7": 0.336995393037796,
        "8": 0.33483025431632996,
        "9": 0.33327844738960266
    },
    "80": {
        "0": 0.3255511224269867,
        "1": 0.3245680630207062,
        "2": 0.32354333996772766,
        "3": 0.32303518056869507,
        "4": 0.32098743319511414,
        "5": 0.31873634457588196,
        "6": 0.31750574707984924,
        "7": 0.31712207198143005,
        "8": 0.3154749274253845,
        "9": 0.3147448003292084
    },
    "96": {
        "0": 0.33021703362464905,
        "1": 0.3288589417934418,
        "2": 0.3270142674446106,
        "3": 0.3256619870662689,
        "4": 0.32437199354171753,
        "5": 0.32321882247924805,
        "6": 0.32296547293663025,
        "7": 0.3200356662273407,
        "8": 0.31894391775131226,
        "9": 0.31606319546699524
    },
    "112": {
        "0": 0.3472853899002075,
        "1": 0.34644705057144165,
        "2": 0.33961430191993713,
        "3": 0.33451592922210693,
        "4": 0.33344241976737976,
        "5": 0.3328373432159424,
        "6": 0.3309062719345093,
        "7": 0.32939383387565613,
        "8": 0.3288208246231079,
        "9": 0.3260941505432129
    },
    "128": {
        "0": 0.3532395660877228,
        "1": 0.3510291278362274,
        "2": 0.3451886475086212,
        "3": 0.3447186350822449,
        "4": 0.33928540349006653,
        "5": 0.3372616469860077,
        "6": 0.3360426723957062,
        "7": 0.3352850079536438,
        "8": 0.33422327041625977,
        "9": 0.3332050144672394
    },
    "144": {
        "0": 0.33668994903564453,
        "1": 0.33492493629455566,
        "2": 0.3315816819667816,
        "3": 0.329231321811676,
        "4": 0.32915163040161133,
        "5": 0.32886460423469543,
        "6": 0.32682135701179504,
        "7": 0.32017800211906433,
        "8": 0.31854477524757385,
        "9": 0.314382404088974
    },
    "160": {
        "0": 0.3382318913936615,
        "1": 0.3325185775756836,
        "2": 0.33161062002182007,
        "3": 0.33127906918525696,
        "4": 0.32831940054893494,
        "5": 0.3266634941101074,
        "6": 0.3197519779205322,
        "7": 0.3162318766117096,
        "8": 0.31379249691963196,
        "9": 0.3126736283302307
    },
    "176": {
        "0": 0.35735008120536804,
        "1": 0.3547132611274719,
        "2": 0.34545376896858215,
        "3": 0.34387847781181335,
        "4": 0.3436448872089386,
        "5": 0.3432605564594269,
        "6": 0.34216952323913574,
        "7": 0.3419751524925232,
        "8": 0.34088125824928284,
        "9": 0.3406500220298767
    },
    "192": {
        "0": 0.3449259102344513,
        "1": 0.3375992774963379,
        "2": 0.33626532554626465,
        "3": 0.33439740538597107,
        "4": 0.33401432633399963,
        "5": 0.33197683095932007,
        "6": 0.33087486028671265,
        "7": 0.33081239461898804,
        "8": 0.33075663447380066,
        "9": 0.33031004667282104
    },
    "208": {
        "0": 0.35421136021614075,
        "1": 0.3504275381565094,
        "2": 0.3480246067047119,
        "3": 0.3465860188007355,
        "4": 0.3456009328365326,
        "5": 0.3449702560901642,
        "6": 0.34465545415878296,
        "7": 0.34436655044555664,
        "8": 0.34297508001327515,
        "9": 0.3415103852748871
    },
    "224": {
        "0": 0.35955509543418884,
        "1": 0.3568345010280609,
        "2": 0.35518771409988403,
        "3": 0.3549312651157379,
        "4": 0.3532588481903076,
        "5": 0.3527407646179199,
        "6": 0.35127517580986023,
        "7": 0.35003867745399475,
        "8": 0.3484816253185272,
        "9": 0.3475486934185028
    },
    "240": {
        "0": 0.34645116329193115,
        "1": 0.3402803838253021,
        "2": 0.3367078900337219,
        "3": 0.3356582224369049,
        "4": 0.3349541425704956,
        "5": 0.3328148126602173,
        "6": 0.33199092745780945,
        "7": 0.3292495906352997,
        "8": 0.32846328616142273,
        "9": 0.3279601037502289
    },
    "256": {
        "0": 0.34065166115760803,
        "1": 0.33803969621658325,
        "2": 0.3353920876979828,
        "3": 0.33508312702178955,
        "4": 0.3344208896160126,
        "5": 0.33319589495658875,
        "6": 0.3323540687561035,
        "7": 0.33080074191093445,
        "8": 0.33058932423591614,
        "9": 0.32870736718177795
    },
    "272": {
        "0": 0.35226109623908997,
        "1": 0.3499489426612854,
        "2": 0.34951239824295044,
        "3": 0.3487742841243744,
        "4": 0.34791746735572815,
        "5": 0.3437940776348114,
        "6": 0.3437139391899109,
        "7": 0.3435811400413513,
        "8": 0.3428291976451874,
        "9": 0.34262970089912415
    },
    "288": {
        "0": 0.3502795398235321,
        "1": 0.34625038504600525,
        "2": 0.3460032045841217,
        "3": 0.3452751934528351,
        "4": 0.34439796209335327,
        "5": 0.34281930327415466,
        "6": 0.3426089286804199,
        "7": 0.34136295318603516,
        "8": 0.34105026721954346,
        "9": 0.338753342628479
    },
    "304": {
        "0": 0.34815287590026855,
        "1": 0.34351372718811035,
        "2": 0.3423959016799927,
        "3": 0.34147241711616516,
        "4": 0.3392573297023773,
        "5": 0.33827728033065796,
        "6": 0.33684083819389343,
        "7": 0.3337158262729645,
        "8": 0.33244457840919495,
        "9": 0.33231669664382935
    },
    "320": {
        "0": 0.33015236258506775,
        "1": 0.31897950172424316,
        "2": 0.3166258633136749,
        "3": 0.313588947057724,
        "4": 0.31184008717536926,
        "5": 0.3114551901817322,
        "6": 0.3102155327796936,
        "7": 0.3099721372127533,
        "8": 0.3097809851169586,
        "9": 0.30910173058509827
    },
    "336": {
        "0": 0.3106395900249481,
        "1": 0.3105473518371582,
        "2": 0.3084317445755005,
        "3": 0.30382010340690613,
        "4": 0.3033755123615265,
        "5": 0.302815705537796,
        "6": 0.30173876881599426,
        "7": 0.3011946678161621,
        "8": 0.2984803318977356,
        "9": 0.2947967052459717
    },
    "352": {
        "0": 0.33177897334098816,
        "1": 0.327926367521286,
        "2": 0.3276197612285614,
        "3": 0.3190924823284149,
        "4": 0.31898975372314453,
        "5": 0.316791832447052,