{
    "0": {
        "0": 0.35333240032196045,
        "1": 0.3456154465675354,
        "2": 0.33504870533943176,
        "3": 0.3330155611038208,
        "4": 0.3330085873603821,
        "5": 0.3310621976852417,
        "6": 0.329339861869812,
        "7": 0.3291988968849182,
        "8": 0.32526516914367676,
        "9": 0.32419687509536743
    },
    "16": {
        "0": 0.35550519824028015,
        "1": 0.3410067856311798,
        "2": 0.3330515921115875,
        "3": 0.3303273618221283,
        "4": 0.3300444483757019,
        "5": 0.32976412773132324,
        "6": 0.329342246055603,
        "7": 0.3266048729419708,
        "8": 0.32658877968788147,
        "9": 0.3210769295692444
    },
    "32": {
        "0": 0.3362029194831848,
        "1": 0.3306119441986084,
        "2": 0.32315388321876526,
        "3": 0.3215847313404083,
        "4": 0.31910139322280884,
        "5": 0.31719839572906494,
        "6": 0.31633996963500977,
        "7": 0.31587523221969604,
        "8": 0.31381863355636597,
        "9": 0.3123791813850403
    },
    "48": {
        "0": 0.3542129695415497,
        "1": 0.34828588366508484,
        "2": 0.3443111181259155,
        "3": 0.34058043360710144,
        "4": 0.339466392993927,
        "5": 0.3383163809776306,
        "6": 0.3367975354194641,
        "7": 0.3346109986305237,
        "8": 0.33385974168777466,
        "9": 0.33257585763931274
    },
    "64": {
        "0": 0.34103724360466003,
        "1": 0.3408404290676117,
        "2": 0.3383653163909912,
        "3": 0.33365851640701294,
        "4": 0.32955676317214966,
        "5": 0.32940545678138733,
        "6": 0.3282446563243866,
        "7": 0.3271387219429016,
        "8": 0.3248584270477295,
        "9": 0.32460689544677734
    },
    "80": {
        "0": 0.35854241251945496,
        "1": 0.35734397172927856,
        "2": 0.35589951276779175,
        "3": 0.35587406158447266,
        "4": 0.3538159132003784,
        "5": 0.3485885560512543,
        "6": 0.348354309797287,
        "7": 0.34778013825416565,
        "8": 0.34382033348083496,
        "9": 0.3418457806110382
    },
    "96": {
        "0": 0.3529510796070099,
        "1": 0.3491074740886688,
        "2": 0.345772922039032,
        "3": 0.34484097361564636,
        "4": 0.3447765111923218,
        "5": 0.33883196115493774,
        "6": 0.33829692006111145,
        "7": 0.335375040769577,
        "8": 0.33488011360168457,
        "9": 0.3318842947483063
    },
    "112": {
        "0": 0.3391169309616089,
        "1": 0.335684597492218,
        "2": 0.33380070328712463,
        "3": 0.33298689126968384,
        "4": 0.3323988914489746,
        "5": 0.3321424126625061,
        "6": 0.3317180573940277,
        "7": 0.32857051491737366,
        "8": 0.328554630279541,
        "9": 0.327441543340683
    },
    "128": {
        "0": 0.34349772334098816,
        "1": 0.3422008156776428,
        "2": 0.3390500545501709,
        "3": 0.33886682987213135,
        "4": 0.3376014530658722,
        "5": 0.3357798159122467,
        "6": 0.33540433645248413,
        "7": 0.3346482515335083,
        "8": 0.3343449532985687,
        "9": 0.3316095769405365
    },
    "144": {
        "0": 0.36800292134284973,
        "1": 0.36735495924949646,
        "2": 0.36616164445877075,
        "3": 0.36448460817337036,
        "4": 0.3634757399559021,
        "5": 0.36161795258522034,
        "6": 0.3603605329990387,
        "7": 0.3595559597015381,
        "8": 0.35824912786483765,
        "9": 0.3571450710296631
    },
    "160": {
        "0": 0.3682897090911865,
        "1": 0.36551371216773987,
        "2": 0.36137449741363525,
        "3": 0.3582458198070526,
        "4": 0.35770484805107117,
        "5": 0.35681772232055664,
        "6": 0.3564439117908478,
        "7": 0.356350302696228,
        "8": 0.35553228855133057,
        "9": 0.355267196893692
    },
    "176": {
        "0": 0.3668087422847748,
        "1": 0.36286941170692444,
        "2": 0.36025139689445496,
        "3": 0.3575718402862549,
        "4": 0.3560703694820404,
        "5": 0.35543176531791687,
        "6": 0.3547062277793884,
        "7": 0.3510405719280243,
        "8": 0.34971582889556885,
        "9": 0.3489282727241516
    },
    "192": {
        "0": 0.37695449590682983,
        "1": 0.3698693811893463,
        "2": 0.366485059261322,
        "3": 0.36537548899650574,
        "4": 0.36495882272720337,
        "5": 0.36396297812461853,
        "6": 0.3581267297267914,
        "7": 0.35796698927879333,
        "8": 0.35648438334465027,
        "9": 0.3543239235877991
    },
    "208": {
        "0": 0.34466809034347534,
        "1": 0.34310653805732727,
        "2": 0.34288525581359863,
        "3": 0.3400000333786011,
        "4": 0.3389589488506317,
        "5": 0.3346409201622009,
        "6": 0.3345264196395874,
        "7": 0.33358848094940186,
        "8": 0.3333839774131775,
        "9": 0.3331027626991272
    },
    "224": {
        "0": 0.3596552014350891,
        "1": 0.3590851426124573,
        "2": 0.35422462224960327,
        "3": 0.35098758339881897,
        "4": 0.34975749254226685,
        "5": 0.3491654694080353,
        "6": 0.3487764000892639,
        "7": 0.34847840666770935,
        "8": 0.34797075390815735,
        "9": 0.3476284444332123
    },
    "240": {
        "0": 0.3560846447944641,
        "1": 0.3532058894634247,
        "2": 0.34978243708610535,
        "3": 0.3466508686542511,
        "4": 0.345861554145813,
        "5": 0.3451592028141022,
        "6": 0.3447937071323395,
        "7": 0.3447321653366089,
        "8": 0.34421858191490173,
        "9": 0.34324538707733154
    },
    "256": {
        "0": 0.34997737407684326,
        "1": 0.3423680365085602,
        "2": 0.3419419527053833,
        "3": 0.34103500843048096,
        "4": 0.3384597897529602,
        "5": 0.33726829290390015,
        "6": 0.33660098910331726,
        "7": 0.33658933639526367,
        "8": 0.3356756269931793,
        "9": 0.33454009890556335
    },
    "272": {
        "0": 0.33824142813682556,
        "1": 0.3378218114376068,
        "2": 0.337458074092865,
        "3": 0.33189257979393005,
        "4": 0.3305668830871582,
        "5": 0.32728713750839233,
        "6": 0.32722577452659607,
        "7": 0.3266681134700775,
        "8": 0.325542151927948,
        "9": 0.32553449273109436
    },
    "288": {
        "0": 0.33006465435028076,
        "1": 0.32836511731147766,
        "2": 0.3243389427661896,
        "3": 0.3229071795940399,
        "4": 0.32071739435195923,
        "5": 0.31932273507118225,
        "6": 0.31927844882011414,
        "7": 0.3179829716682434,
        "8": 0.3179716169834137,
        "9": 0.3178580403327942
    },
    "304": {
        "0": 0.3352462947368622,
        "1": 0.33492225408554077,
        "2": 0.3288254141807556,
        "3": 0.32737910747528076,
        "4": 0.32689639925956726,
        "5": 0.32629138231277466,
        "6": 0.32605260610580444,
        "7": 0.32532063126564026,
        "8": 0.32464131712913513,
        "9": 0.3240799605846405
    },
    "320": {
        "0": 0.38018497824668884,
        "1": 0.3710964024066925,
        "2": 0.37093386054039,
        "3": 0.37025851011276245,
        "4": 0.36868730187416077,
        "5": 0.3655729293823242,
        "6": 0.36358174681663513,
        "7": 0.36241263151168823,
        "8": 0.3606884181499481,
        "9": 0.3578343391418457
    },
    "336": {
        "0": 0.3541770875453949,
        "1": 0.3435685336589813,
        "2": 0.3433351516723633,
        "3": 0.3426358997821808,
        "4": 0.34165751934051514,
        "5": 0.34144583344459534,
        "6": 0.3389725685119629,
        "7": 0.3348769247531891,
        "8": 0.3269982933998108,
        "9": 0.32411906123161316
    },
    "352": {
        "0": 0.3875921666622162,
        "1": 0.3801042139530182,
        "2": 0.3795376121997833,
        "3": 0.37898945808410645,
        "4": 0.37628182768821716,
        "5": 0.3711438477039337,