{
    "0": {
        "0": 0.3360794484615326,
        "1": 0.33060723543167114,
        "2": 0.3275701403617859,
        "3": 0.32518240809440613,
        "4": 0.32438698410987854,
        "5": 0.3241799473762512,
        "6": 0.3234732449054718,
        "7": 0.3106568455696106,
        "8": 0.3094756305217743,
        "9": 0.30290696024894714
    },
    "16": {
        "0": 0.3350784480571747,
        "1": 0.33166250586509705,
        "2": 0.3279187083244324,
        "3": 0.32730042934417725,
        "4": 0.324567586183548,
        "5": 0.3243138790130615,
        "6": 0.3242620527744293,
        "7": 0.31226789951324463,
        "8": 0.31106048822402954,
        "9": 0.30293163657188416
    },
    "32": {
        "0": 0.3370417058467865,
        "1": 0.3328777253627777,
        "2": 0.3308448791503906,
        "3": 0.32857659459114075,
        "4": 0.32644087076187134,
        "5": 0.325787752866745,
        "6": 0.3255023658275604,
        "7": 0.314115434885025,
        "8": 0.3119765520095825,
        "9": 0.30370578169822693
    },
    "48": {
        "0": 0.3305516541004181,
        "1": 0.3226006031036377,
        "2": 0.3215342164039612,
        "3": 0.32143905758857727,
        "4": 0.31798091530799866,
        "5": 0.3178575932979584,
        "6": 0.31660374999046326,
        "7": 0.3056902587413788,
        "8": 0.30228546261787415,
        "9": 0.3000398576259613
    },
    "64": {
        "0": 0.33002936840057373,
        "1": 0.32375675439834595,
        "2": 0.3207031190395355,
        "3": 0.3200790286064148,
        "4": 0.318551242351532,
        "5": 0.31662818789482117,
        "6": 0.3161654770374298,
        "7": 0.30224499106407166,
        "8": 0.3006458878517151,
        "9": 0.2967861294746399
    },
    "80": {
        "0": 0.336556613445282,
        "1": 0.3295016586780548,
        "2": 0.32630935311317444,
        "3": 0.32509344816207886,
        "4": 0.32497894763946533,
        "5": 0.32366156578063965,
        "6": 0.3204101026058197,
        "7": 0.3112020790576935,
        "8": 0.3077634572982788,
        "9": 0.3067764341831207
    },
    "96": {
        "0": 0.3428725004196167,
        "1": 0.3347119390964508,
        "2": 0.3303960859775543,
        "3": 0.3297158181667328,
        "4": 0.32956692576408386,
        "5": 0.32949158549308777,
        "6": 0.32783085107803345,
        "7": 0.31939712166786194,
        "8": 0.3160063624382019,
        "9": 0.30874866247177124
    },
    "112": {
        "0": 0.33738741278648376,
        "1": 0.33088091015815735,
        "2": 0.3281702399253845,
        "3": 0.328010618686676,
        "4": 0.3257307708263397,
        "5": 0.32515010237693787,
        "6": 0.3243602514266968,
        "7": 0.312993586063385,
        "8": 0.3076603412628174,
        "9": 0.3021867275238037
    },
    "128": {
        "0": 0.3352101445198059,
        "1": 0.3276398777961731,
        "2": 0.32296162843704224,
        "3": 0.322873592376709,
        "4": 0.3214806616306305,
        "5": 0.3203312158584595,
        "6": 0.3199288845062256,
        "7": 0.3098933696746826,
        "8": 0.30544838309288025,
        "9": 0.29984050989151
    },
    "144": {
        "0": 0.3373887538909912,
        "1": 0.3351348638534546,
        "2": 0.32729625701904297,
        "3": 0.3272526264190674,
        "4": 0.3270608186721802,
        "5": 0.32490646839141846,
        "6": 0.31910109519958496,
        "7": 0.3036857843399048,
        "8": 0.2987995743751526,
        "9": 0.29853737354278564
    },
    "160": {
        "0": 0.32523131370544434,
        "1": 0.32493728399276733,
        "2": 0.32293689250946045,
        "3": 0.31981220841407776,
        "4": 0.31389468908309937,
        "5": 0.3134356737136841,
        "6": 0.30525779724121094,
        "7": 0.30264121294021606,
        "8": 0.3025553226470947,
        "9": 0.29900115728378296
    },
    "176": {
        "0": 0.2994169294834137,
        "1": 0.2988864779472351,
        "2": 0.29885804653167725,
        "3": 0.2947313189506531,
        "4": 0.29397085309028625,
        "5": 0.2921077013015747,
        "6": 0.2892538905143738,
        "7": 0.28778690099716187,
        "8": 0.2877587676048279,
        "9": 0.28203943371772766
    },
    "192": {
        "0": 0.3159480392932892,
        "1": 0.31049075722694397,
        "2": 0.30762091279029846,
        "3": 0.3041742444038391,
        "4": 0.30385199189186096,
        "5": 0.3024623692035675,
        "6": 0.3013780117034912,
        "7": 0.3006441295146942,
        "8": 0.3003782033920288,
        "9": 0.2993853986263275
    },
    "208": {
        "0": 0.3185510039329529,
        "1": 0.31476089358329773,
        "2": 0.30933523178100586,
        "3": 0.3076815605163574,
        "4": 0.307634174823761,
        "5": 0.306687593460083,
        "6": 0.3051709532737732,
        "7": 0.2946311831474304,
        "8": 0.2934645712375641,
        "9": 0.2915101945400238
    },
    "224": {
        "0": 0.3126063048839569,
        "1": 0.3052002787590027,
        "2": 0.3032771944999695,
        "3": 0.3027021884918213,
        "4": 0.3014451563358307,
        "5": 0.3002060055732727,
        "6": 0.2994384169578552,
        "7": 0.29920312762260437,
        "8": 0.28988146781921387,
        "9": 0.28845924139022827
    },
    "240": {
        "0": 0.31538164615631104,
        "1": 0.3121819794178009,
        "2": 0.31105750799179077,
        "3": 0.30899518728256226,
        "4": 0.30809834599494934,
        "5": 0.3053494095802307,
        "6": 0.3035675287246704,
        "7": 0.3026680052280426,
        "8": 0.30018073320388794,
        "9": 0.2962757647037506
    },
    "256": {
        "0": 0.2915418744087219,
        "1": 0.28987812995910645,
        "2": 0.28737306594848633,
        "3": 0.2858141362667084,
        "4": 0.28570878505706787,
        "5": 0.2851625978946686,
        "6": 0.2817475199699402,
        "7": 0.28157562017440796,
        "8": 0.27763745188713074,
        "9": 0.2759023606777191
    },
    "272": {
        "0": 0.30651965737342834,
        "1": 0.30305925011634827,
        "2": 0.3007062077522278,
        "3": 0.29871606826782227,
        "4": 0.29781675338745117,
        "5": 0.29611536860466003,
        "6": 0.29572540521621704,
        "7": 0.2943791449069977,
        "8": 0.28938135504722595,
        "9": 0.2843489646911621
    },
    "288": {
        "0": 0.3044522702693939,
        "1": 0.30289724469184875,
        "2": 0.294341117143631,
        "3": 0.2934304177761078,
        "4": 0.289084255695343,
        "5": 0.2882671654224396,
        "6": 0.285611629486084,
        "7": 0.2847830057144165,
        "8": 0.2787572741508484,
        "9": 0.2779741883277893
    },
    "304": {
        "0": 0.30387061834335327,
        "1": 0.3031781017780304,
        "2": 0.302117258310318,
        "3": 0.3016258180141449,
        "4": 0.3009931743144989,
        "5": 0.2996092140674591,
        "6": 0.297927588224411,
        "7": 0.29518869519233704,
        "8": 0.28897568583488464,
        "9": 0.2874676585197449
    },
    "320": {
        "0": 0.30529025197029114,
        "1": 0.3038114011287689,
        "2": 0.2974078059196472,
        "3": 0.2957562208175659,
        "4": 0.2956608831882477,
        "5": 0.2918669283390045,
        "6": 0.2914692163467407,
        "7": 0.2905016243457794,
        "8": 0.2887277901172638,
        "9": 0.2865348160266876
    },
    "336": {
        "0": 0.32406890392303467,
        "1": 0.32127752900123596,
        "2": 0.31953513622283936,
        "3": 0.31732216477394104,
        "4": 0.3133603632450104,
        "5": 0.3127348721027374,
        "6": 0.30590322613716125,
        "7": 0.3048132359981537,
        "8": 0.3031028211116791,
        "9": 0.29789280891418457
    },
    "352": {
        "0": 0.3199473023414612,
        "1": 0.31670066714286804,
        "2": 0.31659772992134094,
        "3": 0.31124114990234375,
        "4": 0.3071640729904175,
        "5": 0.30674394965171814,
        "6": 0.30282339453697205,