{
    "0": {
        "0": 0.3308327794075012,
        "1": 0.32740500569343567,
        "2": 0.32427161931991577,
        "3": 0.31914710998535156,
        "4": 0.3148576021194458,
        "5": 0.3061203360557556,
        "6": 0.3032631576061249,
        "7": 0.3022140860557556,
        "8": 0.3019474148750305,
        "9": 0.2918497920036316
    },
    "16": {
        "0": 0.3308117985725403,
        "1": 0.3245061933994293,
        "2": 0.3226294219493866,
        "3": 0.3183456063270569,
        "4": 0.31528541445732117,
        "5": 0.3024123013019562,
        "6": 0.30078983306884766,
        "7": 0.2975768744945526,
        "8": 0.2970444858074188,
        "9": 0.29431283473968506
    },
    "32": {
        "0": 0.3575637936592102,
        "1": 0.3568604588508606,
        "2": 0.3527052402496338,
        "3": 0.35111382603645325,
        "4": 0.3380942642688751,
        "5": 0.3364045321941376,
        "6": 0.3354453444480896,
        "7": 0.3313673138618469,
        "8": 0.31676945090293884,
        "9": 0.31597834825515747
    },
    "48": {
        "0": 0.35143232345581055,
        "1": 0.34975260496139526,
        "2": 0.3444022536277771,
        "3": 0.3430034816265106,
        "4": 0.33239632844924927,
        "5": 0.33036351203918457,
        "6": 0.3264549970626831,
        "7": 0.3255575895309448,
        "8": 0.31091493368148804,
        "9": 0.3074362576007843
    },
    "64": {
        "0": 0.35557982325553894,
        "1": 0.35442858934402466,
        "2": 0.3488783538341522,
        "3": 0.34398043155670166,
        "4": 0.3367727994918823,
        "5": 0.332817941904068,
        "6": 0.3301083743572235,
        "7": 0.327177494764328,
        "8": 0.31277143955230713,
        "9": 0.30992230772972107
    },
    "80": {
        "0": 0.35753077268600464,
        "1": 0.3564305007457733,
        "2": 0.35106128454208374,
        "3": 0.35086917877197266,
        "4": 0.3375597298145294,
        "5": 0.33377692103385925,
        "6": 0.3335060179233551,
        "7": 0.33096134662628174,
        "8": 0.3156585693359375,
        "9": 0.31541237235069275
    },
    "96": {
        "0": 0.3619150221347809,
        "1": 0.3605005741119385,
        "2": 0.3552759885787964,
        "3": 0.3545488119125366,
        "4": 0.3413427472114563,
        "5": 0.33835965394973755,
        "6": 0.3378767967224121,
        "7": 0.33586350083351135,
        "8": 0.3206506669521332,
        "9": 0.31998416781425476
    },
    "112": {
        "0": 0.36067086458206177,
        "1": 0.35931044816970825,
        "2": 0.3543057143688202,
        "3": 0.35120758414268494,
        "4": 0.34020760655403137,
        "5": 0.33810749650001526,
        "6": 0.3354484736919403,
        "7": 0.33377790451049805,
        "8": 0.32089313864707947,
        "9": 0.3198372423648834
    },
    "128": {
        "0": 0.24261315166950226,
        "1": 0.2369467169046402,
        "2": 0.23247453570365906,
        "3": 0.23216432332992554,
        "4": 0.23208490014076233,
        "5": 0.22902826964855194,
        "6": 0.22574642300605774,
        "7": 0.2255299836397171,
        "8": 0.22457048296928406,
        "9": 0.2203548550605774
    },
    "144": {
        "0": 0.30258095264434814,
        "1": 0.286965548992157,
        "2": 0.28250935673713684,
        "3": 0.28160279989242554,
        "4": 0.2760741710662842,
        "5": 0.27595454454421997,
        "6": 0.27489885687828064,
        "7": 0.27313393354415894,
        "8": 0.2692084014415741,
        "9": 0.2683984637260437
    },
    "160": {
        "0": 0.30479341745376587,
        "1": 0.2918509840965271,
        "2": 0.29050981998443604,
        "3": 0.289431095123291,
        "4": 0.28253981471061707,
        "5": 0.2789028286933899,
        "6": 0.2719701826572418,
        "7": 0.27075284719467163,
        "8": 0.26933562755584717,
        "9": 0.26836633682250977
    },
    "176": {
        "0": 0.3381167948246002,
        "1": 0.33283188939094543,
        "2": 0.32677406072616577,
        "3": 0.32250121235847473,
        "4": 0.32232967019081116,
        "5": 0.30484864115715027,
        "6": 0.29948318004608154,
        "7": 0.29804104566574097,
        "8": 0.2966817021369934,
        "9": 0.2956567108631134
    },
    "192": {
        "0": 0.3015112578868866,
        "1": 0.2834959626197815,
        "2": 0.25934281945228577,
        "3": 0.2564675509929657,
        "4": 0.2522243559360504,
        "5": 0.24951967597007751,
        "6": 0.24879051744937897,
        "7": 0.24283555150032043,
        "8": 0.24045266211032867,
        "9": 0.2402993142604828
    },
    "208": {
        "0": 0.3070959448814392,
        "1": 0.2909163534641266,
        "2": 0.2844260036945343,
        "3": 0.27829161286354065,
        "4": 0.276583731174469,
        "5": 0.27439558506011963,
        "6": 0.2739260494709015,
        "7": 0.2700316309928894,
        "8": 0.26657912135124207,
        "9": 0.2633112668991089
    },
    "224": {
        "0": 0.28238511085510254,
        "1": 0.277845561504364,
        "2": 0.2770056128501892,
        "3": 0.2753742039203644,
        "4": 0.26520299911499023,
        "5": 0.2633060812950134,
        "6": 0.25951698422431946,
        "7": 0.25810831785202026,
        "8": 0.2576272785663605,
        "9": 0.25488924980163574
    },
    "240": {
        "0": 0.3051844537258148,
        "1": 0.2927163541316986,
        "2": 0.29116979241371155,
        "3": 0.2884639501571655,
        "4": 0.28827354311943054,
        "5": 0.2835794687271118,
        "6": 0.2801620066165924,
        "7": 0.2786988914012909,
        "8": 0.2786540389060974,
        "9": 0.27438125014305115
    },
    "256": {
        "0": 0.27236518263816833,
        "1": 0.25679081678390503,
        "2": 0.25598081946372986,
        "3": 0.25124841928482056,
        "4": 0.2498331218957901,
        "5": 0.24964377284049988,
        "6": 0.24954204261302948,
        "7": 0.24429208040237427,
        "8": 0.2392193228006363,
        "9": 0.23821991682052612
    },
    "272": {
        "0": 0.29518207907676697,
        "1": 0.29290515184402466,
        "2": 0.28788289427757263,
        "3": 0.2847261130809784,
        "4": 0.2805013954639435,
        "5": 0.278020441532135,
        "6": 0.27788758277893066,
        "7": 0.2681013345718384,
        "8": 0.26295986771583557,
        "9": 0.2618054449558258
    },
    "288": {
        "0": 0.2494131624698639,
        "1": 0.24887794256210327,
        "2": 0.24383865296840668,
        "3": 0.2433186024427414,
        "4": 0.24189376831054688,
        "5": 0.24112126231193542,
        "6": 0.24078872799873352,
        "7": 0.2344845086336136,
        "8": 0.2318001687526703,
        "9": 0.22931808233261108
    },
    "304": {
        "0": 0.3465013802051544,
        "1": 0.33457866311073303,
        "2": 0.3179868459701538,
        "3": 0.3120565116405487,
        "4": 0.3111376166343689,
        "5": 0.30939236283302307,
        "6": 0.3081281781196594,
        "7": 0.2944037616252899,
        "8": 0.2931061089038849,
        "9": 0.2913103699684143
    },
    "320": {
        "0": 0.32831287384033203,
        "1": 0.31400951743125916,
        "2": 0.3104112148284912,
        "3": 0.30728769302368164,
        "4": 0.3050394654273987,
        "5": 0.3020094633102417,
        "6": 0.30014604330062866,
        "7": 0.2947516143321991,
        "8": 0.29407691955566406,
        "9": 0.2937728762626648
    },
    "336": {
        "0": 0.32562148571014404,
        "1": 0.3205086290836334,
        "2": 0.311470627784729,
        "3": 0.30792561173439026,
        "4": 0.30696573853492737,
        "5": 0.3042113184928894,
        "6": 0.2939032316207886,
        "7": 0.29311031103134155,
        "8": 0.2922160029411316,
        "9": 0.2911507487297058
    },
    "352": {
        "0": 0.35039636492729187,
        "1": 0.3375128209590912,
        "2": 0.3360530436038971,
        "3": 0.3305293619632721,
        "4": 0.328850120306015,
        "5": 0.3231266736984253,