{
    "0": {
        "0": 0.35693982243537903,
        "1": 0.3552330732345581,
        "2": 0.35485225915908813,
        "3": 0.35458242893218994,
        "4": 0.35376355051994324,
        "5": 0.3535091280937195,
        "6": 0.3528258502483368,
        "7": 0.35212552547454834,
        "8": 0.3509391248226166,
        "9": 0.34691959619522095
    },
    "16": {
        "0": 0.34756022691726685,
        "1": 0.3447684943675995,
        "2": 0.34433022141456604,
        "3": 0.34418195486068726,
        "4": 0.3441162109375,
        "5": 0.34365251660346985,
        "6": 0.34314796328544617,
        "7": 0.3430057168006897,
        "8": 0.33719173073768616,
        "9": 0.33703869581222534
    },
    "32": {
        "0": 0.35012462735176086,
        "1": 0.3471757769584656,
        "2": 0.34669628739356995,
        "3": 0.34640952944755554,
        "4": 0.3463195860385895,
        "5": 0.3461345434188843,
        "6": 0.34588423371315,
        "7": 0.3456781506538391,
        "8": 0.33943960070610046,
        "9": 0.3388822078704834
    },
    "48": {
        "0": 0.3510635197162628,
        "1": 0.3488989770412445,
        "2": 0.3480323255062103,
        "3": 0.3478507399559021,
        "4": 0.3477254807949066,
        "5": 0.34771665930747986,
        "6": 0.3472190201282501,
        "7": 0.34697654843330383,
        "8": 0.3461340069770813,
        "9": 0.3422064483165741
    },
    "64": {
        "0": 0.3530679941177368,
        "1": 0.3511815369129181,
        "2": 0.35037270188331604,
        "3": 0.3501170575618744,
        "4": 0.34984105825424194,
        "5": 0.3497522473335266,
        "6": 0.3494013249874115,
        "7": 0.348617821931839,
        "8": 0.34574031829833984,
        "9": 0.34557780623435974
    },
    "80": {
        "0": 0.3440799117088318,
        "1": 0.3415925204753876,
        "2": 0.3410756289958954,
        "3": 0.34061312675476074,
        "4": 0.3399266302585602,
        "5": 0.3398183286190033,
        "6": 0.33924615383148193,
        "7": 0.33902788162231445,
        "8": 0.3389577567577362,
        "9": 0.33422043919563293
    },
    "96": {
        "0": 0.3455127775669098,
        "1": 0.3429051339626312,
        "2": 0.3403005003929138,
        "3": 0.34028109908103943,
        "4": 0.3400135338306427,
        "5": 0.3397684097290039,
        "6": 0.33951252698898315,
        "7": 0.33946213126182556,
        "8": 0.3385499119758606,
        "9": 0.3351922333240509
    },
    "112": {
        "0": 0.3487640917301178,
        "1": 0.3469023108482361,
        "2": 0.3463076651096344,
        "3": 0.345784991979599,
        "4": 0.34560883045196533,
        "5": 0.3453900218009949,
        "6": 0.34502309560775757,
        "7": 0.3444898724555969,
        "8": 0.340347021818161,
        "9": 0.3378658592700958
    },
    "128": {
        "0": 0.3527337908744812,
        "1": 0.3515053689479828,
        "2": 0.35141658782958984,
        "3": 0.35122859477996826,
        "4": 0.35029682517051697,
        "5": 0.350250244140625,
        "6": 0.3501884341239929,
        "7": 0.3482183814048767,
        "8": 0.34683024883270264,
        "9": 0.34236904978752136
    },
    "144": {
        "0": 0.351250022649765,
        "1": 0.3496531546115875,
        "2": 0.3490203022956848,
        "3": 0.34896335005760193,
        "4": 0.348394513130188,
        "5": 0.347310334444046,
        "6": 0.3470211327075958,
        "7": 0.34687578678131104,
        "8": 0.34636205434799194,
        "9": 0.34463468194007874
    },
    "160": {
        "0": 0.3763556182384491,
        "1": 0.3732970058917999,
        "2": 0.37304481863975525,
        "3": 0.37289634346961975,
        "4": 0.37267738580703735,
        "5": 0.3721896708011627,
        "6": 0.37191376090049744,
        "7": 0.37101247906684875,
        "8": 0.3683582544326782,
        "9": 0.3679375648498535
    },
    "176": {
        "0": 0.36967068910598755,
        "1": 0.3680433928966522,
        "2": 0.36751627922058105,
        "3": 0.36751192808151245,
        "4": 0.3673797845840454,
        "5": 0.3667201101779938,
        "6": 0.36671939492225647,
        "7": 0.3664352297782898,
        "8": 0.3664112687110901,
        "9": 0.36576715111732483
    },
    "192": {
        "0": 0.3839731514453888,
        "1": 0.38210779428482056,
        "2": 0.38189730048179626,
        "3": 0.3817736506462097,
        "4": 0.37918633222579956,
        "5": 0.3791433572769165,
        "6": 0.37906894087791443,
        "7": 0.37897932529449463,
        "8": 0.3789617121219635,
        "9": 0.3789452612400055
    },
    "208": {
        "0": 0.37098556756973267,
        "1": 0.370802640914917,
        "2": 0.3699716031551361,
        "3": 0.36870619654655457,
        "4": 0.36775603890419006,
        "5": 0.36760178208351135,
        "6": 0.36738133430480957,
        "7": 0.36728140711784363,
        "8": 0.36708319187164307,
        "9": 0.36298424005508423
    },
    "224": {
        "0": 0.36747393012046814,
        "1": 0.36645278334617615,
        "2": 0.36620140075683594,
        "3": 0.3660302460193634,
        "4": 0.3658424913883209,
        "5": 0.36561906337738037,
        "6": 0.36553990840911865,
        "7": 0.3638871908187866,
        "8": 0.3612411916255951,
        "9": 0.36092057824134827
    },
    "240": {
        "0": 0.36239367723464966,
        "1": 0.3597075641155243,
        "2": 0.35875314474105835,
        "3": 0.3586169481277466,
        "4": 0.3577406108379364,
        "5": 0.35739773511886597,
        "6": 0.35732799768447876,
        "7": 0.35692307353019714,
        "8": 0.35684698820114136,
        "9": 0.35607680678367615
    },
    "256": {
        "0": 0.3789730966091156,
        "1": 0.3774033188819885,
        "2": 0.37679997086524963,
        "3": 0.37660282850265503,
        "4": 0.3760261833667755,
        "5": 0.37594613432884216,
        "6": 0.37563997507095337,
        "7": 0.37509793043136597,
        "8": 0.37416595220565796,
        "9": 0.37414780259132385
    },
    "272": {
        "0": 0.370504230260849,
        "1": 0.36361396312713623,
        "2": 0.3626663088798523,
        "3": 0.3604608476161957,
        "4": 0.3602215349674225,
        "5": 0.35995179414749146,
        "6": 0.3598076403141022,
        "7": 0.3596809506416321,
        "8": 0.3591839075088501,
        "9": 0.35901957750320435
    },
    "288": {
        "0": 0.37792056798934937,
        "1": 0.376094788312912,
        "2": 0.37579667568206787,
        "3": 0.3756348192691803,
        "4": 0.3754281997680664,
        "5": 0.37530189752578735,
        "6": 0.37501388788223267,
        "7": 0.3749069273471832,
        "8": 0.37467700242996216,
        "9": 0.3742592930793762
    },
    "304": {
        "0": 0.3708212971687317,
        "1": 0.369263231754303,
        "2": 0.3687332272529602,
        "3": 0.3684309124946594,
        "4": 0.3683360517024994,
        "5": 0.36806318163871765,
        "6": 0.3677266240119934,
        "7": 0.36729303002357483,
        "8": 0.36724621057510376,
        "9": 0.36724233627319336
    },
    "320": {
        "0": 0.3723222315311432,
        "1": 0.36991435289382935,
        "2": 0.3687993884086609,
        "3": 0.3685513734817505,
        "4": 0.3684940040111542,
        "5": 0.3677859604358673,
        "6": 0.36749106645584106,
        "7": 0.3673970699310303,
        "8": 0.3671758770942688,
        "9": 0.3655582070350647
    },
    "336": {
        "0": 0.35922080278396606,
        "1": 0.3528188467025757,
        "2": 0.3502030372619629,
        "3": 0.3497579097747803,
        "4": 0.3491159677505493,
        "5": 0.34905603528022766,
        "6": 0.3486796021461487,
        "7": 0.34816673398017883,
        "8": 0.34768199920654297,
        "9": 0.34762540459632874
    },
    "352": {
        "0": 0.3663565516471863,
        "1": 0.35967135429382324,
        "2": 0.35819879174232483,
        "3": 0.35559317469596863,
        "4": 0.3550601005554199,
        "5": 0.35449790954589844,