{
    "0": {
        "0": 0.39680925011634827,
        "1": 0.39082714915275574,
        "2": 0.3875409960746765,
        "3": 0.3874088227748871,
        "4": 0.3868144750595093,
        "5": 0.38313645124435425,
        "6": 0.37773963809013367,
        "7": 0.37772735953330994,
        "8": 0.3772137761116028,
        "9": 0.376058429479599
    },
    "16": {
        "0": 0.39981964230537415,
        "1": 0.399419903755188,
        "2": 0.3983554244041443,
        "3": 0.3964298367500305,
        "4": 0.3936460614204407,
        "5": 0.39018237590789795,
        "6": 0.38563475012779236,
        "7": 0.3845294117927551,
        "8": 0.38251423835754395,
        "9": 0.3821595311164856
    },
    "32": {
        "0": 0.36996784806251526,
        "1": 0.3664821684360504,
        "2": 0.3635598421096802,
        "3": 0.3611293435096741,
        "4": 0.36026692390441895,
        "5": 0.3592155873775482,
        "6": 0.3572448492050171,
        "7": 0.35695740580558777,
        "8": 0.3558318316936493,
        "9": 0.35315388441085815
    },
    "48": {
        "0": 0.3898181617259979,
        "1": 0.3885427415370941,
        "2": 0.3847268521785736,
        "3": 0.38456273078918457,
        "4": 0.3840375542640686,
        "5": 0.3798058331012726,
        "6": 0.37640181183815,
        "7": 0.3757299482822418,
        "8": 0.37435173988342285,
        "9": 0.37431812286376953
    },
    "64": {
        "0": 0.3928763270378113,
        "1": 0.38998761773109436,
        "2": 0.38486820459365845,
        "3": 0.38343745470046997,
        "4": 0.38181859254837036,
        "5": 0.3813703656196594,
        "6": 0.38084813952445984,
        "7": 0.37887024879455566,
        "8": 0.37756866216659546,
        "9": 0.3768281042575836
    },
    "80": {
        "0": 0.39594605565071106,
        "1": 0.38973280787467957,
        "2": 0.38934528827667236,
        "3": 0.38653552532196045,
        "4": 0.38572847843170166,
        "5": 0.3811567425727844,
        "6": 0.37968507409095764,
        "7": 0.3790757656097412,
        "8": 0.3779958486557007,
        "9": 0.3775470554828644
    },
    "96": {
        "0": 0.3956032395362854,
        "1": 0.3952949643135071,
        "2": 0.39438939094543457,
        "3": 0.3924775719642639,
        "4": 0.3909207880496979,
        "5": 0.38640764355659485,
        "6": 0.38340434432029724,
        "7": 0.38242438435554504,
        "8": 0.3819025754928589,
        "9": 0.3791573941707611
    },
    "112": {
        "0": 0.3976205587387085,
        "1": 0.3931216895580292,
        "2": 0.39009568095207214,
        "3": 0.3897882103919983,
        "4": 0.3892413079738617,
        "5": 0.38546499609947205,
        "6": 0.3802981972694397,
        "7": 0.37959417700767517,
        "8": 0.37811776995658875,
        "9": 0.3780970573425293
    },
    "128": {
        "0": 0.43352779746055603,
        "1": 0.427198201417923,
        "2": 0.42483535408973694,
        "3": 0.4246618151664734,
        "4": 0.4245203733444214,
        "5": 0.4220716655254364,
        "6": 0.42128995060920715,
        "7": 0.41978490352630615,
        "8": 0.41731107234954834,
        "9": 0.41590774059295654
    },
    "144": {
        "0": 0.4399758577346802,
        "1": 0.43992945551872253,
        "2": 0.4398003816604614,
        "3": 0.43847110867500305,
        "4": 0.4346487522125244,
        "5": 0.4301808476448059,
        "6": 0.42884641885757446,
        "7": 0.42639607191085815,
        "8": 0.4253263473510742,
        "9": 0.4242347478866577
    },
    "160": {
        "0": 0.36731797456741333,
        "1": 0.36604154109954834,
        "2": 0.36265891790390015,
        "3": 0.3592674434185028,
        "4": 0.3590066432952881,
        "5": 0.35709771513938904,
        "6": 0.3565545976161957,
        "7": 0.35520556569099426,
        "8": 0.35277050733566284,
        "9": 0.3489646911621094
    },
    "176": {
        "0": 0.4272249937057495,
        "1": 0.42255499958992004,
        "2": 0.4204708933830261,
        "3": 0.4195595979690552,
        "4": 0.41912978887557983,
        "5": 0.4177863597869873,
        "6": 0.41701459884643555,
        "7": 0.41701430082321167,
        "8": 0.41690367460250854,
        "9": 0.41670048236846924
    },
    "192": {
        "0": 0.4185751974582672,
        "1": 0.4118747115135193,
        "2": 0.4109264314174652,
        "3": 0.40953221917152405,
        "4": 0.40657442808151245,
        "5": 0.4051177501678467,
        "6": 0.404483437538147,
        "7": 0.4041416049003601,
        "8": 0.4041203260421753,
        "9": 0.4025367200374603
    },
    "208": {
        "0": 0.427348792552948,
        "1": 0.42594730854034424,
        "2": 0.42480358481407166,
        "3": 0.4245831072330475,
        "4": 0.42356932163238525,
        "5": 0.4224381148815155,
        "6": 0.4223330318927765,
        "7": 0.42068231105804443,
        "8": 0.42061448097229004,
        "9": 0.41963568329811096
    },
    "224": {
        "0": 0.41582196950912476,
        "1": 0.41538092494010925,
        "2": 0.41436994075775146,
        "3": 0.4085552394390106,
        "4": 0.4063739776611328,
        "5": 0.4063112735748291,
        "6": 0.40626150369644165,
        "7": 0.4027753174304962,
        "8": 0.40199998021125793,
        "9": 0.4017426073551178
    },
    "240": {
        "0": 0.37581613659858704,
        "1": 0.3753969967365265,
        "2": 0.37117186188697815,
        "3": 0.36904656887054443,
        "4": 0.3684064745903015,
        "5": 0.3673439621925354,
        "6": 0.366741418838501,
        "7": 0.36400097608566284,
        "8": 0.3632436990737915,
        "9": 0.3571055233478546
    },
    "256": {
        "0": 0.43495962023735046,
        "1": 0.4343404471874237,
        "2": 0.43390220403671265,
        "3": 0.43113383650779724,
        "4": 0.4289930760860443,
        "5": 0.4264000356197357,
        "6": 0.4251255989074707,
        "7": 0.42507684230804443,
        "8": 0.42484748363494873,
        "9": 0.4243783950805664
    },
    "272": {
        "0": 0.4048350155353546,
        "1": 0.3976140320301056,
        "2": 0.39679044485092163,
        "3": 0.3964632749557495,
        "4": 0.3950619399547577,
        "5": 0.3946751654148102,
        "6": 0.39329230785369873,
        "7": 0.3932752013206482,
        "8": 0.39289283752441406,
        "9": 0.39146536588668823
    },
    "288": {
        "0": 0.4321250915527344,
        "1": 0.4298415184020996,
        "2": 0.42703306674957275,
        "3": 0.4221908450126648,
        "4": 0.4164223372936249,
        "5": 0.4121515452861786,
        "6": 0.4084208309650421,
        "7": 0.4053303301334381,
        "8": 0.40384531021118164,
        "9": 0.4034329950809479
    },
    "304": {
        "0": 0.39328357577323914,
        "1": 0.38838720321655273,
        "2": 0.3782915472984314,
        "3": 0.3707848787307739,
        "4": 0.3707137107849121,
        "5": 0.3694450855255127,
        "6": 0.3651435375213623,
        "7": 0.3647928833961487,
        "8": 0.3622923493385315,
        "9": 0.3618844449520111
    },
    "320": {
        "0": 0.43487733602523804,
        "1": 0.434349000453949,
        "2": 0.4204712212085724,
        "3": 0.4160878658294678,
        "4": 0.41013774275779724,
        "5": 0.4070756435394287,
        "6": 0.4070575535297394,
        "7": 0.4058838486671448,
        "8": 0.40538063645362854,
        "9": 0.4044705927371979
    },
    "336": {
        "0": 0.4232639670372009,
        "1": 0.4224354028701782,
        "2": 0.4105929136276245,
        "3": 0.4011742174625397,
        "4": 0.3981921672821045,
        "5": 0.3979106545448303,
        "6": 0.3962215185165405,
        "7": 0.3930836021900177,
        "8": 0.3926098942756653,
        "9": 0.392530620098114
    },
    "352": {
        "0": 0.42461252212524414,
        "1": 0.42168936133384705,
        "2": 0.4192599952220917,
        "3": 0.41713204979896545,
        "4": 0.4090307354927063,
        "5": 0.4087684750556946,