{
    "0": {
        "0": 0.33500730991363525,
        "1": 0.32656610012054443,
        "2": 0.3241233825683594,
        "3": 0.3206513524055481,
        "4": 0.3175835907459259,
        "5": 0.3140660524368286,
        "6": 0.3129158616065979,
        "7": 0.3125349283218384,
        "8": 0.3114077150821686,
        "9": 0.30837464332580566
    },
    "16": {
        "0": 0.33371394872665405,
        "1": 0.3261314034461975,
        "2": 0.32568690180778503,
        "3": 0.32471445202827454,
        "4": 0.32313117384910583,
        "5": 0.3230406641960144,
        "6": 0.32130759954452515,
        "7": 0.3199005722999573,
        "8": 0.31584545969963074,
        "9": 0.3138372302055359
    },
    "32": {
        "0": 0.3342871367931366,
        "1": 0.32543882727622986,
        "2": 0.3253459930419922,
        "3": 0.32484468817710876,
        "4": 0.32230156660079956,
        "5": 0.31927138566970825,
        "6": 0.3168841302394867,
        "7": 0.31320032477378845,
        "8": 0.3108653426170349,
        "9": 0.30808091163635254
    },
    "48": {
        "0": 0.3589450418949127,
        "1": 0.34720054268836975,
        "2": 0.34594884514808655,
        "3": 0.34327831864356995,
        "4": 0.3410620391368866,
        "5": 0.3380500376224518,
        "6": 0.33800458908081055,
        "7": 0.33477017283439636,
        "8": 0.3266482651233673,
        "9": 0.32556256651878357
    },
    "64": {
        "0": 0.36406418681144714,
        "1": 0.3555596172809601,
        "2": 0.35179603099823,
        "3": 0.34958332777023315,
        "4": 0.347622275352478,
        "5": 0.3457362651824951,
        "6": 0.3454935550689697,
        "7": 0.34143802523612976,
        "8": 0.3353238105773926,
        "9": 0.33202022314071655
    },
    "80": {
        "0": 0.35860133171081543,
        "1": 0.34500423073768616,
        "2": 0.34338486194610596,
        "3": 0.3433644771575928,
        "4": 0.3426249623298645,
        "5": 0.34182289242744446,
        "6": 0.3409794270992279,
        "7": 0.333308607339859,
        "8": 0.32754552364349365,
        "9": 0.32708069682121277
    },
    "96": {
        "0": 0.3736381232738495,
        "1": 0.35784029960632324,
        "2": 0.35756608843803406,
        "3": 0.3569302558898926,
        "4": 0.35110607743263245,
        "5": 0.3485408127307892,
        "6": 0.3459013104438782,
        "7": 0.3433329463005066,
        "8": 0.3388229310512543,
        "9": 0.3345988094806671
    },
    "112": {
        "0": 0.35561424493789673,
        "1": 0.34338411688804626,
        "2": 0.33976060152053833,
        "3": 0.33845919370651245,
        "4": 0.3377263844013214,
        "5": 0.33759990334510803,
        "6": 0.3374013602733612,
        "7": 0.32642698287963867,
        "8": 0.3259464502334595,
        "9": 0.32466480135917664
    },
    "128": {
        "0": 0.35875043272972107,
        "1": 0.34622108936309814,
        "2": 0.3450925052165985,
        "3": 0.3397068381309509,
        "4": 0.3392108678817749,
        "5": 0.33901500701904297,
        "6": 0.3312033712863922,
        "7": 0.32537102699279785,
        "8": 0.323602557182312,
        "9": 0.3192543387413025
    },
    "144": {
        "0": 0.39500245451927185,
        "1": 0.39171290397644043,
        "2": 0.3872267007827759,
        "3": 0.38024887442588806,
        "4": 0.37699034810066223,
        "5": 0.37537673115730286,
        "6": 0.3712105453014374,
        "7": 0.37077635526657104,
        "8": 0.3692106604576111,
        "9": 0.36882326006889343
    },
    "160": {
        "0": 0.42256632447242737,
        "1": 0.4221116304397583,
        "2": 0.41298916935920715,
        "3": 0.40036746859550476,
        "4": 0.3992506265640259,
        "5": 0.39673465490341187,
        "6": 0.39558467268943787,
        "7": 0.3945538103580475,
        "8": 0.39290744066238403,
        "9": 0.3922332525253296
    },
    "176": {
        "0": 0.41943976283073425,
        "1": 0.41588088870048523,
        "2": 0.4100770950317383,
        "3": 0.39156848192214966,
        "4": 0.3890005946159363,
        "5": 0.3875078856945038,
        "6": 0.3874605894088745,
        "7": 0.3858028054237366,
        "8": 0.38549384474754333,
        "9": 0.3846319913864136
    },
    "192": {
        "0": 0.418272465467453,
        "1": 0.4153996407985687,
        "2": 0.4099513292312622,
        "3": 0.39220502972602844,
        "4": 0.3885568678379059,
        "5": 0.3880256414413452,
        "6": 0.3875006437301636,
        "7": 0.3867357075214386,
        "8": 0.38654008507728577,
        "9": 0.3863242566585541
    },
    "208": {
        "0": 0.340282142162323,
        "1": 0.3371715545654297,
        "2": 0.32393383979797363,
        "3": 0.32226142287254333,
        "4": 0.3196423351764679,
        "5": 0.31330373883247375,
        "6": 0.3038265109062195,
        "7": 0.29673677682876587,
        "8": 0.29544657468795776,
        "9": 0.29429322481155396
    },
    "224": {
        "0": 0.3387517035007477,
        "1": 0.33591434359550476,
        "2": 0.33572399616241455,
        "3": 0.3341716527938843,
        "4": 0.3298109471797943,
        "5": 0.32676416635513306,
        "6": 0.3186698853969574,
        "7": 0.30821293592453003,
        "8": 0.3051617741584778,
        "9": 0.3002167344093323
    },
    "240": {
        "0": 0.34322914481163025,
        "1": 0.33147844672203064,
        "2": 0.33147522807121277,
        "3": 0.32929807901382446,
        "4": 0.3277090787887573,
        "5": 0.32457098364830017,
        "6": 0.32420778274536133,
        "7": 0.32224568724632263,
        "8": 0.3214547336101532,
        "9": 0.3138095736503601
    },
    "256": {
        "0": 0.3472801446914673,
        "1": 0.3407418131828308,
        "2": 0.33780330419540405,
        "3": 0.33670762181282043,
        "4": 0.3360990583896637,
        "5": 0.3360254168510437,
        "6": 0.32958880066871643,
        "7": 0.3253852128982544,
        "8": 0.32213130593299866,
        "9": 0.3178132176399231
    },
    "272": {
        "0": 0.3446452021598816,
        "1": 0.34010303020477295,
        "2": 0.33527976274490356,
        "3": 0.33412519097328186,
        "4": 0.33313626050949097,
        "5": 0.33168667554855347,
        "6": 0.3266184628009796,
        "7": 0.32339948415756226,
        "8": 0.3178459107875824,
        "9": 0.3154892921447754
    },
    "288": {
        "0": 0.35436320304870605,
        "1": 0.3462199866771698,
        "2": 0.3410385549068451,
        "3": 0.3408127427101135,
        "4": 0.3403627276420593,
        "5": 0.3402766287326813,
        "6": 0.3360198140144348,
        "7": 0.3356325030326843,
        "8": 0.330105721950531,
        "9": 0.32754549384117126
    },
    "304": {
        "0": 0.3601846992969513,
        "1": 0.3508542776107788,
        "2": 0.34555742144584656,
        "3": 0.34399616718292236,
        "4": 0.3436957597732544,
        "5": 0.34340420365333557,
        "6": 0.3382124602794647,
        "7": 0.3345258831977844,
        "8": 0.3306412696838379,
        "9": 0.3274715542793274
    },
    "320": {
        "0": 0.3529612123966217,
        "1": 0.34738126397132874,
        "2": 0.3438674211502075,
        "3": 0.34370604157447815,
        "4": 0.34044960141181946,
        "5": 0.3399381637573242,
        "6": 0.3348709046840668,
        "7": 0.33405566215515137,
        "8": 0.33150768280029297,
        "9": 0.3256371319293976
    },
    "336": {
        "0": 0.36626631021499634,
        "1": 0.3526383936405182,
        "2": 0.34943127632141113,
        "3": 0.3484236001968384,
        "4": 0.3463814854621887,
        "5": 0.34624195098876953,
        "6": 0.3447438180446625,
        "7": 0.3429332375526428,
        "8": 0.33995363116264343,
        "9": 0.33879736065864563
    },
    "352": {
        "0": 0.3566592037677765,
        "1": 0.34755489230155945,
        "2": 0.34256383776664734,
        "3": 0.34142419695854187,
        "4": 0.3412136137485504,
        "5": 0.33841368556022644,