{
    "0": {
        "0": 0.3382013440132141,
        "1": 0.32823750376701355,
        "2": 0.3263969123363495,
        "3": 0.32182440161705017,
        "4": 0.320507675409317,
        "5": 0.3158116936683655,
        "6": 0.31511759757995605,
        "7": 0.3128345310688019,
        "8": 0.311587393283844,
        "9": 0.30896323919296265
    },
    "16": {
        "0": 0.34449896216392517,
        "1": 0.3394334316253662,
        "2": 0.3232467770576477,
        "3": 0.30577513575553894,
        "4": 0.3048754334449768,
        "5": 0.29923850297927856,
        "6": 0.29915663599967957,
        "7": 0.2989126443862915,
        "8": 0.2975788712501526,
        "9": 0.2935660183429718
    },
    "32": {
        "0": 0.38126009702682495,
        "1": 0.3565813899040222,
        "2": 0.355821430683136,
        "3": 0.3471139371395111,
        "4": 0.34668317437171936,
        "5": 0.3458358943462372,
        "6": 0.34423866868019104,
        "7": 0.3411644399166107,
        "8": 0.3396645784378052,
        "9": 0.33951354026794434
    },
    "48": {
        "0": 0.3574027717113495,
        "1": 0.3434865474700928,
        "2": 0.3332325518131256,
        "3": 0.3293294906616211,
        "4": 0.32398852705955505,
        "5": 0.3202313482761383,
        "6": 0.31776392459869385,
        "7": 0.31381601095199585,
        "8": 0.3077515959739685,
        "9": 0.30626681447029114
    },
    "64": {
        "0": 0.3581151068210602,
        "1": 0.3494260609149933,
        "2": 0.34554287791252136,
        "3": 0.33690521121025085,
        "4": 0.3352939784526825,
        "5": 0.3283100724220276,
        "6": 0.3268982172012329,
        "7": 0.32681840658187866,
        "8": 0.32339760661125183,
        "9": 0.3231542706489563
    },
    "80": {
        "0": 0.36393657326698303,
        "1": 0.3496294319629669,
        "2": 0.34759610891342163,
        "3": 0.3449634909629822,
        "4": 0.338900625705719,
        "5": 0.3328099846839905,
        "6": 0.326578289270401,
        "7": 0.32646632194519043,
        "8": 0.32504159212112427,
        "9": 0.3249218761920929
    },
    "96": {
        "0": 0.3710782825946808,
        "1": 0.36095017194747925,
        "2": 0.3468458950519562,
        "3": 0.34258267283439636,
        "4": 0.34238845109939575,
        "5": 0.3382233679294586,
        "6": 0.33711332082748413,
        "7": 0.3338348865509033,
        "8": 0.3334048390388489,
        "9": 0.332893431186676
    },
    "112": {
        "0": 0.36833101511001587,
        "1": 0.3524988293647766,
        "2": 0.3522150218486786,
        "3": 0.3465629816055298,
        "4": 0.3450680077075958,
        "5": 0.33568957448005676,
        "6": 0.3327781558036804,
        "7": 0.3272086977958679,
        "8": 0.32485637068748474,
        "9": 0.3190367817878723
    },
    "128": {
        "0": 0.3710086941719055,
        "1": 0.3678428530693054,
        "2": 0.3603152930736542,
        "3": 0.33635368943214417,
        "4": 0.33566367626190186,
        "5": 0.33489152789115906,
        "6": 0.3303285539150238,
        "7": 0.32981398701667786,
        "8": 0.3269520401954651,
        "9": 0.3230642080307007
    },
    "144": {
        "0": 0.38179811835289,
        "1": 0.36393067240715027,
        "2": 0.3560481667518616,
        "3": 0.3517999053001404,
        "4": 0.3503076434135437,
        "5": 0.3466300368309021,
        "6": 0.34136685729026794,
        "7": 0.34063661098480225,
        "8": 0.33980560302734375,
        "9": 0.3392772674560547
    },
    "160": {
        "0": 0.3686237931251526,
        "1": 0.3500811755657196,
        "2": 0.34277161955833435,
        "3": 0.34105557203292847,
        "4": 0.3333956301212311,
        "5": 0.3230603337287903,
        "6": 0.3219611644744873,
        "7": 0.3160310685634613,
        "8": 0.31582704186439514,
        "9": 0.3135477602481842
    },
    "176": {
        "0": 0.3543729782104492,
        "1": 0.3388383984565735,
        "2": 0.3322717845439911,
        "3": 0.32727354764938354,
        "4": 0.3259328305721283,
        "5": 0.325580358505249,
        "6": 0.3185831308364868,
        "7": 0.31830766797065735,
        "8": 0.3142886757850647,
        "9": 0.3106711506843567
    },
    "192": {
        "0": 0.36252710223197937,
        "1": 0.3361336886882782,
        "2": 0.33520445227622986,
        "3": 0.3346451222896576,
        "4": 0.33404427766799927,
        "5": 0.3331381380558014,
        "6": 0.3282042443752289,
        "7": 0.32698294520378113,
        "8": 0.32687854766845703,
        "9": 0.32600563764572144
    },
    "208": {
        "0": 0.37061160802841187,
        "1": 0.3676829934120178,
        "2": 0.3542391359806061,
        "3": 0.34270673990249634,
        "4": 0.339061975479126,
        "5": 0.3301430940628052,
        "6": 0.3288818299770355,
        "7": 0.32498568296432495,
        "8": 0.3228457272052765,
        "9": 0.31928080320358276
    },
    "224": {
        "0": 0.3584674298763275,
        "1": 0.3410262167453766,
        "2": 0.33489179611206055,
        "3": 0.33368372917175293,
        "4": 0.33023449778556824,
        "5": 0.32121556997299194,
        "6": 0.3207109570503235,
        "7": 0.31285974383354187,
        "8": 0.3127722144126892,
        "9": 0.31006839871406555
    },
    "240": {
        "0": 0.32770296931266785,
        "1": 0.3098851144313812,
        "2": 0.3018621504306793,
        "3": 0.29773440957069397,
        "4": 0.296771764755249,
        "5": 0.2873929738998413,
        "6": 0.28660550713539124,
        "7": 0.286073237657547,
        "8": 0.2798437178134918,
        "9": 0.2755666971206665
    },
    "256": {
        "0": 0.33287572860717773,
        "1": 0.31577208638191223,
        "2": 0.31078848242759705,
        "3": 0.30380403995513916,
        "4": 0.30226969718933105,
        "5": 0.29073649644851685,
        "6": 0.2905071973800659,
        "7": 0.27922606468200684,
        "8": 0.27789515256881714,
        "9": 0.27325639128685
    },
    "272": {
        "0": 0.3188824951648712,
        "1": 0.31434711813926697,
        "2": 0.3123466670513153,
        "3": 0.3117915093898773,
        "4": 0.3101903796195984,
        "5": 0.2970171570777893,
        "6": 0.294302374124527,
        "7": 0.29272180795669556,
        "8": 0.29231858253479004,
        "9": 0.2901405096054077
    },
    "288": {
        "0": 0.28791752457618713,
        "1": 0.2561725974082947,
        "2": 0.23144203424453735,
        "3": 0.22926704585552216,
        "4": 0.2253178507089615,
        "5": 0.22475425899028778,
        "6": 0.2243768870830536,
        "7": 0.21416209638118744,
        "8": 0.20970085263252258,
        "9": 0.20933938026428223
    },
    "304": {
        "0": 0.3622603118419647,
        "1": 0.35241347551345825,
        "2": 0.3522051274776459,
        "3": 0.34825536608695984,
        "4": 0.3360733985900879,
        "5": 0.3326367735862732,
        "6": 0.32945698499679565,
        "7": 0.25896620750427246,
        "8": 0.2571658194065094,
        "9": 0.2558634579181671
    },
    "320": {
        "0": 0.3699473738670349,
        "1": 0.3694555461406708,
        "2": 0.36485573649406433,
        "3": 0.36322033405303955,
        "4": 0.34903067350387573,
        "5": 0.3472289443016052,
        "6": 0.3407737612724304,
        "7": 0.26172783970832825,
        "8": 0.25578799843788147,
        "9": 0.24968530237674713
    },
    "336": {
        "0": 0.3160349428653717,
        "1": 0.3159828782081604,
        "2": 0.30629849433898926,
        "3": 0.3032686710357666,
        "4": 0.2950310707092285,
        "5": 0.2828955352306366,
        "6": 0.28051573038101196,
        "7": 0.2638119161128998,
        "8": 0.26358792185783386,
        "9": 0.2622356116771698
    },
    "352": {
        "0": 0.3353610634803772,
        "1": 0.329231858253479,
        "2": 0.32180875539779663,
        "3": 0.32173362374305725,
        "4": 0.31653159856796265,
        "5": 0.30583909153938293,
        "6": 0.299264520406723,