{
    "0": {
        "0": 0.38516557216644287,
        "1": 0.3627546429634094,
        "2": 0.3555030822753906,
        "3": 0.3554951846599579,
        "4": 0.35491615533828735,
        "5": 0.3492797315120697,
        "6": 0.34807461500167847,
        "7": 0.3403952419757843,
        "8": 0.3391382396221161,
        "9": 0.33421456813812256
    },
    "16": {
        "0": 0.38808149099349976,
        "1": 0.36836639046669006,
        "2": 0.361587256193161,
        "3": 0.36128687858581543,
        "4": 0.36039382219314575,
        "5": 0.3585941195487976,
        "6": 0.3563086688518524,
        "7": 0.34686505794525146,
        "8": 0.3465251922607422,
        "9": 0.3413144648075104
    },
    "32": {
        "0": 0.3881620764732361,
        "1": 0.3713194727897644,
        "2": 0.3690780997276306,
        "3": 0.3658178448677063,
        "4": 0.36509382724761963,
        "5": 0.35976970195770264,
        "6": 0.35908523201942444,
        "7": 0.3505738377571106,
        "8": 0.3485816717147827,
        "9": 0.3474508821964264
    },
    "48": {
        "0": 0.39627429842948914,
        "1": 0.3907628357410431,
        "2": 0.38866573572158813,
        "3": 0.38214975595474243,
        "4": 0.380134254693985,
        "5": 0.3780290186405182,
        "6": 0.37712961435317993,
        "7": 0.37619125843048096,
        "8": 0.3692358434200287,
        "9": 0.3676065504550934
    },
    "64": {
        "0": 0.34485581517219543,
        "1": 0.3387767970561981,
        "2": 0.3346696197986603,
        "3": 0.3297104835510254,
        "4": 0.32650643587112427,
        "5": 0.321353018283844,
        "6": 0.32125523686408997,
        "7": 0.3196990191936493,
        "8": 0.31672051548957825,
        "9": 0.31510889530181885
    },
    "80": {
        "0": 0.3627498745918274,
        "1": 0.3601531386375427,
        "2": 0.3569350242614746,
        "3": 0.35075950622558594,
        "4": 0.3506615161895752,
        "5": 0.3476508855819702,
        "6": 0.34658104181289673,
        "7": 0.3453819751739502,
        "8": 0.3452456295490265,
        "9": 0.34148141741752625
    },
    "96": {
        "0": 0.3996632397174835,
        "1": 0.3815905749797821,
        "2": 0.3793265223503113,
        "3": 0.3775111138820648,
        "4": 0.3746054470539093,
        "5": 0.3732856512069702,
        "6": 0.362980455160141,
        "7": 0.36255785822868347,
        "8": 0.36137744784355164,
        "9": 0.36059287190437317
    },
    "112": {
        "0": 0.38548094034194946,
        "1": 0.3827424943447113,
        "2": 0.3807917535305023,
        "3": 0.37215104699134827,
        "4": 0.36796218156814575,
        "5": 0.36698469519615173,
        "6": 0.36135944724082947,
        "7": 0.361184298992157,
        "8": 0.35955482721328735,
        "9": 0.35729530453681946
    },
    "128": {
        "0": 0.3727009892463684,
        "1": 0.37068498134613037,
        "2": 0.3674362599849701,
        "3": 0.3576395809650421,
        "4": 0.3571099042892456,
        "5": 0.35692521929740906,
        "6": 0.35487955808639526,
        "7": 0.35062235593795776,
        "8": 0.3503929078578949,
        "9": 0.3502136468887329
    },
    "144": {
        "0": 0.41962170600891113,
        "1": 0.4148353934288025,
        "2": 0.40711456537246704,
        "3": 0.4065991938114166,
        "4": 0.4051060676574707,
        "5": 0.40450143814086914,
        "6": 0.4030804932117462,
        "7": 0.3979610204696655,
        "8": 0.39615339040756226,
        "9": 0.3957406282424927
    },
    "160": {
        "0": 0.38827061653137207,
        "1": 0.3856518566608429,
        "2": 0.37915992736816406,
        "3": 0.3729317784309387,
        "4": 0.36944305896759033,
        "5": 0.36892974376678467,
        "6": 0.36830711364746094,
        "7": 0.3674096167087555,
        "8": 0.366044282913208,
        "9": 0.3636322319507599
    },
    "176": {
        "0": 0.35052481293678284,
        "1": 0.34700077772140503,
        "2": 0.34289783239364624,
        "3": 0.3342536985874176,
        "4": 0.3336997628211975,
        "5": 0.3319813013076782,
        "6": 0.33124199509620667,
        "7": 0.329397588968277,
        "8": 0.32857751846313477,
        "9": 0.3282979726791382
    },
    "192": {
        "0": 0.39877939224243164,
        "1": 0.3926101624965668,
        "2": 0.38982242345809937,
        "3": 0.3843842148780823,
        "4": 0.3810851573944092,
        "5": 0.38093283772468567,
        "6": 0.3775467574596405,
        "7": 0.37607333064079285,
        "8": 0.3740125298500061,
        "9": 0.3722715377807617
    },
    "208": {
        "0": 0.3904821574687958,
        "1": 0.38291674852371216,
        "2": 0.38275641202926636,
        "3": 0.3812240958213806,
        "4": 0.3805373013019562,
        "5": 0.37844470143318176,
        "6": 0.37510058283805847,
        "7": 0.3735865652561188,
        "8": 0.37103793025016785,
        "9": 0.3664064109325409
    },
    "224": {
        "0": 0.41322988271713257,
        "1": 0.41258880496025085,
        "2": 0.41153889894485474,
        "3": 0.40650880336761475,
        "4": 0.4041902422904968,
        "5": 0.403134822845459,
        "6": 0.40190067887306213,
        "7": 0.40120646357536316,
        "8": 0.3990333676338196,
        "9": 0.39534586668014526
    },
    "240": {
        "0": 0.41032320261001587,
        "1": 0.40942075848579407,
        "2": 0.40846341848373413,
        "3": 0.4070664048194885,
        "4": 0.40633106231689453,
        "5": 0.3956822156906128,
        "6": 0.3942081928253174,
        "7": 0.39304694533348083,
        "8": 0.3914340138435364,
        "9": 0.38885775208473206
    },
    "256": {
        "0": 0.33284640312194824,
        "1": 0.33082860708236694,
        "2": 0.32850557565689087,
        "3": 0.3247881531715393,
        "4": 0.30831772089004517,
        "5": 0.30711257457733154,
        "6": 0.3062984347343445,
        "7": 0.303117960691452,
        "8": 0.3025262951850891,
        "9": 0.2993665635585785
    },
    "272": {
        "0": 0.3992394804954529,
        "1": 0.3850114047527313,
        "2": 0.374323308467865,
        "3": 0.37161049246788025,
        "4": 0.37149104475975037,
        "5": 0.3709154725074768,
        "6": 0.36939021944999695,
        "7": 0.36870110034942627,
        "8": 0.36377668380737305,
        "9": 0.36159589886665344
    },
    "288": {
        "0": 0.4045073688030243,
        "1": 0.3843279480934143,
        "2": 0.38042283058166504,
        "3": 0.3762011229991913,
        "4": 0.37509626150131226,
        "5": 0.3740409016609192,
        "6": 0.36937007308006287,
        "7": 0.3686100244522095,
        "8": 0.35906362533569336,
        "9": 0.3270680010318756
    },
    "304": {
        "0": 0.38175463676452637,
        "1": 0.37004169821739197,
        "2": 0.36702680587768555,
        "3": 0.367022305727005,
        "4": 0.3565831184387207,
        "5": 0.35586798191070557,
        "6": 0.35558220744132996,
        "7": 0.3531295955181122,
        "8": 0.345857709646225,
        "9": 0.3248438239097595
    },
    "320": {
        "0": 0.35697609186172485,
        "1": 0.35639509558677673,
        "2": 0.3505641520023346,
        "3": 0.34785452485084534,
        "4": 0.3344963490962982,
        "5": 0.3325304090976715,
        "6": 0.33182764053344727,
        "7": 0.32806310057640076,
        "8": 0.3252579867839813,
        "9": 0.3219694495201111
    },
    "336": {
        "0": 0.379282683134079,
        "1": 0.371921181678772,
        "2": 0.3684498071670532,
        "3": 0.36830076575279236,
        "4": 0.3674369156360626,
        "5": 0.3669683635234833,
        "6": 0.3623422682285309,
        "7": 0.3608292043209076,
        "8": 0.36063939332962036,
        "9": 0.35979917645454407
    },
    "352": {
        "0": 0.3821173310279846,
        "1": 0.3736044466495514,
        "2": 0.37096551060676575,
        "3": 0.3637502193450928,
        "4": 0.36297234892845154,
        "5": 0.3618653118610382,